App,Category,Rating,Reviews,Size,Installs,Type,Price,Content Rating,Genres,Last Updated,Current Ver,Android Ver,Country
Photo Editor & Candy Camera & Grid & ScrapBook,ART_AND_DESIGN,4.1,159,19M,"10,000+",Free,0,Everyone,Art & Design,"January 7, 2018",1.0.0,4.0.3 and up,United States
Coloring book moana,ART_AND_DESIGN,3.9,967,14M,"500,000+",Free,0,Everyone,Art & Design;Pretend Play,"January 15, 2018",2.0.0,4.0.3 and up,United States
"U Launcher Lite – FREE Live Cool Themes, Hide Apps",ART_AND_DESIGN,4.7,87510,8.7M,"5,000,000+",Free,0,Everyone,Art & Design,"August 1, 2018",1.2.4,4.0.3 and up,United States
Sketch - Draw & Paint,ART_AND_DESIGN,4.5,215644,25M,"50,000,000+",Free,0,Teen,Art & Design,"June 8, 2018",Varies with device,4.2 and up,United States
Pixel Draw - Number Art Coloring Book,ART_AND_DESIGN,4.3,967,2.8M,"100,000+",Free,0,Everyone,Art & Design;Creativity,"June 20, 2018",1.1,4.4 and up,United States
Paper flowers instructions,ART_AND_DESIGN,4.4,167,5.6M,"50,000+",Free,0,Everyone,Art & Design,"March 26, 2017",1.0,2.3 and up,United States
Smoke Effect Photo Maker - Smoke Editor,ART_AND_DESIGN,3.8,178,19M,"50,000+",Free,0,Everyone,Art & Design,"April 26, 2018",1.1,4.0.3 and up,United States
Infinite Painter,ART_AND_DESIGN,4.1,36815,29M,"1,000,000+",Free,0,Everyone,Art & Design,"June 14, 2018",6.1.61.1,4.2 and up,United States
Garden Coloring Book,ART_AND_DESIGN,4.4,13791,33M,"1,000,000+",Free,0,Everyone,Art & Design,"September 20, 2017",2.9.2,3.0 and up,United States
Kids Paint Free - Drawing Fun,ART_AND_DESIGN,4.7,121,3.1M,"10,000+",Free,0,Everyone,Art & Design;Creativity,"July 3, 2018",2.8,4.0.3 and up,United States
Text on Photo - Fonteee,ART_AND_DESIGN,4.4,13880,28M,"1,000,000+",Free,0,Everyone,Art & Design,"October 27, 2017",1.0.4,4.1 and up,United States
Name Art Photo Editor - Focus n Filters,ART_AND_DESIGN,4.4,8788,12M,"1,000,000+",Free,0,Everyone,Art & Design,"July 31, 2018",1.0.15,4.0 and up,United States
Tattoo Name On My Photo Editor,ART_AND_DESIGN,4.2,44829,20M,"10,000,000+",Free,0,Teen,Art & Design,"April 2, 2018",3.8,4.1 and up,United States
Mandala Coloring Book,ART_AND_DESIGN,4.6,4326,21M,"100,000+",Free,0,Everyone,Art & Design,"June 26, 2018",1.0.4,4.4 and up,United States
3D Color Pixel by Number - Sandbox Art Coloring,ART_AND_DESIGN,4.4,1518,37M,"100,000+",Free,0,Everyone,Art & Design,"August 3, 2018",1.2.3,2.3 and up,United States
Learn To Draw Kawaii Characters,ART_AND_DESIGN,3.2,55,2.7M,"5,000+",Free,0,Everyone,Art & Design,"June 6, 2018",,4.2 and up,United States
Photo Designer - Write your name with shapes,ART_AND_DESIGN,4.7,3632,5.5M,"500,000+",Free,0,Everyone,Art & Design,"July 31, 2018",3.1,4.1 and up,United States
350 Diy Room Decor Ideas,ART_AND_DESIGN,4.5,27,17M,"10,000+",Free,0,Everyone,Art & Design,"November 7, 2017",1.0,2.3 and up,United States
FlipaClip - Cartoon animation,ART_AND_DESIGN,4.3,194216,39M,"5,000,000+",Free,0,Everyone,Art & Design,"August 3, 2018",2.2.5,4.0.3 and up,United States
ibis Paint X,ART_AND_DESIGN,4.6,224399,31M,"10,000,000+",Free,0,Everyone,Art & Design,"July 30, 2018",5.5.4,4.1 and up,United States
Logo Maker - Small Business,ART_AND_DESIGN,4.0,450,14M,"100,000+",Free,0,Everyone,Art & Design,"April 20, 2018",4.0,4.1 and up,United States
Boys Photo Editor - Six Pack & Men's Suit,ART_AND_DESIGN,4.1,654,12M,"100,000+",Free,0,Everyone,Art & Design,"March 20, 2018",1.1,4.0.3 and up,United States
Superheroes Wallpapers | 4K Backgrounds,ART_AND_DESIGN,4.7,7699,4.2M,"500,000+",Free,0,Everyone 10+,Art & Design,"July 12, 2018",2.2.6.2,4.0.3 and up,United States
Mcqueen Coloring pages,ART_AND_DESIGN,,61,7.0M,"100,000+",Free,0,Everyone,Art & Design;Action & Adventure,"March 7, 2018",1.0.0,4.1 and up,United States
HD Mickey Minnie Wallpapers,ART_AND_DESIGN,4.7,118,23M,"50,000+",Free,0,Everyone,Art & Design,"July 7, 2018",1.1.3,4.1 and up,United States
Harley Quinn wallpapers HD,ART_AND_DESIGN,4.8,192,6.0M,"10,000+",Free,0,Everyone,Art & Design,"April 25, 2018",1.5,3.0 and up,United States
Colorfit - Drawing & Coloring,ART_AND_DESIGN,4.7,20260,25M,"500,000+",Free,0,Everyone,Art & Design;Creativity,"October 11, 2017",1.0.8,4.0.3 and up,United States
Animated Photo Editor,ART_AND_DESIGN,4.1,203,6.1M,"100,000+",Free,0,Everyone,Art & Design,"March 21, 2018",1.03,4.0.3 and up,United States
Pencil Sketch Drawing,ART_AND_DESIGN,3.9,136,4.6M,"10,000+",Free,0,Everyone,Art & Design,"July 12, 2018",6.0,2.3 and up,United States
Easy Realistic Drawing Tutorial,ART_AND_DESIGN,4.1,223,4.2M,"100,000+",Free,0,Everyone,Art & Design,"August 22, 2017",1.0,2.3 and up,United States
Pink Silver Bow Keyboard Theme,ART_AND_DESIGN,4.2,1120,9.2M,"100,000+",Free,0,Everyone,Art & Design,"July 12, 2018",6.7.12.2018,4.0.3 and up,United States
Art Drawing Ideas,ART_AND_DESIGN,4.1,227,5.2M,"50,000+",Free,0,Everyone,Art & Design,"May 31, 2018",1.2,2.3 and up,United States
Anime Manga Coloring Book,ART_AND_DESIGN,4.5,5035,11M,"100,000+",Free,0,Everyone,Art & Design,"July 19, 2018",2.20,4.0 and up,United States
Easy Origami Ideas,ART_AND_DESIGN,4.2,1015,11M,"100,000+",Free,0,Everyone,Art & Design,"January 6, 2018",1.1.0,4.1 and up,United States
I Creative Idea,ART_AND_DESIGN,4.7,353,4.2M,"10,000+",Free,0,Teen,Art & Design,"April 27, 2018",1.6,4.1 and up,United States
How to draw Ladybug and Cat Noir,ART_AND_DESIGN,3.8,564,9.2M,"100,000+",Free,0,Everyone,Art & Design,"July 11, 2018",2.1,4.1 and up,United States
UNICORN - Color By Number & Pixel Art Coloring,ART_AND_DESIGN,4.7,8145,24M,"500,000+",Free,0,Everyone,Art & Design;Creativity,"August 2, 2018",1.0.9,4.4 and up,United States
Floor Plan Creator,ART_AND_DESIGN,4.1,36639,Varies with device,"5,000,000+",Free,0,Everyone,Art & Design,"July 14, 2018",Varies with device,2.3.3 and up,United States
PIP Camera - PIP Collage Maker,ART_AND_DESIGN,4.7,158,11M,"10,000+",Free,0,Everyone,Art & Design,"November 29, 2017",1.3,4.0.3 and up,United States
How To Color Disney Princess - Coloring Pages,ART_AND_DESIGN,4.0,591,9.4M,"500,000+",Free,0,Everyone,Art & Design,"March 31, 2018",1,4.0 and up,United States
Drawing Clothes Fashion Ideas,ART_AND_DESIGN,4.2,117,15M,"10,000+",Free,0,Everyone,Art & Design,"July 20, 2018",2.0.1,4.0.3 and up,United States
Sad Poetry Photo Frames 2018,ART_AND_DESIGN,4.5,176,10M,"100,000+",Free,0,Everyone,Art & Design,"April 2, 2018",1.0,4.0.3 and up,United States
Textgram - write on photos,ART_AND_DESIGN,4.4,295221,Varies with device,"10,000,000+",Free,0,Everyone,Art & Design,"July 30, 2018",Varies with device,Varies with device,United States
Paint Splash!,ART_AND_DESIGN,3.8,2206,1.2M,"100,000+",Free,0,Everyone,Art & Design;Creativity,"April 15, 2018",1.46,4.1 and up,United States
Popsicle Sticks and Similar DIY Craft Ideas,ART_AND_DESIGN,4.2,26,12M,"10,000+",Free,0,Everyone,Art & Design,"January 3, 2018",1.0.0,4.1 and up,United States
"Canva: Poster, banner, card maker & graphic design",ART_AND_DESIGN,4.7,174531,24M,"10,000,000+",Free,0,Everyone,Art & Design,"July 31, 2018",1.6.1,4.1 and up,United States
Install images with music to make video without Net - 2018,ART_AND_DESIGN,4.6,1070,26M,"100,000+",Free,0,Everyone,Art & Design,"November 14, 2017",1.6,4.1 and up,United States
Little Teddy Bear Colouring Book Game,ART_AND_DESIGN,4.2,85,8.0M,"100,000+",Free,0,Everyone,Art & Design,"December 17, 2017",2.0.0,4.1 and up,United States
How To Draw Food,ART_AND_DESIGN,4.3,845,7.9M,"100,000+",Free,0,Everyone,Art & Design,"May 28, 2018",1.0,2.3 and up,United States
Monster Truck Stunt 3D 2019,AUTO_AND_VEHICLES,4.2,367,25M,"100,000+",Free,0,Everyone,Auto & Vehicles,"May 10, 2018",1.0,4.0.3 and up,United States
Real Tractor Farming,AUTO_AND_VEHICLES,4.0,1598,56M,"1,000,000+",Free,0,Everyone,Auto & Vehicles,"July 26, 2018",11.0,4.1 and up,United States
Ultimate F1 Racing Championship,AUTO_AND_VEHICLES,3.8,284,57M,"100,000+",Free,0,Everyone,Auto & Vehicles,"July 26, 2018",3.0,4.1 and up,United States
Used Cars and Trucks for Sale,AUTO_AND_VEHICLES,4.6,17057,Varies with device,"1,000,000+",Free,0,Everyone,Auto & Vehicles,"July 30, 2018",Varies with device,Varies with device,United States
American Muscle Car Race,AUTO_AND_VEHICLES,3.9,129,35M,"100,000+",Free,0,Everyone,Auto & Vehicles,"July 26, 2018",3.0,4.1 and up,United States
Offroad Oil Tanker Driver Transport Truck 2019,AUTO_AND_VEHICLES,4.3,542,33M,"100,000+",Free,0,Everyone,Auto & Vehicles,"July 31, 2018",4.0,4.1 and up,United States
Tickets SDA 2018 and Exam from the State Traffic Safety Inspectorate with Drom.ru,AUTO_AND_VEHICLES,4.9,10479,33M,"100,000+",Free,0,Everyone,Auto & Vehicles,"July 18, 2018",1.7.1,4.0 and up,United States
Gas Prices (Germany only),AUTO_AND_VEHICLES,4.4,805,5.6M,"50,000+",Free,0,Everyone,Auto & Vehicles,"July 29, 2018",2.5.1,4.4 and up,United States
Extreme Rally Championship,AUTO_AND_VEHICLES,4.2,129,54M,"100,000+",Free,0,Everyone,Auto & Vehicles,"July 26, 2018",3.0,4.1 and up,United States
Restart Navigator,AUTO_AND_VEHICLES,4.0,1403,201k,"100,000+",Free,0,Everyone,Auto & Vehicles,"August 26, 2014",1.0.1,2.2 and up,United States
"REG - Check the regnumber, find information about Swedish vehicles",AUTO_AND_VEHICLES,3.9,3971,3.6M,"100,000+",Free,0,Everyone,Auto & Vehicles,"July 30, 2018",2.493,4.4 and up,United States
CityBus Lviv,AUTO_AND_VEHICLES,4.6,534,5.7M,"10,000+",Free,0,Everyone,Auto & Vehicles,"July 8, 2018",1.9.1,4.0.3 and up,United States
CDL Practice Test 2018 Edition,AUTO_AND_VEHICLES,4.9,7774,17M,"100,000+",Free,0,Everyone,Auto & Vehicles,"July 3, 2018",1.7,4.2 and up,United States
"ezETC (ETC balance inquiry, meter trial, real-time traffic)",AUTO_AND_VEHICLES,4.3,38846,8.6M,"1,000,000+",Free,0,Everyone,Auto & Vehicles,"July 28, 2018",2.20 Build 02,4.1 and up,United States
Free VIN Report for Used Cars,AUTO_AND_VEHICLES,4.6,2431,2.4M,"100,000+",Free,0,Everyone,Auto & Vehicles,"June 12, 2018",1.37,4.0 and up,United States
DMV Permit Practice Test 2018 Edition,AUTO_AND_VEHICLES,4.9,6090,27M,"100,000+",Free,0,Everyone,Auto & Vehicles,"July 3, 2018",1.7,4.2 and up,United States
Check Vehicle Tax,AUTO_AND_VEHICLES,3.9,295,2.7M,"10,000+",Free,0,Everyone,Auto & Vehicles,"July 30, 2018",0.2.1,4.4 and up,United States
Used Cars Mexico,AUTO_AND_VEHICLES,4.0,190,2.5M,"50,000+",Free,0,Everyone,Auto & Vehicles,"October 14, 2016",1.0,2.3 and up,United States
Ulysse Speedometer,AUTO_AND_VEHICLES,4.3,40211,Varies with device,"5,000,000+",Free,0,Everyone,Auto & Vehicles,"July 30, 2018",Varies with device,Varies with device,United States
REPUVE,AUTO_AND_VEHICLES,3.9,356,Varies with device,"100,000+",Free,0,Everyone,Auto & Vehicles,"May 25, 2018",Varies with device,Varies with device,United States
Used cars for sale - Trovit,AUTO_AND_VEHICLES,4.2,52530,7.0M,"5,000,000+",Free,0,Everyone,Auto & Vehicles,"July 16, 2018",4.47.3,4.0.3 and up,United States
"Fines of the State Traffic Safety Inspectorate are official: inspection, payment of fines",AUTO_AND_VEHICLES,4.8,116986,35M,"5,000,000+",Free,0,Everyone,Auto & Vehicles,"August 2, 2018",1.9.7,4.0.3 and up,United States
SK Enca Direct Malls - Used Cars Search,AUTO_AND_VEHICLES,3.6,1379,16M,"500,000+",Free,0,Everyone,Auto & Vehicles,"August 2, 2018",2.2.21,4.2 and up,United States
"Android Auto - Maps, Media, Messaging & Voice",AUTO_AND_VEHICLES,4.2,271920,16M,"10,000,000+",Free,0,Teen,Auto & Vehicles,"July 11, 2018",Varies with device,5.0 and up,United States
PDD-UA,AUTO_AND_VEHICLES,4.8,736,Varies with device,"100,000+",Free,0,Everyone,Auto & Vehicles,"July 29, 2018",2.9,2.3.3 and up,United States
Tickets SDA 2019 + Exam RF,AUTO_AND_VEHICLES,4.8,7021,17M,"500,000+",Free,0,Everyone,Auto & Vehicles,"July 27, 2018",1.79,4.0 and up,United States
Super Cars Wallpapers And Backgrounds,AUTO_AND_VEHICLES,4.6,197,3.4M,"50,000+",Free,0,Everyone,Auto & Vehicles,"June 14, 2018",1.3,4.0 and up,United States
"Police Lights, Sirens & Follow Me",AUTO_AND_VEHICLES,4.5,737,8.9M,"100,000+",Free,0,Everyone,Auto & Vehicles,"June 8, 2018",2.3.5.1,4.1 and up,United States
Police Detector (Speed Camera Radar),AUTO_AND_VEHICLES,4.3,3574,3.9M,"1,000,000+",Free,0,Everyone 10+,Auto & Vehicles,"July 4, 2018",1.6,4.0 and up,United States
Best Car Wallpapers,AUTO_AND_VEHICLES,4.5,994,2.9M,"100,000+",Free,0,Everyone,Auto & Vehicles,"March 27, 2018",1.6,4.1 and up,United States
Tickets + PDA 2018 Exam,AUTO_AND_VEHICLES,4.9,197136,38M,"1,000,000+",Free,0,Everyone,Auto & Vehicles,"July 15, 2018",8.31,4.1 and up,United States
Pick Your Part Garage,AUTO_AND_VEHICLES,3.9,142,32M,"50,000+",Free,0,Everyone,Auto & Vehicles,"July 24, 2018",1.1.5.0,6.0 and up,United States
PakWheels: Buy & Sell Cars,AUTO_AND_VEHICLES,4.4,15168,37M,"1,000,000+",Free,0,Everyone,Auto & Vehicles,"July 27, 2018",10.0.2,4.2 and up,United States
Supervision service,AUTO_AND_VEHICLES,4.0,2155,15M,"500,000+",Free,0,Everyone,Auto & Vehicles,"July 30, 2018",1.10.3,5.0 and up,United States
Speed Camera Detector - Traffic & Speed Alert,AUTO_AND_VEHICLES,4.3,138,5.4M,"100,000+",Free,0,Everyone,Auto & Vehicles,"July 23, 2018",1.0,4.0.3 and up,United States
Used car search Goo net whole car Go to net,AUTO_AND_VEHICLES,3.7,5414,18M,"1,000,000+",Free,0,Everyone,Auto & Vehicles,"July 23, 2018",3.20.1,4.4 and up,United States
CarMax – Cars for Sale: Search Used Car Inventory,AUTO_AND_VEHICLES,4.4,21777,Varies with device,"1,000,000+",Free,0,Everyone,Auto & Vehicles,"August 4, 2018",Varies with device,Varies with device,United States
BEST CAR SOUNDS,AUTO_AND_VEHICLES,4.3,348,38M,"100,000+",Free,0,Everyone,Auto & Vehicles,"July 29, 2018",1.0.3,2.3 and up,United States
RST - Sale of cars on the PCT,AUTO_AND_VEHICLES,3.2,250,1.1M,"100,000+",Free,0,Everyone,Auto & Vehicles,"April 27, 2018",1.4,4.0.3 and up,United States
AutoScout24 Switzerland – Find your new car,AUTO_AND_VEHICLES,4.6,13372,Varies with device,"1,000,000+",Free,0,Everyone,Auto & Vehicles,"August 3, 2018",Varies with device,Varies with device,United States
Zona Azul Digital Fácil SP CET - OFFICIAL São Paulo,AUTO_AND_VEHICLES,4.6,7880,Varies with device,"100,000+",Free,0,Everyone,Auto & Vehicles,"May 10, 2018",4.6.5,Varies with device,United States
SMS Park,AUTO_AND_VEHICLES,4.5,3617,7.9M,"100,000+",Free,0,Everyone,Auto & Vehicles,"May 16, 2018",2.8.2,4.1 and up,United States
SKencar,AUTO_AND_VEHICLES,3.7,4806,35M,"1,000,000+",Free,0,Everyone,Auto & Vehicles,"July 31, 2018",4.0.3,4.0.3 and up,United States
Fuelio: Gas log & costs,AUTO_AND_VEHICLES,4.6,65786,Varies with device,"1,000,000+",Free,0,Everyone,Auto & Vehicles,"August 2, 2018",Varies with device,4.0.3 and up,United States
auto fines,AUTO_AND_VEHICLES,4.6,31433,17M,"1,000,000+",Free,0,Everyone,Auto & Vehicles,"August 2, 2018",1.40,4.0.3 and up,United States
"Used car is the first car - used car purchase, used car quotation, dealer information to",AUTO_AND_VEHICLES,4.6,5097,19M,"1,000,000+",Free,0,Everyone,Auto & Vehicles,"July 23, 2018",1.5.18,4.0.3 and up,United States
All of the parking lot - National Park application (parking lot search / parking sharing / discount payment),AUTO_AND_VEHICLES,4.0,1754,14M,"500,000+",Free,0,Everyone,Auto & Vehicles,"June 2, 2018",2.3.4,4.0 and up,United States
Inquiry Fines and Debits of Vehicles,AUTO_AND_VEHICLES,4.4,2680,2.2M,"500,000+",Free,0,Everyone,Auto & Vehicles,"March 20, 2018",1.03,4.0.3 and up,United States
Gas Station,AUTO_AND_VEHICLES,4.0,1288,4.5M,"100,000+",Free,0,Everyone,Auto & Vehicles,"April 21, 2018",2.17,4.0 and up,United States
Hush - Beauty for Everyone,BEAUTY,4.7,18900,17M,"500,000+",Free,0,Everyone,Beauty,"August 2, 2018",6.10.1,5.0 and up,INDIA
"ipsy: Makeup, Beauty, and Tips",BEAUTY,4.9,49790,14M,"1,000,000+",Free,0,Everyone,Beauty,"November 9, 2017",2.3.0,4.1 and up,INDIA
Natural recipes for your beauty,BEAUTY,4.7,1150,9.8M,"100,000+",Free,0,Everyone,Beauty,"May 15, 2018",4.0,4.1 and up,INDIA
"BestCam Selfie-selfie, beauty camera, photo editor",BEAUTY,3.9,1739,21M,"500,000+",Free,0,Everyone,Beauty,"July 12, 2018",1.0.6,4.0.3 and up,INDIA
Mirror - Zoom & Exposure -,BEAUTY,3.9,32090,Varies with device,"1,000,000+",Free,0,Everyone,Beauty,"October 24, 2016",Varies with device,Varies with device,INDIA
Beauty Selfie Camera,BEAUTY,4.2,2225,52M,"500,000+",Free,0,Everyone,Beauty,"February 28, 2018",1.6,4.1 and up,INDIA
Hairstyles step by step,BEAUTY,4.6,4369,14M,"100,000+",Free,0,Everyone,Beauty,"July 25, 2018",1.9,4.0.3 and up,INDIA
Filters for Selfie,BEAUTY,4.3,8572,25M,"1,000,000+",Free,0,Everyone,Beauty,"May 10, 2018",1.1.0,4.0 and up,INDIA
Tie - Always be happy,BEAUTY,4.7,964,9.0M,"50,000+",Free,0,Everyone,Beauty,"June 21, 2018",4.0,4.2 and up,INDIA
Ulta Beauty,BEAUTY,4.7,42050,Varies with device,"1,000,000+",Free,0,Everyone,Beauty,"June 5, 2018",5.4,5.0 and up,INDIA
Prom MakeUp Tutorial,BEAUTY,4.8,104,12M,"10,000+",Free,0,Everyone,Beauty,"June 26, 2018",1.3,4.0.3 and up,INDIA
Selfie Camera,BEAUTY,4.2,17934,Varies with device,"1,000,000+",Free,0,Everyone,Beauty,"September 12, 2017",Varies with device,Varies with device,INDIA
Sweet Selfie Beauty Camera,BEAUTY,4.3,601,35M,"100,000+",Free,0,Everyone,Beauty,"June 2, 2018",2.0.0,4.0 and up,INDIA
Colors of white in Urdu,BEAUTY,4.5,36,6.7M,"10,000+",Free,0,Everyone,Beauty,"July 26, 2018",6.0,4.0 and up,INDIA
Selfie Camera Photo Editor & Filter & Sticker,BEAUTY,4.1,187,30M,"50,000+",Free,0,Teen,Beauty,"July 24, 2018",3.0.1,4.0.3 and up,INDIA
Wrinkles and rejuvenation,BEAUTY,,182,5.7M,"100,000+",Free,0,Everyone 10+,Beauty,"September 20, 2017",8.0,3.0 and up,INDIA
Eyes Makeup Beauty Tips,BEAUTY,4.2,30,2.9M,"10,000+",Free,0,Everyone,Beauty,"April 9, 2018",3.3.9,4.0.3 and up,INDIA
Photo Editor 2018,BEAUTY,4.5,134,17M,"10,000+",Free,0,Everyone,Beauty,"March 1, 2018",1.20,4.0.3 and up,INDIA
Step By Step Eyes Makeup Tutorial,BEAUTY,4.4,74,2.9M,"10,000+",Free,0,Everyone,Beauty,"April 5, 2018",2.3.09,4.0.3 and up,INDIA
Beauty Camera - Selfie Camera,BEAUTY,4.0,113715,Varies with device,"10,000,000+",Free,0,Everyone,Beauty,"August 3, 2017",Varies with device,Varies with device,INDIA
Girls Hairstyles,BEAUTY,4.1,3595,Varies with device,"500,000+",Free,0,Everyone,Beauty,"May 24, 2018",Varies with device,4.0 and up,INDIA
Mirror Camera (Mirror + Selfie Camera),BEAUTY,4.1,9315,2.6M,"1,000,000+",Free,0,Everyone,Beauty,"November 21, 2017",1.4.2,4.0 and up,INDIA
Beauty Tips - Beauty Tips in Sinhala,BEAUTY,4.4,75,4.2M,"50,000+",Free,0,Everyone,Beauty,"October 18, 2017",1.0.0,4.0.3 and up,INDIA
Haircut Tutorials/Haircut Videos,BEAUTY,4.6,38,7.1M,"10,000+",Free,0,Everyone,Beauty,"May 29, 2018",1.0,4.0 and up,INDIA
"Sephora: Skin Care, Beauty Makeup & Fragrance Shop",BEAUTY,4.5,26834,57M,"1,000,000+",Free,0,Everyone,Beauty,"July 24, 2018",18.5,5.0 and up,INDIA
Manicure - nail design,BEAUTY,,119,3.7M,"50,000+",Free,0,Everyone,Beauty,"July 23, 2018",1.3,4.1 and up,INDIA
"Sticker Camera - Selfie Filters, Beauty Camera",BEAUTY,3.9,2277,22M,"500,000+",Free,0,Everyone,Beauty,"July 12, 2018",1.1.0,4.0.3 and up,INDIA
Filters for B Live,BEAUTY,4.4,2280,24M,"500,000+",Free,0,Everyone,Beauty,"May 14, 2018",1.1.0,4.0 and up,INDIA
Skin Care and Natural Beauty,BEAUTY,,654,7.4M,"100,000+",Free,0,Teen,Beauty,"July 17, 2018",1.15,4.1 and up,INDIA
Facial Wrinkle Reduction,BEAUTY,4.6,184,21M,"10,000+",Free,0,Everyone,Beauty,"July 2, 2018",1.5,4.1 and up,INDIA
Makeup Videos,BEAUTY,3.8,9,3.4M,"5,000+",Free,0,Everyone,Beauty,"June 7, 2018",1.0,4.0 and up,INDIA
"Secrets of beauty, youth and health",BEAUTY,,77,2.9M,"10,000+",Free,0,Mature 17+,Beauty,"August 8, 2017",2.0,2.3 and up,INDIA
Recipes and tips for losing weight,BEAUTY,,35,3.1M,"10,000+",Free,0,Everyone 10+,Beauty,"December 11, 2017",2.0,3.0 and up,INDIA
Discover Color,BEAUTY,4.0,364,6.4M,"100,000+",Free,0,Everyone,Beauty,"May 24, 2018",1.1,4.0.3 and up,INDIA
Eyeliner step by step 2018,BEAUTY,4.3,18,3.2M,"5,000+",Free,0,Everyone,Beauty,"June 1, 2018",1.2.13,4.0.3 and up,INDIA
Dresses Ideas & Fashions +3000,BEAUTY,4.5,473,8.2M,"100,000+",Free,0,Mature 17+,Beauty,"March 1, 2017",1.0.2.0,1.6 and up,INDIA
"Lady adviser (beauty, health)",BEAUTY,,30,9.9M,"10,000+",Free,0,Mature 17+,Beauty,"January 24, 2018",3.0,3.0 and up,INDIA
Step By Step Hairstyles For Women,BEAUTY,4.1,66,2.9M,"10,000+",Free,0,Everyone,Beauty,"April 5, 2018",3.1.89,4.0.3 and up,INDIA
Rainbow Camera,BEAUTY,3.7,3871,23M,"1,000,000+",Free,0,Everyone,Beauty,"July 30, 2018",2.2.0,4.0 and up,INDIA
Methods of teeth whitening,BEAUTY,4.7,257,4.6M,"50,000+",Free,0,Everyone,Beauty,"August 7, 2017",1.0,4.0.3 and up,INDIA
Girls hairstyles 2018,BEAUTY,4.2,62,3.1M,"10,000+",Free,0,Everyone,Beauty,"May 28, 2018",1.9.2,4.0.3 and up,INDIA
Wattpad 📖 Free Books,BOOKS_AND_REFERENCE,4.6,2914724,Varies with device,"100,000,000+",Free,0,Teen,Books & Reference,"August 1, 2018",Varies with device,Varies with device,UNITED KINGDOM
E-Book Read - Read Book for free,BOOKS_AND_REFERENCE,4.5,1857,4.9M,"50,000+",Free,0,Everyone,Books & Reference,"August 3, 2018",1.3.2,4.4 and up,UNITED KINGDOM
Download free book with green book,BOOKS_AND_REFERENCE,4.6,4478,9.5M,"100,000+",Free,0,Everyone 10+,Books & Reference,"July 31, 2017",1.1,4.0 and up,UNITED KINGDOM
Wikipedia,BOOKS_AND_REFERENCE,4.4,577550,Varies with device,"10,000,000+",Free,0,Everyone,Books & Reference,"August 2, 2018",Varies with device,Varies with device,UNITED KINGDOM
Amazon Kindle,BOOKS_AND_REFERENCE,4.2,814080,Varies with device,"100,000,000+",Free,0,Teen,Books & Reference,"July 27, 2018",Varies with device,Varies with device,UNITED KINGDOM
Cool Reader,BOOKS_AND_REFERENCE,4.5,246315,Varies with device,"10,000,000+",Free,0,Everyone,Books & Reference,"July 17, 2015",Varies with device,1.5 and up,UNITED KINGDOM
Dictionary - Merriam-Webster,BOOKS_AND_REFERENCE,4.5,454060,Varies with device,"10,000,000+",Free,0,Everyone,Books & Reference,"May 18, 2018",Varies with device,Varies with device,UNITED KINGDOM
NOOK: Read eBooks & Magazines,BOOKS_AND_REFERENCE,4.5,155446,Varies with device,"10,000,000+",Free,0,Teen,Books & Reference,"April 25, 2018",Varies with device,Varies with device,UNITED KINGDOM
Free Panda Radio Music,BOOKS_AND_REFERENCE,4.5,418,4.2M,"100,000+",Free,0,Everyone,Books & Reference,"March 27, 2018",2.1,4.1 and up,UNITED KINGDOM
Book store,BOOKS_AND_REFERENCE,4.4,22486,5.4M,"1,000,000+",Free,0,Teen,Books & Reference,"June 6, 2018",3.2.1,4.0 and up,UNITED KINGDOM
FBReader: Favorite Book Reader,BOOKS_AND_REFERENCE,4.5,203130,Varies with device,"10,000,000+",Free,0,Everyone,Books & Reference,"June 28, 2018",Varies with device,Varies with device,UNITED KINGDOM
English Grammar Complete Handbook,BOOKS_AND_REFERENCE,4.6,1435,2.8M,"500,000+",Free,0,Everyone,Books & Reference,"January 21, 2018",1.0,4.0 and up,UNITED KINGDOM
Free Books - Spirit Fanfiction and Stories,BOOKS_AND_REFERENCE,4.8,116507,5.0M,"1,000,000+",Free,0,Teen,Books & Reference,"August 1, 2018",2.0.075,4.0.3 and up,UNITED KINGDOM
Google Play Books,BOOKS_AND_REFERENCE,3.9,1433233,Varies with device,"1,000,000,000+",Free,0,Teen,Books & Reference,"August 3, 2018",Varies with device,Varies with device,UNITED KINGDOM
AlReader -any text book reader,BOOKS_AND_REFERENCE,4.6,90468,5.9M,"5,000,000+",Free,0,Everyone,Books & Reference,"May 27, 2018",1.911805270,2.3 and up,UNITED KINGDOM
Offline English Dictionary,BOOKS_AND_REFERENCE,4.2,860,13M,"100,000+",Free,0,Everyone,Books & Reference,"July 17, 2018",1.0,4.0.3 and up,UNITED KINGDOM
Oxford Dictionary of English : Free,BOOKS_AND_REFERENCE,4.1,363934,7.1M,"10,000,000+",Free,0,Everyone,Books & Reference,"July 11, 2018",9.1.363,4.1 and up,UNITED KINGDOM
Offline: English to Tagalog Dictionary,BOOKS_AND_REFERENCE,4.7,967,6.7M,"500,000+",Free,0,Everyone,Books & Reference,"August 4, 2018",1.1.6,4.0.3 and up,UNITED KINGDOM
Spanish English Translator,BOOKS_AND_REFERENCE,4.2,87873,Varies with device,"10,000,000+",Free,0,Teen,Books & Reference,"May 28, 2018",Varies with device,Varies with device,UNITED KINGDOM
FamilySearch Tree,BOOKS_AND_REFERENCE,4.3,17506,17M,"1,000,000+",Free,0,Everyone,Books & Reference,"July 20, 2018",2.3.18,4.1 and up,UNITED KINGDOM
Cloud of Books,BOOKS_AND_REFERENCE,3.3,1862,19M,"1,000,000+",Free,0,Everyone,Books & Reference,"April 27, 2018",2.2.5,4.1 and up,UNITED KINGDOM
Recipes of Prophetic Medicine for free,BOOKS_AND_REFERENCE,4.6,2084,6.7M,"500,000+",Free,0,Everyone,Books & Reference,"May 17, 2018",15.0,2.3 and up,UNITED KINGDOM
ReadEra – free ebook reader,BOOKS_AND_REFERENCE,4.8,47303,21M,"1,000,000+",Free,0,Everyone,Books & Reference,"June 2, 2018",18.05.31+530,4.1 and up,UNITED KINGDOM
NOOK App for NOOK Devices,BOOKS_AND_REFERENCE,4.7,19080,Varies with device,"500,000+",Free,0,Everyone,Books & Reference,"April 25, 2018",Varies with device,Varies with device,UNITED KINGDOM
Anonymous caller detection,BOOKS_AND_REFERENCE,,161,2.7M,"10,000+",Free,0,Everyone,Books & Reference,"July 13, 2018",1.0,2.3 and up,UNITED KINGDOM
Ebook Reader,BOOKS_AND_REFERENCE,4.1,85842,37M,"5,000,000+",Free,0,Everyone,Books & Reference,"June 25, 2018",5.0.6,4.0 and up,UNITED KINGDOM
Litnet - E-books,BOOKS_AND_REFERENCE,4.6,7831,15M,"100,000+",Free,0,Teen,Books & Reference,"July 4, 2018",1.2.3,4.0 and up,UNITED KINGDOM
Read books online,BOOKS_AND_REFERENCE,4.1,91615,23M,"5,000,000+",Free,0,Mature 17+,Books & Reference,"June 29, 2018",3.12,4.1 and up,UNITED KINGDOM
English to Urdu Dictionary,BOOKS_AND_REFERENCE,4.6,4620,19M,"500,000+",Free,0,Everyone,Books & Reference,"November 23, 2017",2.0,4.0.3 and up,UNITED KINGDOM
eBoox: book reader fb2 epub zip,BOOKS_AND_REFERENCE,4.7,21336,23M,"1,000,000+",Free,0,Everyone,Books & Reference,"June 20, 2018",1.28,3.0 and up,UNITED KINGDOM
English Persian Dictionary,BOOKS_AND_REFERENCE,4.5,26875,73M,"500,000+",Free,0,Everyone,Books & Reference,"August 1, 2018",6.0.8,4.0.3 and up,UNITED KINGDOM
Flybook,BOOKS_AND_REFERENCE,3.9,1778,4.9M,"500,000+",Free,0,Mature 17+,Books & Reference,"October 16, 2014",1.0.3,2.1 and up,UNITED KINGDOM
All Maths Formulas,BOOKS_AND_REFERENCE,4.4,2709,6.8M,"1,000,000+",Free,0,Everyone,Books & Reference,"July 11, 2018",1.9,4.4 and up,UNITED KINGDOM
Ancestry,BOOKS_AND_REFERENCE,4.3,64513,Varies with device,"5,000,000+",Free,0,Everyone,Books & Reference,"July 31, 2018",Varies with device,Varies with device,UNITED KINGDOM
HTC Help,BOOKS_AND_REFERENCE,4.2,8342,Varies with device,"10,000,000+",Free,0,Everyone,Books & Reference,"August 28, 2017",9.00.950462,7.0 and up,UNITED KINGDOM
English translation from Bengali,BOOKS_AND_REFERENCE,4.5,527,2.9M,"100,000+",Free,0,Everyone,Books & Reference,"March 31, 2018",14.0,4.0 and up,UNITED KINGDOM
Pdf Book Download - Read Pdf Book,BOOKS_AND_REFERENCE,4.4,1322,3.5M,"100,000+",Free,0,Everyone,Books & Reference,"May 28, 2018",6.0,4.0.3 and up,UNITED KINGDOM
Free Book Reader,BOOKS_AND_REFERENCE,3.4,1680,4.0M,"100,000+",Free,0,Everyone,Books & Reference,"August 20, 2016",3.05,4.0.3 and up,UNITED KINGDOM
eBoox new: Reader for fb2 epub zip books,BOOKS_AND_REFERENCE,4.9,2739,21M,"50,000+",Free,0,Everyone,Books & Reference,"July 17, 2018",2.0,3.0 and up,UNITED KINGDOM
"Only 30 days in English, the guideline is guaranteed",BOOKS_AND_REFERENCE,4.6,1065,2.3M,"500,000+",Free,0,Everyone,Books & Reference,"June 16, 2018",1.5,3.0 and up,UNITED KINGDOM
Moon+ Reader,BOOKS_AND_REFERENCE,4.4,233757,Varies with device,"10,000,000+",Free,0,Everyone,Books & Reference,"May 1, 2018",Varies with device,Varies with device,UNITED KINGDOM
SH-02J Owner's Manual (Android 8.0),BOOKS_AND_REFERENCE,,2,7.2M,"50,000+",Free,0,Everyone,Books & Reference,"June 15, 2018",3.0,6.0 and up,UNITED KINGDOM
English-Myanmar Dictionary,BOOKS_AND_REFERENCE,4.4,8788,10M,"1,000,000+",Free,0,Everyone,Books & Reference,"July 28, 2018",2.5.3,4.0 and up,UNITED KINGDOM
Golden Dictionary (EN-AR),BOOKS_AND_REFERENCE,4.4,51269,6.1M,"1,000,000+",Free,0,Everyone,Books & Reference,"July 19, 2018",7.0.4.6,4.2 and up,UNITED KINGDOM
All Language Translator Free,BOOKS_AND_REFERENCE,4.4,30105,2.1M,"1,000,000+",Free,0,Everyone,Books & Reference,"July 29, 2018",1.15,4.0.3 and up,UNITED KINGDOM
Azpen eReader,BOOKS_AND_REFERENCE,3.5,156,42M,"500,000+",Free,0,Everyone,Books & Reference,"February 15, 2018",3.1.7.9,2.2 and up,UNITED KINGDOM
URBANO V 02 instruction manual,BOOKS_AND_REFERENCE,,114,7.3M,"100,000+",Free,0,Everyone,Books & Reference,"August 7, 2015",1.1,5.1 and up,UNITED KINGDOM
English Dictionary - Offline,BOOKS_AND_REFERENCE,4.4,341157,30M,"10,000,000+",Free,0,Everyone 10+,Books & Reference,"March 20, 2018",3.9.1,4.2 and up,UNITED KINGDOM
Visual Voicemail by MetroPCS,BUSINESS,4.1,16129,Varies with device,"10,000,000+",Free,0,Everyone,Business,"July 30, 2018",Varies with device,Varies with device,United States
Visual Voicemail by MetroPCS,BUSINESS,4.1,16129,Varies with device,"10,000,000+",Free,0,Everyone,Business,"July 30, 2018",Varies with device,Varies with device,CANADA
Indeed Job Search,BUSINESS,4.3,674730,Varies with device,"50,000,000+",Free,0,Everyone,Business,"May 21, 2018",Varies with device,Varies with device,United States
Indeed Job Search,BUSINESS,4.3,674730,Varies with device,"50,000,000+",Free,0,Everyone,Business,"May 21, 2018",Varies with device,Varies with device,CANADA
Uber Driver,BUSINESS,4.4,1254730,Varies with device,"10,000,000+",Free,0,Everyone,Business,"August 3, 2018",Varies with device,Varies with device,United States
Uber Driver,BUSINESS,4.4,1254730,Varies with device,"10,000,000+",Free,0,Everyone,Business,"August 3, 2018",Varies with device,Varies with device,CANADA
ADP Mobile Solutions,BUSINESS,4.3,85185,29M,"5,000,000+",Free,0,Everyone,Business,"July 17, 2018",3.4.2,5.0 and up,United States
ADP Mobile Solutions,BUSINESS,4.3,85185,29M,"5,000,000+",Free,0,Everyone,Business,"July 17, 2018",3.4.2,5.0 and up,CANADA
Snag - Jobs Hiring Now,BUSINESS,4.3,32584,Varies with device,"1,000,000+",Free,0,Everyone,Business,"May 4, 2018",Varies with device,Varies with device,United States
Snag - Jobs Hiring Now,BUSINESS,4.3,32584,Varies with device,"1,000,000+",Free,0,Everyone,Business,"May 4, 2018",Varies with device,Varies with device,CANADA
Docs To Go™ Free Office Suite,BUSINESS,4.1,217730,Varies with device,"50,000,000+",Free,0,Everyone,Business,"April 2, 2018",Varies with device,Varies with device,United States
Docs To Go™ Free Office Suite,BUSINESS,4.1,217730,Varies with device,"50,000,000+",Free,0,Everyone,Business,"April 2, 2018",Varies with device,Varies with device,CANADA
Google My Business,BUSINESS,4.4,70991,Varies with device,"5,000,000+",Free,0,Everyone,Business,"July 24, 2018",2.19.0.204537701,4.4 and up,United States
Google My Business,BUSINESS,4.4,70991,Varies with device,"5,000,000+",Free,0,Everyone,Business,"July 24, 2018",2.19.0.204537701,4.4 and up,CANADA
OfficeSuite : Free Office + PDF Editor,BUSINESS,4.3,1002861,35M,"100,000,000+",Free,0,Everyone,Business,"August 2, 2018",9.7.14188,4.1 and up,United States
OfficeSuite : Free Office + PDF Editor,BUSINESS,4.3,1002861,35M,"100,000,000+",Free,0,Everyone,Business,"August 2, 2018",9.7.14188,4.1 and up,CANADA
USPS MOBILE®,BUSINESS,3.9,16589,9.1M,"1,000,000+",Free,0,Everyone,Business,"June 14, 2018",4.9.10,4.0.3 and up,United States
USPS MOBILE®,BUSINESS,3.9,16589,9.1M,"1,000,000+",Free,0,Everyone,Business,"June 14, 2018",4.9.10,4.0.3 and up,CANADA
Job Search by ZipRecruiter,BUSINESS,4.8,148945,25M,"1,000,000+",Free,0,Everyone,Business,"July 19, 2018",5.2.8,5.0 and up,United States
Job Search by ZipRecruiter,BUSINESS,4.8,148945,25M,"1,000,000+",Free,0,Everyone,Business,"July 19, 2018",5.2.8,5.0 and up,CANADA
Curriculum vitae App CV Builder Free Resume Maker,BUSINESS,4.5,4458,3.9M,"500,000+",Free,0,Everyone,Business,"July 8, 2018",3.3,4.1 and up,United States
Curriculum vitae App CV Builder Free Resume Maker,BUSINESS,4.5,4458,3.9M,"500,000+",Free,0,Everyone,Business,"July 8, 2018",3.3,4.1 and up,CANADA
Google Primer,BUSINESS,4.4,62272,18M,"10,000,000+",Free,0,Everyone,Business,"June 26, 2018",3.550.2,4.1 and up,United States
Google Primer,BUSINESS,4.4,62272,18M,"10,000,000+",Free,0,Everyone,Business,"June 26, 2018",3.550.2,4.1 and up,CANADA
Alba Heaven - Alvarez Job Portal Services,BUSINESS,4.0,8941,12M,"5,000,000+",Free,0,Everyone,Business,"July 31, 2018",4.6.30,4.0.3 and up,United States
Alba Heaven - Alvarez Job Portal Services,BUSINESS,4.0,8941,12M,"5,000,000+",Free,0,Everyone,Business,"July 31, 2018",4.6.30,4.0.3 and up,CANADA
SuperLivePro,BUSINESS,4.3,46353,21M,"1,000,000+",Free,0,Everyone,Business,"April 13, 2016",2.8,1.5 and up,United States
SuperLivePro,BUSINESS,4.3,46353,21M,"1,000,000+",Free,0,Everyone,Business,"April 13, 2016",2.8,1.5 and up,CANADA
Facebook Pages Manager,BUSINESS,4.0,1279184,Varies with device,"50,000,000+",Free,0,Everyone,Business,"August 2, 2018",Varies with device,Varies with device,United States
Facebook Pages Manager,BUSINESS,4.0,1279184,Varies with device,"50,000,000+",Free,0,Everyone,Business,"August 2, 2018",Varies with device,Varies with device,CANADA
OfficeSuite Pro + PDF (Trial),BUSINESS,4.2,88073,Varies with device,"10,000,000+",Free,0,Everyone,Business,"July 9, 2018",Varies with device,Varies with device,United States
OfficeSuite Pro + PDF (Trial),BUSINESS,4.2,88073,Varies with device,"10,000,000+",Free,0,Everyone,Business,"July 9, 2018",Varies with device,Varies with device,CANADA
My Space - Employment Center,BUSINESS,4.5,67000,Varies with device,"1,000,000+",Free,0,Everyone,Business,"July 17, 2018",Varies with device,4.3 and up,United States
My Space - Employment Center,BUSINESS,4.5,67000,Varies with device,"1,000,000+",Free,0,Everyone,Business,"July 17, 2018",Varies with device,4.3 and up,CANADA
Box,BUSINESS,4.2,159872,Varies with device,"10,000,000+",Free,0,Everyone,Business,"July 31, 2018",Varies with device,Varies with device,United States
Box,BUSINESS,4.2,159872,Varies with device,"10,000,000+",Free,0,Everyone,Business,"July 31, 2018",Varies with device,Varies with device,CANADA
Polaris Office for LG,BUSINESS,4.2,30847,55M,"5,000,000+",Free,0,Everyone,Business,"February 8, 2018",7.3.21,4.1 and up,United States
Polaris Office for LG,BUSINESS,4.2,30847,55M,"5,000,000+",Free,0,Everyone,Business,"February 8, 2018",7.3.21,4.1 and up,CANADA
Call Blocker,BUSINESS,4.6,188841,3.2M,"5,000,000+",Free,0,Everyone,Business,"June 21, 2018",1.1.13,4.0 and up,United States
Call Blocker,BUSINESS,4.6,188841,3.2M,"5,000,000+",Free,0,Everyone,Business,"June 21, 2018",1.1.13,4.0 and up,CANADA
Jobs in Alabama - Jobs in Alba,BUSINESS,4.1,11622,Varies with device,"5,000,000+",Free,0,Everyone,Business,"July 26, 2018",Varies with device,Varies with device,United States
Jobs in Alabama - Jobs in Alba,BUSINESS,4.1,11622,Varies with device,"5,000,000+",Free,0,Everyone,Business,"July 26, 2018",Varies with device,Varies with device,CANADA
Square Point of Sale - POS,BUSINESS,4.6,95912,Varies with device,"5,000,000+",Free,0,Everyone,Business,"July 30, 2018",Varies with device,Varies with device,United States
Square Point of Sale - POS,BUSINESS,4.6,95912,Varies with device,"5,000,000+",Free,0,Everyone,Business,"July 30, 2018",Varies with device,Varies with device,CANADA
Plugin:AOT v5.0,BUSINESS,3.1,4034,23k,"100,000+",Free,0,Everyone,Business,"September 11, 2015",3.0.1.11 (Build 311),2.2 and up,United States
Plugin:AOT v5.0,BUSINESS,3.1,4034,23k,"100,000+",Free,0,Everyone,Business,"September 11, 2015",3.0.1.11 (Build 311),2.2 and up,CANADA
Kariyer.net,BUSINESS,3.9,45964,16M,"1,000,000+",Free,0,Everyone,Business,"July 18, 2018",5.1.5,4.1 and up,United States
Kariyer.net,BUSINESS,3.9,45964,16M,"1,000,000+",Free,0,Everyone,Business,"July 18, 2018",5.1.5,4.1 and up,CANADA
SEEK Job Search,BUSINESS,4.3,14955,Varies with device,"1,000,000+",Free,0,Everyone,Business,"July 30, 2018",Varies with device,Varies with device,United States
SEEK Job Search,BUSINESS,4.3,14955,Varies with device,"1,000,000+",Free,0,Everyone,Business,"July 30, 2018",Varies with device,Varies with device,CANADA
Become a Job - Find a job or advertise,BUSINESS,4.1,6903,14M,"1,000,000+",Free,0,Everyone,Business,"July 10, 2018",2.3.6,4.1 and up,United States
Become a Job - Find a job or advertise,BUSINESS,4.1,6903,14M,"1,000,000+",Free,0,Everyone,Business,"July 10, 2018",2.3.6,4.1 and up,CANADA
ZOOM Cloud Meetings,BUSINESS,4.4,31614,37M,"10,000,000+",Free,0,Everyone,Business,"July 20, 2018",4.1.28165.0716,4.0 and up,United States
ZOOM Cloud Meetings,BUSINESS,4.4,31614,37M,"10,000,000+",Free,0,Everyone,Business,"July 20, 2018",4.1.28165.0716,4.0 and up,CANADA
Easy Installer - Apps On SD,BUSINESS,4.1,23055,Varies with device,"5,000,000+",Free,0,Everyone,Business,"June 8, 2018",Varies with device,Varies with device,United States
Easy Installer - Apps On SD,BUSINESS,4.1,23055,Varies with device,"5,000,000+",Free,0,Everyone,Business,"June 8, 2018",Varies with device,Varies with device,CANADA
Facebook Ads Manager,BUSINESS,4.1,19023,Varies with device,"1,000,000+",Free,0,Everyone,Business,"August 1, 2018",99.0.0.35.75,4.1 and up,United States
Facebook Ads Manager,BUSINESS,4.1,19023,Varies with device,"1,000,000+",Free,0,Everyone,Business,"August 1, 2018",99.0.0.35.75,4.1 and up,CANADA
"IndiaMART: Search Products, Buy, Sell & Trade",BUSINESS,4.5,207372,11M,"5,000,000+",Free,0,Everyone,Business,"August 2, 2018",12.2.4,4.0 and up,United States
"IndiaMART: Search Products, Buy, Sell & Trade",BUSINESS,4.5,207372,11M,"5,000,000+",Free,0,Everyone,Business,"August 2, 2018",12.2.4,4.0 and up,CANADA
ViettelPost express delivery,BUSINESS,4.4,1225,25M,"100,000+",Free,0,Everyone,Business,"August 1, 2018",1.0.6.8,4.1 and up,United States
ViettelPost express delivery,BUSINESS,4.4,1225,25M,"100,000+",Free,0,Everyone,Business,"August 1, 2018",1.0.6.8,4.1 and up,CANADA
MyASUS - Service Center,BUSINESS,4.4,380837,7.3M,"10,000,000+",Free,0,Everyone,Business,"July 4, 2018",3.4.5,4.2 and up,United States
MyASUS - Service Center,BUSINESS,4.4,380837,7.3M,"10,000,000+",Free,0,Everyone,Business,"July 4, 2018",3.4.5,4.2 and up,CANADA
Job Korea - Career Jobs,BUSINESS,4.3,10600,6.5M,"1,000,000+",Free,0,Everyone,Business,"August 1, 2018",2.5.6,4.0 and up,United States
Job Korea - Career Jobs,BUSINESS,4.3,10600,6.5M,"1,000,000+",Free,0,Everyone,Business,"August 1, 2018",2.5.6,4.0 and up,CANADA
"104 Looking for a job - looking for a job, looking for a job, looking for a part-time job, health checkup, resume, treatment room",BUSINESS,4.4,74359,25M,"1,000,000+",Free,0,Everyone,Business,"July 27, 2018",1.12.5,4.0 and up,United States
"104 Looking for a job - looking for a job, looking for a job, looking for a part-time job, health checkup, resume, treatment room",BUSINESS,4.4,74359,25M,"1,000,000+",Free,0,Everyone,Business,"July 27, 2018",1.12.5,4.0 and up,CANADA
Myanmar 2D/3D,BUSINESS,4.6,822,3.1M,"100,000+",Free,0,Everyone,Business,"June 8, 2018",1.5,4.0.3 and up,United States
Myanmar 2D/3D,BUSINESS,4.6,822,3.1M,"100,000+",Free,0,Everyone,Business,"June 8, 2018",1.5,4.0.3 and up,CANADA
Quick PDF Scanner + OCR FREE,BUSINESS,4.2,80805,Varies with device,"5,000,000+",Free,0,Everyone,Business,"February 26, 2018",Varies with device,4.0.3 and up,United States
Quick PDF Scanner + OCR FREE,BUSINESS,4.2,80805,Varies with device,"5,000,000+",Free,0,Everyone,Business,"February 26, 2018",Varies with device,4.0.3 and up,CANADA
sABN,BUSINESS,4.4,2287,1.5M,"1,000,000+",Free,0,Everyone,Business,"March 26, 2018",4.9,2.2 and up,United States
sABN,BUSINESS,4.4,2287,1.5M,"1,000,000+",Free,0,Everyone,Business,"March 26, 2018",4.9,2.2 and up,CANADA
ATI Cargoes and Transportation,BUSINESS,4.7,4162,7.5M,"100,000+",Free,0,Everyone,Business,"July 24, 2018",0.9.4,4.0.3 and up,United States
ATI Cargoes and Transportation,BUSINESS,4.7,4162,7.5M,"100,000+",Free,0,Everyone,Business,"July 24, 2018",0.9.4,4.0.3 and up,CANADA
Secure Folder,BUSINESS,3.8,14760,8.6M,"50,000,000+",Free,0,Everyone,Business,"January 31, 2018",1.1.07.6,7.0 and up,United States
Secure Folder,BUSINESS,3.8,14760,8.6M,"50,000,000+",Free,0,Everyone,Business,"January 31, 2018",1.1.07.6,7.0 and up,CANADA
UPS Mobile,BUSINESS,3.9,23243,Varies with device,"5,000,000+",Free,0,Everyone,Business,"June 25, 2018",Varies with device,Varies with device,United States
UPS Mobile,BUSINESS,3.9,23243,Varies with device,"5,000,000+",Free,0,Everyone,Business,"June 25, 2018",Varies with device,Varies with device,CANADA
Y! Mobile menu,BUSINESS,,9,1.2M,"100,000+",Free,0,Everyone,Business,"April 9, 2018",1.0.5,6.0 and up,United States
Y! Mobile menu,BUSINESS,,9,1.2M,"100,000+",Free,0,Everyone,Business,"April 9, 2018",1.0.5,6.0 and up,CANADA
SignEasy | Sign and Fill PDF and other Documents,BUSINESS,4.3,8978,Varies with device,"1,000,000+",Free,0,Everyone,Business,"July 25, 2018",Varies with device,Varies with device,United States
SignEasy | Sign and Fill PDF and other Documents,BUSINESS,4.3,8978,Varies with device,"1,000,000+",Free,0,Everyone,Business,"July 25, 2018",Varies with device,Varies with device,CANADA
Quick PDF Scanner + OCR FREE,BUSINESS,4.2,80805,Varies with device,"5,000,000+",Free,0,Everyone,Business,"February 26, 2018",Varies with device,4.0.3 and up,United States
Quick PDF Scanner + OCR FREE,BUSINESS,4.2,80805,Varies with device,"5,000,000+",Free,0,Everyone,Business,"February 26, 2018",Varies with device,4.0.3 and up,CANADA
Genius Scan - PDF Scanner,BUSINESS,4.4,42492,Varies with device,"1,000,000+",Free,0,Everyone,Business,"July 11, 2018",Varies with device,Varies with device,United States
Genius Scan - PDF Scanner,BUSINESS,4.4,42492,Varies with device,"1,000,000+",Free,0,Everyone,Business,"July 11, 2018",Varies with device,Varies with device,CANADA
Tiny Scanner - PDF Scanner App,BUSINESS,4.7,286897,39M,"10,000,000+",Free,0,Everyone,Business,"May 30, 2017",1.2.6,3.0 and up,United States
Tiny Scanner - PDF Scanner App,BUSINESS,4.7,286897,39M,"10,000,000+",Free,0,Everyone,Business,"May 30, 2017",1.2.6,3.0 and up,CANADA
Fast Scanner : Free PDF Scan,BUSINESS,4.5,103755,14M,"10,000,000+",Free,0,Everyone,Business,"July 11, 2018",3.9.2,4.1 and up,United States
Fast Scanner : Free PDF Scan,BUSINESS,4.5,103755,14M,"10,000,000+",Free,0,Everyone,Business,"July 11, 2018",3.9.2,4.1 and up,CANADA
Mobile Doc Scanner (MDScan) Lite,BUSINESS,4.2,46505,19M,"1,000,000+",Free,0,Everyone,Business,"August 2, 2018",3.4.49,4.1 and up,United States
Mobile Doc Scanner (MDScan) Lite,BUSINESS,4.2,46505,19M,"1,000,000+",Free,0,Everyone,Business,"August 2, 2018",3.4.49,4.1 and up,CANADA
TurboScan: scan documents and receipts in PDF,BUSINESS,4.7,11442,6.8M,"100,000+",Paid,$4.99,Everyone,Business,"March 25, 2018",1.5.2,4.0 and up,United States
TurboScan: scan documents and receipts in PDF,BUSINESS,4.7,11442,6.8M,"100,000+",Paid,$4.99,Everyone,Business,"March 25, 2018",1.5.2,4.0 and up,CANADA
Tiny Scanner Pro: PDF Doc Scan,BUSINESS,4.8,10295,39M,"100,000+",Paid,$4.99,Everyone,Business,"April 11, 2017",3.4.6,3.0 and up,United States
Tiny Scanner Pro: PDF Doc Scan,BUSINESS,4.8,10295,39M,"100,000+",Paid,$4.99,Everyone,Business,"April 11, 2017",3.4.6,3.0 and up,CANADA
Box,BUSINESS,4.2,159872,Varies with device,"10,000,000+",Free,0,Everyone,Business,"July 31, 2018",Varies with device,Varies with device,United States
Box,BUSINESS,4.2,159872,Varies with device,"10,000,000+",Free,0,Everyone,Business,"July 31, 2018",Varies with device,Varies with device,CANADA
Zenefits,BUSINESS,4.2,296,14M,"50,000+",Free,0,Everyone,Business,"June 15, 2018",3.2.1,4.1 and up,United States
Zenefits,BUSINESS,4.2,296,14M,"50,000+",Free,0,Everyone,Business,"June 15, 2018",3.2.1,4.1 and up,CANADA
Google Ads,BUSINESS,4.3,29313,20M,"5,000,000+",Free,0,Everyone,Business,"July 30, 2018",1.12.0,4.0.3 and up,United States
Google Ads,BUSINESS,4.3,29313,20M,"5,000,000+",Free,0,Everyone,Business,"July 30, 2018",1.12.0,4.0.3 and up,CANADA
Google My Business,BUSINESS,4.4,70991,Varies with device,"5,000,000+",Free,0,Everyone,Business,"July 24, 2018",2.19.0.204537701,4.4 and up,United States
Google My Business,BUSINESS,4.4,70991,Varies with device,"5,000,000+",Free,0,Everyone,Business,"July 24, 2018",2.19.0.204537701,4.4 and up,CANADA
Slack,BUSINESS,4.4,51507,Varies with device,"5,000,000+",Free,0,Everyone,Business,"August 2, 2018",Varies with device,Varies with device,United States
Slack,BUSINESS,4.4,51507,Varies with device,"5,000,000+",Free,0,Everyone,Business,"August 2, 2018",Varies with device,Varies with device,CANADA
FreshBooks Classic,BUSINESS,4.1,1802,26M,"100,000+",Free,0,Everyone,Business,"April 18, 2018",1.7.14,4.2 and up,United States
FreshBooks Classic,BUSINESS,4.1,1802,26M,"100,000+",Free,0,Everyone,Business,"April 18, 2018",1.7.14,4.2 and up,CANADA
Insightly CRM,BUSINESS,3.8,1383,51M,"100,000+",Free,0,Everyone,Business,"July 12, 2018",3.24.1,5.0 and up,United States
Insightly CRM,BUSINESS,3.8,1383,51M,"100,000+",Free,0,Everyone,Business,"July 12, 2018",3.24.1,5.0 and up,CANADA
QuickBooks Accounting: Invoicing & Expenses,BUSINESS,4.3,23175,41M,"1,000,000+",Free,0,Everyone,Business,"July 13, 2018",18.7,4.1 and up,United States
QuickBooks Accounting: Invoicing & Expenses,BUSINESS,4.3,23175,41M,"1,000,000+",Free,0,Everyone,Business,"July 13, 2018",18.7,4.1 and up,CANADA
HipChat - Chat Built for Teams,BUSINESS,3.8,5868,20M,"500,000+",Free,0,Everyone,Business,"July 3, 2018",3.19.005,4.1 and up,United States
HipChat - Chat Built for Teams,BUSINESS,3.8,5868,20M,"500,000+",Free,0,Everyone,Business,"July 3, 2018",3.19.005,4.1 and up,CANADA
Xero Accounting Software,BUSINESS,3.5,2111,Varies with device,"100,000+",Free,0,Everyone,Business,"July 30, 2018",Varies with device,Varies with device,United States
Xero Accounting Software,BUSINESS,3.5,2111,Varies with device,"100,000+",Free,0,Everyone,Business,"July 30, 2018",Varies with device,Varies with device,CANADA
"MailChimp - Email, Marketing Automation",BUSINESS,4.1,5448,12M,"500,000+",Free,0,Everyone,Business,"July 25, 2018",4.9.1,5.0 and up,United States
"MailChimp - Email, Marketing Automation",BUSINESS,4.1,5448,12M,"500,000+",Free,0,Everyone,Business,"July 25, 2018",4.9.1,5.0 and up,CANADA
Crew - Free Messaging and Scheduling,BUSINESS,4.6,4159,48M,"500,000+",Free,0,Everyone,Business,"July 20, 2018",6.1.2,4.0.3 and up,United States
Crew - Free Messaging and Scheduling,BUSINESS,4.6,4159,48M,"500,000+",Free,0,Everyone,Business,"July 20, 2018",6.1.2,4.0.3 and up,CANADA
Asana: organize team projects,BUSINESS,4.3,20815,10M,"1,000,000+",Free,0,Everyone,Business,"July 26, 2018",6.4.4,5.0 and up,United States
Asana: organize team projects,BUSINESS,4.3,20815,10M,"1,000,000+",Free,0,Everyone,Business,"July 26, 2018",6.4.4,5.0 and up,CANADA
Google Analytics,BUSINESS,4.5,78662,22M,"1,000,000+",Free,0,Everyone,Business,"February 13, 2018",3.7.5,4.4 and up,United States
Google Analytics,BUSINESS,4.5,78662,22M,"1,000,000+",Free,0,Everyone,Business,"February 13, 2018",3.7.5,4.4 and up,CANADA
AdWords Express,BUSINESS,4.1,7149,11M,"1,000,000+",Free,0,Everyone,Business,"July 31, 2018",2.6.158,4.0 and up,United States
AdWords Express,BUSINESS,4.1,7149,11M,"1,000,000+",Free,0,Everyone,Business,"July 31, 2018",2.6.158,4.0 and up,CANADA
Accounting App - Zoho Books,BUSINESS,4.5,3079,8.5M,"100,000+",Free,0,Everyone,Business,"August 2, 2018",5.20.7,4.1 and up,United States
Accounting App - Zoho Books,BUSINESS,4.5,3079,8.5M,"100,000+",Free,0,Everyone,Business,"August 2, 2018",5.20.7,4.1 and up,CANADA
Invoice & Time Tracking - Zoho,BUSINESS,4.6,5800,8.6M,"100,000+",Free,0,Everyone,Business,"August 2, 2018",5.20.7,4.1 and up,United States
Invoice & Time Tracking - Zoho,BUSINESS,4.6,5800,8.6M,"100,000+",Free,0,Everyone,Business,"August 2, 2018",5.20.7,4.1 and up,CANADA
join.me - Simple Meetings,BUSINESS,4.0,6989,Varies with device,"1,000,000+",Free,0,Everyone,Business,"July 16, 2018",4.3.0.508,4.4 and up,United States
join.me - Simple Meetings,BUSINESS,4.0,6989,Varies with device,"1,000,000+",Free,0,Everyone,Business,"July 16, 2018",4.3.0.508,4.4 and up,CANADA
Invoice 2go — Professional Invoices and Estimates,BUSINESS,4.2,16422,28M,"1,000,000+",Free,0,Everyone,Business,"August 1, 2018",10.46.2,4.1 and up,United States
Invoice 2go — Professional Invoices and Estimates,BUSINESS,4.2,16422,28M,"1,000,000+",Free,0,Everyone,Business,"August 1, 2018",10.46.2,4.1 and up,CANADA
Cisco Webex Meetings,BUSINESS,4.4,108741,28M,"10,000,000+",Free,0,Everyone,Business,"July 20, 2018",11.1.0,4.3 and up,United States
Cisco Webex Meetings,BUSINESS,4.4,108741,28M,"10,000,000+",Free,0,Everyone,Business,"July 20, 2018",11.1.0,4.3 and up,CANADA
ZOOM Cloud Meetings,BUSINESS,4.4,31614,37M,"10,000,000+",Free,0,Everyone,Business,"July 20, 2018",4.1.28165.0716,4.0 and up,United States
ZOOM Cloud Meetings,BUSINESS,4.4,31614,37M,"10,000,000+",Free,0,Everyone,Business,"July 20, 2018",4.1.28165.0716,4.0 and up,CANADA
ScreenMeet. Easy Phone Meeting,BUSINESS,4.0,624,9.0M,"100,000+",Free,0,Everyone,Business,"March 22, 2018",1.2.287,5.0 and up,United States
ScreenMeet. Easy Phone Meeting,BUSINESS,4.0,624,9.0M,"100,000+",Free,0,Everyone,Business,"March 22, 2018",1.2.287,5.0 and up,CANADA
Cisco Webex Teams,BUSINESS,4.2,1661,46M,"100,000+",Free,0,Everyone,Business,"August 2, 2018",3.0.4651,4.4 and up,United States
Cisco Webex Teams,BUSINESS,4.2,1661,46M,"100,000+",Free,0,Everyone,Business,"August 2, 2018",3.0.4651,4.4 and up,CANADA
Microsoft Remote Desktop,BUSINESS,4.2,97702,Varies with device,"5,000,000+",Free,0,Everyone,Business,"July 11, 2018",Varies with device,Varies with device,United States
Microsoft Remote Desktop,BUSINESS,4.2,97702,Varies with device,"5,000,000+",Free,0,Everyone,Business,"July 11, 2018",Varies with device,Varies with device,CANADA
Start Meeting,BUSINESS,4.1,308,14M,"50,000+",Free,0,Everyone,Business,"May 29, 2018",3.1.4.0,4.0.3 and up,United States
Start Meeting,BUSINESS,4.1,308,14M,"50,000+",Free,0,Everyone,Business,"May 29, 2018",3.1.4.0,4.0.3 and up,CANADA
join.me - Simple Meetings,BUSINESS,4.0,6989,Varies with device,"1,000,000+",Free,0,Everyone,Business,"July 16, 2018",4.3.0.508,4.4 and up,United States
join.me - Simple Meetings,BUSINESS,4.0,6989,Varies with device,"1,000,000+",Free,0,Everyone,Business,"July 16, 2018",4.3.0.508,4.4 and up,CANADA
ClickMeeting Webinars,BUSINESS,3.8,5211,26M,"1,000,000+",Free,0,Everyone,Business,"July 30, 2018",3.3.0,4.0 and up,United States
ClickMeeting Webinars,BUSINESS,3.8,5211,26M,"1,000,000+",Free,0,Everyone,Business,"July 30, 2018",3.3.0,4.0 and up,CANADA
BlueJeans for Android,BUSINESS,3.9,1058,23M,"500,000+",Free,0,Everyone,Business,"June 29, 2018",2.22.397,5.0 and up,United States
BlueJeans for Android,BUSINESS,3.9,1058,23M,"500,000+",Free,0,Everyone,Business,"June 29, 2018",2.22.397,5.0 and up,CANADA
Skype for Business for Android,BUSINESS,3.9,78172,Varies with device,"10,000,000+",Free,0,Everyone,Business,"August 2, 2018",Varies with device,Varies with device,United States
Skype for Business for Android,BUSINESS,3.9,78172,Varies with device,"10,000,000+",Free,0,Everyone,Business,"August 2, 2018",Varies with device,Varies with device,CANADA
Box,BUSINESS,4.2,159872,Varies with device,"10,000,000+",Free,0,Everyone,Business,"July 31, 2018",Varies with device,Varies with device,United States
Box,BUSINESS,4.2,159872,Varies with device,"10,000,000+",Free,0,Everyone,Business,"July 31, 2018",Varies with device,Varies with device,CANADA
Zenefits,BUSINESS,4.2,296,14M,"50,000+",Free,0,Everyone,Business,"June 15, 2018",3.2.1,4.1 and up,United States
Zenefits,BUSINESS,4.2,296,14M,"50,000+",Free,0,Everyone,Business,"June 15, 2018",3.2.1,4.1 and up,CANADA
Google Ads,BUSINESS,4.3,29313,20M,"5,000,000+",Free,0,Everyone,Business,"July 30, 2018",1.12.0,4.0.3 and up,United States
Google Ads,BUSINESS,4.3,29313,20M,"5,000,000+",Free,0,Everyone,Business,"July 30, 2018",1.12.0,4.0.3 and up,CANADA
Google My Business,BUSINESS,4.4,70991,Varies with device,"5,000,000+",Free,0,Everyone,Business,"July 24, 2018",2.19.0.204537701,4.4 and up,United States
Google My Business,BUSINESS,4.4,70991,Varies with device,"5,000,000+",Free,0,Everyone,Business,"July 24, 2018",2.19.0.204537701,4.4 and up,CANADA
Slack,BUSINESS,4.4,51507,Varies with device,"5,000,000+",Free,0,Everyone,Business,"August 2, 2018",Varies with device,Varies with device,United States
Slack,BUSINESS,4.4,51507,Varies with device,"5,000,000+",Free,0,Everyone,Business,"August 2, 2018",Varies with device,Varies with device,CANADA
FreshBooks Classic,BUSINESS,4.1,1802,26M,"100,000+",Free,0,Everyone,Business,"April 18, 2018",1.7.14,4.2 and up,United States
FreshBooks Classic,BUSINESS,4.1,1802,26M,"100,000+",Free,0,Everyone,Business,"April 18, 2018",1.7.14,4.2 and up,CANADA
Insightly CRM,BUSINESS,3.8,1383,51M,"100,000+",Free,0,Everyone,Business,"July 12, 2018",3.24.1,5.0 and up,United States
Insightly CRM,BUSINESS,3.8,1383,51M,"100,000+",Free,0,Everyone,Business,"July 12, 2018",3.24.1,5.0 and up,CANADA
QuickBooks Accounting: Invoicing & Expenses,BUSINESS,4.3,23175,41M,"1,000,000+",Free,0,Everyone,Business,"July 13, 2018",18.7,4.1 and up,United States
QuickBooks Accounting: Invoicing & Expenses,BUSINESS,4.3,23175,41M,"1,000,000+",Free,0,Everyone,Business,"July 13, 2018",18.7,4.1 and up,CANADA
HipChat - Chat Built for Teams,BUSINESS,3.8,5868,20M,"500,000+",Free,0,Everyone,Business,"July 3, 2018",3.19.005,4.1 and up,United States
HipChat - Chat Built for Teams,BUSINESS,3.8,5868,20M,"500,000+",Free,0,Everyone,Business,"July 3, 2018",3.19.005,4.1 and up,CANADA
Xero Accounting Software,BUSINESS,3.5,2111,Varies with device,"100,000+",Free,0,Everyone,Business,"July 30, 2018",Varies with device,Varies with device,United States
Xero Accounting Software,BUSINESS,3.5,2111,Varies with device,"100,000+",Free,0,Everyone,Business,"July 30, 2018",Varies with device,Varies with device,CANADA
"MailChimp - Email, Marketing Automation",BUSINESS,4.1,5448,12M,"500,000+",Free,0,Everyone,Business,"July 25, 2018",4.9.1,5.0 and up,United States
"MailChimp - Email, Marketing Automation",BUSINESS,4.1,5448,12M,"500,000+",Free,0,Everyone,Business,"July 25, 2018",4.9.1,5.0 and up,CANADA
Crew - Free Messaging and Scheduling,BUSINESS,4.6,4159,48M,"500,000+",Free,0,Everyone,Business,"July 20, 2018",6.1.2,4.0.3 and up,United States
Crew - Free Messaging and Scheduling,BUSINESS,4.6,4159,48M,"500,000+",Free,0,Everyone,Business,"July 20, 2018",6.1.2,4.0.3 and up,CANADA
Asana: organize team projects,BUSINESS,4.3,20815,10M,"1,000,000+",Free,0,Everyone,Business,"July 26, 2018",6.4.4,5.0 and up,United States
Asana: organize team projects,BUSINESS,4.3,20815,10M,"1,000,000+",Free,0,Everyone,Business,"July 26, 2018",6.4.4,5.0 and up,CANADA
Google Analytics,BUSINESS,4.5,78662,22M,"1,000,000+",Free,0,Everyone,Business,"February 13, 2018",3.7.5,4.4 and up,United States
Google Analytics,BUSINESS,4.5,78662,22M,"1,000,000+",Free,0,Everyone,Business,"February 13, 2018",3.7.5,4.4 and up,CANADA
AdWords Express,BUSINESS,4.1,7149,11M,"1,000,000+",Free,0,Everyone,Business,"July 31, 2018",2.6.158,4.0 and up,United States
AdWords Express,BUSINESS,4.1,7149,11M,"1,000,000+",Free,0,Everyone,Business,"July 31, 2018",2.6.158,4.0 and up,CANADA
Accounting App - Zoho Books,BUSINESS,4.5,3079,8.5M,"100,000+",Free,0,Everyone,Business,"August 2, 2018",5.20.7,4.1 and up,United States
Accounting App - Zoho Books,BUSINESS,4.5,3079,8.5M,"100,000+",Free,0,Everyone,Business,"August 2, 2018",5.20.7,4.1 and up,CANADA
Invoice & Time Tracking - Zoho,BUSINESS,4.6,5800,8.6M,"100,000+",Free,0,Everyone,Business,"August 2, 2018",5.20.7,4.1 and up,United States
Invoice & Time Tracking - Zoho,BUSINESS,4.6,5800,8.6M,"100,000+",Free,0,Everyone,Business,"August 2, 2018",5.20.7,4.1 and up,CANADA
join.me - Simple Meetings,BUSINESS,4.0,6989,Varies with device,"1,000,000+",Free,0,Everyone,Business,"July 16, 2018",4.3.0.508,4.4 and up,United States
join.me - Simple Meetings,BUSINESS,4.0,6989,Varies with device,"1,000,000+",Free,0,Everyone,Business,"July 16, 2018",4.3.0.508,4.4 and up,CANADA
Invoice 2go — Professional Invoices and Estimates,BUSINESS,4.2,16422,28M,"1,000,000+",Free,0,Everyone,Business,"August 1, 2018",10.46.2,4.1 and up,United States
Invoice 2go — Professional Invoices and Estimates,BUSINESS,4.2,16422,28M,"1,000,000+",Free,0,Everyone,Business,"August 1, 2018",10.46.2,4.1 and up,CANADA
SignEasy | Sign and Fill PDF and other Documents,BUSINESS,4.3,8978,Varies with device,"1,000,000+",Free,0,Everyone,Business,"July 25, 2018",Varies with device,Varies with device,United States
SignEasy | Sign and Fill PDF and other Documents,BUSINESS,4.3,8978,Varies with device,"1,000,000+",Free,0,Everyone,Business,"July 25, 2018",Varies with device,Varies with device,CANADA
Quick PDF Scanner + OCR FREE,BUSINESS,4.2,80804,Varies with device,"5,000,000+",Free,0,Everyone,Business,"February 26, 2018",Varies with device,4.0.3 and up,United States
Quick PDF Scanner + OCR FREE,BUSINESS,4.2,80804,Varies with device,"5,000,000+",Free,0,Everyone,Business,"February 26, 2018",Varies with device,4.0.3 and up,CANADA
Genius Scan - PDF Scanner,BUSINESS,4.4,42492,Varies with device,"1,000,000+",Free,0,Everyone,Business,"July 11, 2018",Varies with device,Varies with device,United States
Genius Scan - PDF Scanner,BUSINESS,4.4,42492,Varies with device,"1,000,000+",Free,0,Everyone,Business,"July 11, 2018",Varies with device,Varies with device,CANADA
Tiny Scanner - PDF Scanner App,BUSINESS,4.7,286897,39M,"10,000,000+",Free,0,Everyone,Business,"May 30, 2017",1.2.6,3.0 and up,United States
Tiny Scanner - PDF Scanner App,BUSINESS,4.7,286897,39M,"10,000,000+",Free,0,Everyone,Business,"May 30, 2017",1.2.6,3.0 and up,CANADA
Fast Scanner : Free PDF Scan,BUSINESS,4.5,103755,14M,"10,000,000+",Free,0,Everyone,Business,"July 11, 2018",3.9.2,4.1 and up,United States
Fast Scanner : Free PDF Scan,BUSINESS,4.5,103755,14M,"10,000,000+",Free,0,Everyone,Business,"July 11, 2018",3.9.2,4.1 and up,CANADA
Mobile Doc Scanner (MDScan) Lite,BUSINESS,4.2,46505,19M,"1,000,000+",Free,0,Everyone,Business,"August 2, 2018",3.4.49,4.1 and up,United States
Mobile Doc Scanner (MDScan) Lite,BUSINESS,4.2,46505,19M,"1,000,000+",Free,0,Everyone,Business,"August 2, 2018",3.4.49,4.1 and up,CANADA
TurboScan: scan documents and receipts in PDF,BUSINESS,4.7,11442,6.8M,"100,000+",Paid,$4.99,Everyone,Business,"March 25, 2018",1.5.2,4.0 and up,United States
TurboScan: scan documents and receipts in PDF,BUSINESS,4.7,11442,6.8M,"100,000+",Paid,$4.99,Everyone,Business,"March 25, 2018",1.5.2,4.0 and up,CANADA
Tiny Scanner Pro: PDF Doc Scan,BUSINESS,4.8,10295,39M,"100,000+",Paid,$4.99,Everyone,Business,"April 11, 2017",3.4.6,3.0 and up,United States
Tiny Scanner Pro: PDF Doc Scan,BUSINESS,4.8,10295,39M,"100,000+",Paid,$4.99,Everyone,Business,"April 11, 2017",3.4.6,3.0 and up,CANADA
Docs To Go™ Free Office Suite,BUSINESS,4.1,217730,Varies with device,"50,000,000+",Free,0,Everyone,Business,"April 2, 2018",Varies with device,Varies with device,United States
Docs To Go™ Free Office Suite,BUSINESS,4.1,217730,Varies with device,"50,000,000+",Free,0,Everyone,Business,"April 2, 2018",Varies with device,Varies with device,CANADA
OfficeSuite : Free Office + PDF Editor,BUSINESS,4.3,1002859,35M,"100,000,000+",Free,0,Everyone,Business,"August 2, 2018",9.7.14188,4.1 and up,United States
OfficeSuite : Free Office + PDF Editor,BUSINESS,4.3,1002859,35M,"100,000,000+",Free,0,Everyone,Business,"August 2, 2018",9.7.14188,4.1 and up,CANADA
Slack,BUSINESS,4.4,51510,Varies with device,"5,000,000+",Free,0,Everyone,Business,"August 2, 2018",Varies with device,Varies with device,United States
Slack,BUSINESS,4.4,51510,Varies with device,"5,000,000+",Free,0,Everyone,Business,"August 2, 2018",Varies with device,Varies with device,CANADA
Verify - Receipts & Expenses,BUSINESS,4.5,413,29M,"10,000+",Free,0,Everyone,Business,"July 25, 2018",2.0.19,5.0 and up,United States
Verify - Receipts & Expenses,BUSINESS,4.5,413,29M,"10,000+",Free,0,Everyone,Business,"July 25, 2018",2.0.19,5.0 and up,CANADA
QuickBooks Accounting: Invoicing & Expenses,BUSINESS,4.3,23175,41M,"1,000,000+",Free,0,Everyone,Business,"July 13, 2018",18.7,4.1 and up,United States
QuickBooks Accounting: Invoicing & Expenses,BUSINESS,4.3,23175,41M,"1,000,000+",Free,0,Everyone,Business,"July 13, 2018",18.7,4.1 and up,CANADA
LINE WEBTOON - Free Comics,COMICS,4.5,1013635,Varies with device,"10,000,000+",Free,0,Teen,Comics,"July 31, 2018",Varies with device,Varies with device,AUSTRALIA
Manga Master - Best manga & comic reader,COMICS,4.6,24005,4.9M,"500,000+",Free,0,Adults only 18+,Comics,"July 4, 2018",1.1.7.0,4.1 and up,AUSTRALIA
GANMA! - All original stories free of charge for all original comics,COMICS,4.7,57106,27M,"1,000,000+",Free,0,Teen,Comics,"July 23, 2018",2.11.3,4.1 and up,AUSTRALIA
Röhrich Werner Soundboard,COMICS,4.7,2249,32M,"500,000+",Free,0,Everyone,Comics,"November 16, 2017",1.08,4.0.3 and up,AUSTRALIA
Unicorn Pokez - Color By Number,COMICS,4.8,516,12M,"50,000+",Free,0,Everyone,Comics;Creativity,"August 3, 2018",1.0.6,4.4 and up,AUSTRALIA
MangaToon - Comics updated Daily,COMICS,3.9,834,15M,"50,000+",Free,0,Mature 17+,Comics,"August 1, 2018",1.0.8,4.1 and up,AUSTRALIA
Manga Net – Best Online Manga Reader,COMICS,4.1,1010,11M,"50,000+",Free,0,Mature 17+,Comics,"July 7, 2018",1.5,4.1 and up,AUSTRALIA
Manga Rock - Best Manga Reader,COMICS,4.4,238970,28M,"1,000,000+",Free,0,Teen,Comics,"July 9, 2018",3.4.3_world,5.0 and up,AUSTRALIA
Manga - read Thai translation,COMICS,4.6,302,2.2M,"10,000+",Free,0,Teen,Comics,"July 3, 2018",1.0,4.0 and up,AUSTRALIA
The Vietnam Story - Fun Stories,COMICS,4.5,438,3.4M,"10,000+",Free,0,Everyone,Comics,"December 27, 2017",1.0,2.3 and up,AUSTRALIA
Dragon Ball Wallpaper - Ringtones,COMICS,4.7,73,8.3M,"10,000+",Free,0,Everyone,Comics,"July 23, 2018",1.9,4.0.3 and up,AUSTRALIA
Funny Jokes Photos,COMICS,4.4,39,4.3M,"10,000+",Free,0,Everyone 10+,Comics,"July 3, 2018",1.1,4.2 and up,AUSTRALIA
Truyện Vui Tý Quậy,COMICS,4.5,144,4.7M,"10,000+",Free,0,Everyone,Comics,"July 19, 2018",3.0,4.0.3 and up,AUSTRALIA
Comic Es - Shojo manga / love comics free of charge ♪ ♪,COMICS,3.9,2181,10M,"100,000+",Free,0,Teen,Comics,"March 5, 2018",1.2.12,4.0.3 and up,AUSTRALIA
comico Popular Original Cartoon Updated Everyday Comico,COMICS,3.2,93965,15M,"5,000,000+",Free,0,Teen,Comics,"July 3, 2018",6.3.0,4.0.3 and up,AUSTRALIA
Daily Manga - Comic & Webtoon,COMICS,3.2,1446,7.1M,"100,000+",Free,0,Mature 17+,Comics,"May 18, 2018",1.0,4.0.3 and up,AUSTRALIA
"漫咖 Comics - Manga,Novel and Stories",COMICS,4.1,12088,21M,"1,000,000+",Free,0,Mature 17+,Comics,"July 6, 2018",2.3.1,4.0.3 and up,AUSTRALIA
Emmanuella Funny Videos 2018,COMICS,4.5,314,6.1M,"100,000+",Free,0,Everyone,Comics,"May 23, 2018",3.1.0,4.1 and up,AUSTRALIA
DC Comics,COMICS,4.2,25671,Varies with device,"1,000,000+",Free,0,Teen,Comics,"June 5, 2018",Varies with device,Varies with device,AUSTRALIA
Manga Zero - Japanese cartoon and comic reader,COMICS,4.2,15194,15M,"1,000,000+",Free,0,Teen,Comics,"July 19, 2018",4.7.3,4.2 and up,AUSTRALIA
Marvel Unlimited,COMICS,3.7,22551,11M,"1,000,000+",Free,0,Teen,Comics,"July 24, 2018",3.16.0,4.4 and up,AUSTRALIA
"Tapas – Comics, Novels, and Stories",COMICS,4.5,29839,29M,"1,000,000+",Free,0,Teen,Comics,"July 31, 2018",4.1.0,4.4 and up,AUSTRALIA
Children's cartoons (Mithu-Mina-Raju),COMICS,4.6,279,3.3M,"100,000+",Free,0,Everyone,Comics,"December 18, 2017",1.6,4.0 and up,AUSTRALIA
Narrator's Voice,COMICS,4.5,564387,Varies with device,"5,000,000+",Free,0,Everyone,Comics,"July 5, 2018",Varies with device,Varies with device,AUSTRALIA
【Ranobbe complete free】 Novelba - Free app that you can read and write novels,COMICS,,1330,22M,"50,000+",Free,0,Everyone,Comics,"July 3, 2018",6.1.1,4.2 and up,AUSTRALIA
Faustop Sounds,COMICS,4.7,1677,40M,"100,000+",Free,0,Everyone,Comics,"May 26, 2018",1.7.7,4.1 and up,AUSTRALIA
Manga Mania - Best online manga reader,COMICS,4.4,757,10M,"10,000+",Free,0,Teen,Comics,"May 24, 2018",1.0,4.1 and up,AUSTRALIA
- Free Comics - Comic Apps,COMICS,3.5,115,9.1M,"10,000+",Free,0,Mature 17+,Comics,"July 13, 2018",5.0.12,5.0 and up,AUSTRALIA
Manga AZ - Manga Comic Reader,COMICS,3.3,125,4.7M,"5,000+",Free,0,Teen,Comics,"July 24, 2018",1.0.4,4.0.3 and up,AUSTRALIA
Buff Thun - Daily Free Webtoon / Comics / Web Fiction / Mini Game,COMICS,4.5,9952,38M,"500,000+",Free,0,Everyone 10+,Comics,"July 31, 2018",4.3.0,4.1 and up,AUSTRALIA
pixiv comic - everyone's manga app,COMICS,4.4,18814,Varies with device,"1,000,000+",Free,0,Mature 17+,Comics,"July 30, 2018",Varies with device,Varies with device,AUSTRALIA
Funny Jokes and Stories 2018,COMICS,4.2,21,6.7M,"5,000+",Free,0,Everyone,Comics,"March 31, 2018",1.3,4.0 and up,AUSTRALIA
Hojiboy Tojiboyev Life Hacks,COMICS,5.0,15,37M,"1,000+",Free,0,Everyone,Comics,"June 26, 2018",2.0,4.0.3 and up,AUSTRALIA
Perfect Viewer,COMICS,4.4,51981,Varies with device,"5,000,000+",Free,0,Everyone,Comics,"August 1, 2018",4.2.0.2,2.3 and up,AUSTRALIA
"Best Wallpapers Backgrounds(100,000+ 4K HD)",COMICS,4.7,3596,7.8M,"10,000+",Free,0,Teen,Comics,"June 16, 2018",1.01,4.0.3 and up,AUSTRALIA
think Comics,COMICS,4.4,1006,19M,"50,000+",Free,0,Everyone,Comics,"August 3, 2018",2.3.3,4.0.3 and up,AUSTRALIA
Memes Button,COMICS,4.4,5968,5.7M,"1,000,000+",Free,0,Everyone,Comics,"May 28, 2018",1.4,4.0 and up,AUSTRALIA
"Laftel - Watching and Announcing Snooping, Streaming",COMICS,4.6,4895,35M,"100,000+",Free,0,Everyone,Comics,"August 2, 2018",2.4.25,4.4 and up,AUSTRALIA
Messenger – Text and Video Chat for Free,COMMUNICATION,4.0,56642847,Varies with device,"1,000,000,000+",Free,0,Everyone,Communication,"August 1, 2018",Varies with device,Varies with device,UNITED KINGDOM
WhatsApp Messenger,COMMUNICATION,4.4,69119316,Varies with device,"1,000,000,000+",Free,0,Everyone,Communication,"August 3, 2018",Varies with device,Varies with device,UNITED KINGDOM
Messenger for SMS,COMMUNICATION,4.3,125257,17M,"10,000,000+",Free,0,Teen,Communication,"June 6, 2018",1.8.9,4.1 and up,UNITED KINGDOM
Google Chrome: Fast & Secure,COMMUNICATION,4.3,9642995,Varies with device,"1,000,000,000+",Free,0,Everyone,Communication,"August 1, 2018",Varies with device,Varies with device,UNITED KINGDOM
Messenger Lite: Free Calls & Messages,COMMUNICATION,4.4,1429035,Varies with device,"100,000,000+",Free,0,Everyone,Communication,"July 25, 2018",37.0.0.7.163,2.3 and up,UNITED KINGDOM
Gmail,COMMUNICATION,4.3,4604324,Varies with device,"1,000,000,000+",Free,0,Everyone,Communication,"August 2, 2018",Varies with device,Varies with device,UNITED KINGDOM
Hangouts,COMMUNICATION,4.0,3419249,Varies with device,"1,000,000,000+",Free,0,Everyone,Communication,"July 21, 2018",Varies with device,Varies with device,UNITED KINGDOM
Viber Messenger,COMMUNICATION,4.3,11334799,Varies with device,"500,000,000+",Free,0,Everyone,Communication,"July 18, 2018",Varies with device,Varies with device,UNITED KINGDOM
My Tele2,COMMUNICATION,4.3,158679,8.8M,"5,000,000+",Free,0,Everyone,Communication,"August 3, 2018",2.4.1,4.4 and up,UNITED KINGDOM
Firefox Browser fast & private,COMMUNICATION,4.4,3075028,Varies with device,"100,000,000+",Free,0,Everyone,Communication,"July 10, 2018",Varies with device,Varies with device,UNITED KINGDOM
Yahoo Mail – Stay Organized,COMMUNICATION,4.3,4187998,16M,"100,000,000+",Free,0,Everyone,Communication,"July 18, 2018",5.29.3,4.4 and up,UNITED KINGDOM
imo beta free calls and text,COMMUNICATION,4.3,659395,11M,"100,000,000+",Free,0,Everyone,Communication,"June 7, 2018",9.8.000000010492,4.0 and up,UNITED KINGDOM
imo free video calls and chat,COMMUNICATION,4.3,4785892,11M,"500,000,000+",Free,0,Everyone,Communication,"June 8, 2018",9.8.000000010501,4.0 and up,UNITED KINGDOM
Contacts,COMMUNICATION,4.3,66602,Varies with device,"50,000,000+",Free,0,Everyone,Communication,"June 26, 2018",2.8.4.201036949,5.0 and up,UNITED KINGDOM
Call Free – Free Call,COMMUNICATION,4.3,30209,15M,"5,000,000+",Free,0,Everyone,Communication,"July 28, 2018",1.3.4,4.1 and up,UNITED KINGDOM
Web Browser & Explorer,COMMUNICATION,4.0,36901,6.6M,"5,000,000+",Free,0,Everyone,Communication,"July 4, 2018",11.8.6,4.0.3 - 7.1.1,UNITED KINGDOM
Opera Mini - fast web browser,COMMUNICATION,4.5,5149854,Varies with device,"100,000,000+",Free,0,Everyone,Communication,"July 19, 2018",Varies with device,Varies with device,UNITED KINGDOM
Browser 4G,COMMUNICATION,4.3,192948,6.6M,"10,000,000+",Free,0,Everyone,Communication,"June 19, 2018",24.6.6,4.0.3 - 7.1.1,UNITED KINGDOM
MegaFon Dashboard,COMMUNICATION,3.7,99559,Varies with device,"10,000,000+",Free,0,Everyone,Communication,"July 30, 2018",Varies with device,Varies with device,UNITED KINGDOM
ZenUI Dialer & Contacts,COMMUNICATION,4.5,437674,Varies with device,"10,000,000+",Free,0,Everyone,Communication,"August 1, 2018",Varies with device,Varies with device,UNITED KINGDOM
Cricket Visual Voicemail,COMMUNICATION,3.9,13698,5.1M,"10,000,000+",Free,0,Everyone,Communication,"July 2, 2018",3.2.0.100171,4.1 and up,UNITED KINGDOM
Opera Browser: Fast and Secure,COMMUNICATION,4.4,2473509,Varies with device,"100,000,000+",Free,0,Everyone,Communication,"July 31, 2018",47.1.2249.129326,Varies with device,UNITED KINGDOM
TracFone My Account,COMMUNICATION,3.6,20769,18M,"1,000,000+",Free,0,Everyone,Communication,"July 11, 2018",R6.0.3,4.1 and up,UNITED KINGDOM
Firefox Focus: The privacy browser,COMMUNICATION,4.4,36880,4.0M,"1,000,000+",Free,0,Everyone,Communication,"July 6, 2018",5.2,5.0 and up,UNITED KINGDOM
Google Voice,COMMUNICATION,4.2,171031,Varies with device,"10,000,000+",Free,0,Everyone,Communication,"August 3, 2018",Varies with device,Varies with device,UNITED KINGDOM
Chrome Dev,COMMUNICATION,4.4,63543,Varies with device,"5,000,000+",Free,0,Everyone,Communication,"August 2, 2018",69.0.3497.24,Varies with device,UNITED KINGDOM
Xperia Link™,COMMUNICATION,4.1,45487,Varies with device,"10,000,000+",Free,0,Everyone,Communication,"October 27, 2016",Varies with device,Varies with device,UNITED KINGDOM
TouchPal Keyboard - Fun Emoji & Android Keyboard,COMMUNICATION,4.4,615381,37M,"10,000,000+",Free,0,Mature 17+,Communication,"August 2, 2018",6.7.9.1,4.0.3 and up,UNITED KINGDOM
Who,COMMUNICATION,4.3,2451083,Varies with device,"100,000,000+",Free,0,Teen,Communication,"August 3, 2018",Varies with device,Varies with device,UNITED KINGDOM
Skype Lite - Free Video Call & Chat,COMMUNICATION,4.2,33053,22M,"5,000,000+",Free,0,Everyone,Communication,"July 31, 2018",1.60.0.31354-release,4.0.3 and up,UNITED KINGDOM
WeChat,COMMUNICATION,4.2,5387333,Varies with device,"100,000,000+",Free,0,Everyone,Communication,"July 31, 2018",Varies with device,Varies with device,UNITED KINGDOM
UC Browser Mini -Tiny Fast Private & Secure,COMMUNICATION,4.4,3648120,3.3M,"100,000,000+",Free,0,Teen,Communication,"July 18, 2018",11.4.0,4.0 and up,UNITED KINGDOM
WhatsApp Business,COMMUNICATION,4.4,136662,32M,"10,000,000+",Free,0,Everyone,Communication,"July 30, 2018",2.18.116,4.0.3 and up,UNITED KINGDOM
My magenta,COMMUNICATION,3.9,42370,37M,"1,000,000+",Free,0,Everyone,Communication,"June 25, 2018",7.5.1,5.0 and up,UNITED KINGDOM
Android Messages,COMMUNICATION,4.2,781810,Varies with device,"100,000,000+",Free,0,Everyone,Communication,"August 1, 2018",Varies with device,Varies with device,UNITED KINGDOM
Telegram,COMMUNICATION,4.4,3128250,Varies with device,"100,000,000+",Free,0,Mature 17+,Communication,"July 27, 2018",Varies with device,Varies with device,UNITED KINGDOM
Google Duo - High Quality Video Calls,COMMUNICATION,4.6,2083237,Varies with device,"500,000,000+",Free,0,Everyone,Communication,"July 31, 2018",37.1.206017801.DR37_RC14,4.4 and up,UNITED KINGDOM
Puffin Web Browser,COMMUNICATION,4.3,541389,Varies with device,"10,000,000+",Free,0,Everyone,Communication,"July 9, 2018",7.5.3.20547,4.1 and up,UNITED KINGDOM
Seznam.cz,COMMUNICATION,4.3,46702,Varies with device,"1,000,000+",Free,0,Everyone,Communication,"July 4, 2018",Varies with device,Varies with device,UNITED KINGDOM
Antillean Gold Telegram (original version),COMMUNICATION,4.4,2939,17M,"100,000+",Free,0,Everyone,Communication,"July 16, 2018",2.1,4.1 and up,UNITED KINGDOM
AT&T Visual Voicemail,COMMUNICATION,3.7,13761,Varies with device,"10,000,000+",Free,0,Everyone,Communication,"June 27, 2018",Varies with device,Varies with device,UNITED KINGDOM
GMX Mail,COMMUNICATION,4.3,258556,Varies with device,"10,000,000+",Free,0,Everyone,Communication,"July 25, 2018",Varies with device,Varies with device,UNITED KINGDOM
Omlet Chat,COMMUNICATION,3.9,40751,35M,"10,000,000+",Free,0,Teen,Communication,"November 4, 2016",2.2.7600,4.0.3 and up,UNITED KINGDOM
UC Browser - Fast Download Private & Secure,COMMUNICATION,4.5,17712922,40M,"500,000,000+",Free,0,Teen,Communication,"August 2, 2018",12.8.5.1121,4.0 and up,UNITED KINGDOM
My Vodacom SA,COMMUNICATION,3.7,25021,61M,"5,000,000+",Free,0,Everyone,Communication,"June 26, 2018",9.9.0,4.3 and up,UNITED KINGDOM
Microsoft Edge,COMMUNICATION,4.3,27187,66M,"5,000,000+",Free,0,Everyone,Communication,"July 28, 2018",42.0.0.2059,4.4 and up,UNITED KINGDOM
WhatsApp Messenger,COMMUNICATION,4.4,69119316,Varies with device,"1,000,000,000+",Free,0,Everyone,Communication,"August 3, 2018",Varies with device,Varies with device,UNITED KINGDOM
Messenger – Text and Video Chat for Free,COMMUNICATION,4.0,56646578,Varies with device,"1,000,000,000+",Free,0,Everyone,Communication,"August 1, 2018",Varies with device,Varies with device,UNITED KINGDOM
imo free video calls and chat,COMMUNICATION,4.3,4785988,11M,"500,000,000+",Free,0,Everyone,Communication,"June 8, 2018",9.8.000000010501,4.0 and up,UNITED KINGDOM
Hangouts Dialer - Call Phones,COMMUNICATION,4.0,122498,79k,"10,000,000+",Free,0,Everyone,Communication,"September 2, 2015",0.1.100944346,4.0.3 and up,UNITED KINGDOM
Viber Messenger,COMMUNICATION,4.3,11334973,Varies with device,"500,000,000+",Free,0,Everyone,Communication,"July 18, 2018",Varies with device,Varies with device,UNITED KINGDOM
Hangouts,COMMUNICATION,4.0,3419433,Varies with device,"1,000,000,000+",Free,0,Everyone,Communication,"July 21, 2018",Varies with device,Varies with device,UNITED KINGDOM
"Talkatone: Free Texts, Calls & Phone Number",COMMUNICATION,4.1,132014,25M,"10,000,000+",Free,0,Everyone,Communication,"July 18, 2018",6.1,4.2 and up,UNITED KINGDOM
Calls & Text by Mo+,COMMUNICATION,4.2,83239,14M,"5,000,000+",Free,0,Everyone,Communication,"April 19, 2018",3.0.4,4.0 and up,UNITED KINGDOM
free video calls and chat,COMMUNICATION,4.2,594728,Varies with device,"50,000,000+",Free,0,Everyone,Communication,"July 19, 2018",7.3(800241),4.4 and up,UNITED KINGDOM
WeChat,COMMUNICATION,4.2,5387446,Varies with device,"100,000,000+",Free,0,Everyone,Communication,"July 31, 2018",Varies with device,Varies with device,UNITED KINGDOM
Skype - free IM & video calls,COMMUNICATION,4.1,10484169,Varies with device,"1,000,000,000+",Free,0,Everyone,Communication,"August 3, 2018",Varies with device,Varies with device,UNITED KINGDOM
Telegram,COMMUNICATION,4.4,3128509,Varies with device,"100,000,000+",Free,0,Mature 17+,Communication,"July 27, 2018",Varies with device,Varies with device,UNITED KINGDOM
Who,COMMUNICATION,4.3,2451093,Varies with device,"100,000,000+",Free,0,Teen,Communication,"August 3, 2018",Varies with device,Varies with device,UNITED KINGDOM
Google Voice,COMMUNICATION,4.2,171031,Varies with device,"10,000,000+",Free,0,Everyone,Communication,"August 3, 2018",Varies with device,Varies with device,UNITED KINGDOM
"GO SMS Pro - Messenger, Free Themes, Emoji",COMMUNICATION,4.4,2876500,24M,"100,000,000+",Free,0,Everyone,Communication,"August 1, 2018",7.73,4.0 and up,UNITED KINGDOM
Android Messages,COMMUNICATION,4.2,781810,Varies with device,"100,000,000+",Free,0,Everyone,Communication,"August 1, 2018",Varies with device,Varies with device,UNITED KINGDOM
"Messaging+ SMS, MMS Free",COMMUNICATION,4.1,28238,17M,"1,000,000+",Free,0,Everyone,Communication,"August 2, 2018",4.98,2.3 and up,UNITED KINGDOM
chomp SMS,COMMUNICATION,4.3,335646,8.3M,"10,000,000+",Free,0,Everyone,Communication,"July 26, 2018",7.21,2.3 and up,UNITED KINGDOM
Glide - Video Chat Messenger,COMMUNICATION,4.3,350154,Varies with device,"10,000,000+",Free,0,Everyone,Communication,"July 29, 2018",Varies with device,Varies with device,UNITED KINGDOM
Text SMS,COMMUNICATION,4.5,349384,8.2M,"10,000,000+",Free,0,Everyone,Communication,"July 24, 2018",3.47,4.0.3 and up,UNITED KINGDOM
Google Allo,COMMUNICATION,4.3,346982,Varies with device,"10,000,000+",Free,0,Everyone,Communication,"January 23, 2018",Varies with device,4.1 and up,UNITED KINGDOM
Talkray - Free Calls & Texts,COMMUNICATION,4.2,244863,Varies with device,"10,000,000+",Free,0,Everyone,Communication,"May 29, 2018",Varies with device,Varies with device,UNITED KINGDOM
LINE: Free Calls & Messages,COMMUNICATION,4.2,10790289,Varies with device,"500,000,000+",Free,0,Everyone,Communication,"July 26, 2018",Varies with device,Varies with device,UNITED KINGDOM
GroupMe,COMMUNICATION,4.5,330761,Varies with device,"10,000,000+",Free,0,Everyone,Communication,"July 3, 2018",Varies with device,Varies with device,UNITED KINGDOM
mysms SMS Text Messaging Sync,COMMUNICATION,4.3,37320,8.4M,"1,000,000+",Free,0,Everyone,Communication,"July 30, 2018",6.5.1,4.0.3 and up,UNITED KINGDOM
BBM - Free Calls & Messages,COMMUNICATION,4.3,12842860,Varies with device,"100,000,000+",Free,0,Everyone,Communication,"August 2, 2018",Varies with device,4.0.3 and up,UNITED KINGDOM
KakaoTalk: Free Calls & Text,COMMUNICATION,4.3,2546527,Varies with device,"100,000,000+",Free,0,Everyone,Communication,"August 3, 2018",Varies with device,Varies with device,UNITED KINGDOM
Firefox Focus: The privacy browser,COMMUNICATION,4.4,36893,4.0M,"1,000,000+",Free,0,Everyone,Communication,"July 6, 2018",5.2,5.0 and up,UNITED KINGDOM
2ndLine - Second Phone Number,COMMUNICATION,4.2,15880,32M,"1,000,000+",Free,0,Everyone,Communication,"August 3, 2018",5.65.0,4.0 and up,UNITED KINGDOM
Google Allo,COMMUNICATION,4.3,346980,Varies with device,"10,000,000+",Free,0,Everyone,Communication,"January 23, 2018",Varies with device,4.1 and up,UNITED KINGDOM
Google Chrome: Fast & Secure,COMMUNICATION,4.3,9643041,Varies with device,"1,000,000,000+",Free,0,Everyone,Communication,"August 1, 2018",Varies with device,Varies with device,UNITED KINGDOM
Firefox Browser fast & private,COMMUNICATION,4.4,3075118,Varies with device,"100,000,000+",Free,0,Everyone,Communication,"July 10, 2018",Varies with device,Varies with device,UNITED KINGDOM
"CM Browser - Ad Blocker , Fast Download , Privacy",COMMUNICATION,4.6,2264916,6.1M,"50,000,000+",Free,0,Everyone,Communication,"July 31, 2018",5.22.18.0006,4.0 and up,UNITED KINGDOM
Puffin Web Browser,COMMUNICATION,4.3,541389,Varies with device,"10,000,000+",Free,0,Everyone,Communication,"July 9, 2018",7.5.3.20547,4.1 and up,UNITED KINGDOM
Opera Browser: Fast and Secure,COMMUNICATION,4.4,2473693,Varies with device,"100,000,000+",Free,0,Everyone,Communication,"July 31, 2018",47.1.2249.129326,Varies with device,UNITED KINGDOM
Ninesky Browser,COMMUNICATION,4.2,42925,2.8M,"1,000,000+",Free,0,Everyone,Communication,"August 27, 2017",6.1,2.3 and up,UNITED KINGDOM
Opera Mini - fast web browser,COMMUNICATION,4.5,5150471,Varies with device,"100,000,000+",Free,0,Everyone,Communication,"July 19, 2018",Varies with device,Varies with device,UNITED KINGDOM
"Dolphin Browser - Fast, Private & Adblock🐬",COMMUNICATION,4.5,2511130,Varies with device,"50,000,000+",Free,0,Everyone,Communication,"July 2, 2018",Varies with device,Varies with device,UNITED KINGDOM
UC Browser Mini -Tiny Fast Private & Secure,COMMUNICATION,4.4,3648480,3.3M,"100,000,000+",Free,0,Teen,Communication,"July 18, 2018",11.4.0,4.0 and up,UNITED KINGDOM
UC Browser - Fast Download Private & Secure,COMMUNICATION,4.5,17714850,40M,"500,000,000+",Free,0,Teen,Communication,"August 2, 2018",12.8.5.1121,4.0 and up,UNITED KINGDOM
Ghostery Privacy Browser,COMMUNICATION,4.1,13100,2.2M,"1,000,000+",Free,0,Everyone,Communication,"March 20, 2018",1.4.1.0,4.0.3 and up,UNITED KINGDOM
InBrowser - Incognito Browsing,COMMUNICATION,4.2,27156,Varies with device,"1,000,000+",Free,0,Everyone,Communication,"May 31, 2018",Varies with device,Varies with device,UNITED KINGDOM
Web Browser for Android,COMMUNICATION,4.1,55098,4.3M,"1,000,000+",Free,0,Everyone,Communication,"June 20, 2018",2.2,4.0 and up,UNITED KINGDOM
DU Browser—Browse fast & fun,COMMUNICATION,4.3,1133501,4.7M,"10,000,000+",Free,0,Everyone,Communication,"April 1, 2016",6.4.0.4,4.0 and up,UNITED KINGDOM
Lightning Web Browser,COMMUNICATION,4.1,12578,2.3M,"500,000+",Free,0,Everyone,Communication,"July 10, 2017",4.5.1,4.0 and up,UNITED KINGDOM
Web Browser,COMMUNICATION,4.2,10965,2.3M,"500,000+",Free,0,Everyone,Communication,"February 2, 2015",2.0,3.0 and up,UNITED KINGDOM
Puffin Browser Pro,COMMUNICATION,4.0,18247,Varies with device,"100,000+",Paid,$3.99,Everyone,Communication,"July 5, 2018",7.5.3.20547,4.1 and up,UNITED KINGDOM
Contacts+,COMMUNICATION,4.2,190613,11M,"10,000,000+",Free,0,Everyone,Communication,"July 31, 2018",5.85.1,4.0.3 and up,UNITED KINGDOM
ExDialer - Dialer & Contacts,COMMUNICATION,4.2,125232,2.7M,"10,000,000+",Free,0,Everyone,Communication,"March 5, 2017",196,2.1 and up,UNITED KINGDOM
Calls & Text by Mo+,COMMUNICATION,4.2,83239,14M,"5,000,000+",Free,0,Everyone,Communication,"April 19, 2018",3.0.4,4.0 and up,UNITED KINGDOM
Viber Messenger,COMMUNICATION,4.3,11334973,Varies with device,"500,000,000+",Free,0,Everyone,Communication,"July 18, 2018",Varies with device,Varies with device,UNITED KINGDOM
PHONE for Google Voice & GTalk,COMMUNICATION,4.3,72065,13M,"1,000,000+",Free,0,Everyone,Communication,"April 18, 2018",3.0.7,4.0 and up,UNITED KINGDOM
Safest Call Blocker,COMMUNICATION,4.4,27540,3.7M,"1,000,000+",Free,0,Everyone,Communication,"January 5, 2018",1.26.001,4.0 and up,UNITED KINGDOM
Full Screen Caller ID,COMMUNICATION,4.2,104990,10M,"5,000,000+",Free,0,Everyone,Communication,"May 15, 2018",3.5.0,4.0.3 and up,UNITED KINGDOM
Hiya - Caller ID & Block,COMMUNICATION,4.4,177703,13M,"10,000,000+",Free,0,Mature 17+,Communication,"July 25, 2018",8.1.2-6310,5.0 and up,UNITED KINGDOM
Call Blocker,COMMUNICATION,4.1,17529,10M,"1,000,000+",Free,0,Everyone,Communication,"July 26, 2018",5.86,4.0.3 and up,UNITED KINGDOM
Mr. Number-Block calls & spam,COMMUNICATION,4.2,177263,13M,"10,000,000+",Free,0,Mature 17+,Communication,"July 13, 2018",5.1.2-6310,5.0 and up,UNITED KINGDOM
Should I Answer?,COMMUNICATION,4.8,237468,8.8M,"1,000,000+",Free,0,Everyone,Communication,"July 26, 2018",2018.1.715,4.0 and up,UNITED KINGDOM
RocketDial Dialer & Contacts,COMMUNICATION,4.4,32254,5.5M,"1,000,000+",Free,0,Everyone,Communication,"December 4, 2017",3.9.7,2.1 and up,UNITED KINGDOM
"CallApp: Caller ID, Blocker & Phone Call Recorder",COMMUNICATION,4.4,483565,20M,"10,000,000+",Free,0,Everyone,Communication,"July 29, 2018",1.286,4.1 and up,UNITED KINGDOM
Whoscall - Caller ID & Block,COMMUNICATION,4.4,552441,29M,"10,000,000+",Free,0,Everyone,Communication,"August 1, 2018",6.19.1,4.1 and up,UNITED KINGDOM
CIA - Caller ID & Call Blocker,COMMUNICATION,4.0,60308,Varies with device,"5,000,000+",Free,0,Everyone,Communication,"June 22, 2018",Varies with device,Varies with device,UNITED KINGDOM
Calls Blacklist - Call Blocker,COMMUNICATION,4.5,457283,Varies with device,"10,000,000+",Free,0,Everyone,Communication,"May 24, 2018",Varies with device,Varies with device,UNITED KINGDOM
Call Control - Call Blocker,COMMUNICATION,4.4,93825,11M,"5,000,000+",Free,0,Everyone,Communication,"July 5, 2018",2.17.3,4.1 and up,UNITED KINGDOM
True Contact - Real Caller ID,COMMUNICATION,4.1,32283,Varies with device,"1,000,000+",Free,0,Everyone,Communication,"July 26, 2018",Varies with device,Varies with device,UNITED KINGDOM
Video Caller Id,COMMUNICATION,4.2,15287,17M,"1,000,000+",Free,0,Everyone,Communication,"January 24, 2018",2.2.245,4.0.3 and up,UNITED KINGDOM
Sync.ME – Caller ID & Block,COMMUNICATION,4.5,205739,17M,"5,000,000+",Free,0,Everyone,Communication,"July 26, 2018",4.5.4,4.1 and up,UNITED KINGDOM
Burner - Free Phone Number,COMMUNICATION,4.3,14873,Varies with device,"1,000,000+",Free,0,Everyone,Communication,"July 12, 2018",Varies with device,Varies with device,UNITED KINGDOM
"Truecaller: Caller ID, SMS spam blocking & Dialer",COMMUNICATION,4.5,7820209,Varies with device,"100,000,000+",Free,0,Everyone,Communication,"August 1, 2018",Varies with device,Varies with device,UNITED KINGDOM
Caller ID +,COMMUNICATION,4.0,9498,118k,"1,000,000+",Free,0,Everyone,Communication,"June 7, 2016",5.28.0,2.3 and up,UNITED KINGDOM
Gmail,COMMUNICATION,4.3,4604483,Varies with device,"1,000,000,000+",Free,0,Everyone,Communication,"August 2, 2018",Varies with device,Varies with device,UNITED KINGDOM
Yahoo Mail – Stay Organized,COMMUNICATION,4.3,4188142,16M,"100,000,000+",Free,0,Everyone,Communication,"July 18, 2018",5.29.3,4.4 and up,UNITED KINGDOM
K-9 Mail,COMMUNICATION,4.2,88427,5.1M,"5,000,000+",Free,0,Everyone,Communication,"January 6, 2018",5.403,4.0.3 and up,UNITED KINGDOM
"myMail – Email for Hotmail, Gmail and Outlook Mail",COMMUNICATION,4.5,305218,Varies with device,"10,000,000+",Free,0,Everyone,Communication,"August 3, 2018",Varies with device,Varies with device,UNITED KINGDOM
Email TypeApp - Mail App,COMMUNICATION,4.6,183374,44M,"1,000,000+",Free,0,Everyone,Communication,"August 1, 2018",1.9.4.74,4.1 and up,UNITED KINGDOM
All Email Providers,COMMUNICATION,4.1,20901,7.3M,"1,000,000+",Free,0,Everyone,Communication,"April 3, 2018",5.0.9,4.1 and up,UNITED KINGDOM
"Newton Mail - Email App for Gmail, Outlook, IMAP",COMMUNICATION,4.0,122595,30M,"1,000,000+",Free,0,Everyone,Communication,"July 19, 2018",9.8.376,5.0 and up,UNITED KINGDOM
GO Notifier,COMMUNICATION,4.2,124346,695k,"10,000,000+",Free,0,Everyone,Communication,"July 6, 2014",2.8,2.0 and up,UNITED KINGDOM
Mail.Ru - Email App,COMMUNICATION,4.6,837842,Varies with device,"50,000,000+",Free,0,Everyone,Communication,"August 3, 2018",Varies with device,Varies with device,UNITED KINGDOM
Mail1Click - Secure Mail,COMMUNICATION,4.1,255,1.6M,"10,000+",Free,0,Everyone,Communication,"April 11, 2017",2.3,2.2 and up,UNITED KINGDOM
Daum Mail - Next Mail,COMMUNICATION,4.3,41420,19M,"5,000,000+",Free,0,Everyone,Communication,"June 21, 2018",3.2.0,4.0 and up,UNITED KINGDOM
mail.com mail,COMMUNICATION,4.2,44706,Varies with device,"1,000,000+",Free,0,Everyone,Communication,"July 25, 2018",Varies with device,Varies with device,UNITED KINGDOM
SolMail - All-in-One email app,COMMUNICATION,4.3,23707,Varies with device,"500,000+",Free,0,Everyone,Communication,"August 9, 2017",2.3.17,Varies with device,UNITED KINGDOM
Hangouts,COMMUNICATION,4.0,3419513,Varies with device,"1,000,000,000+",Free,0,Everyone,Communication,"July 21, 2018",Varies with device,Varies with device,UNITED KINGDOM
imo free video calls and chat,COMMUNICATION,4.3,4785988,11M,"500,000,000+",Free,0,Everyone,Communication,"June 8, 2018",9.8.000000010501,4.0 and up,UNITED KINGDOM
free video calls and chat,COMMUNICATION,4.2,594728,Varies with device,"50,000,000+",Free,0,Everyone,Communication,"July 19, 2018",7.3(800241),4.4 and up,UNITED KINGDOM
Viber Messenger,COMMUNICATION,4.3,11335255,Varies with device,"500,000,000+",Free,0,Everyone,Communication,"July 18, 2018",Varies with device,Varies with device,UNITED KINGDOM
Skype - free IM & video calls,COMMUNICATION,4.1,10484169,Varies with device,"1,000,000,000+",Free,0,Everyone,Communication,"August 3, 2018",Varies with device,Varies with device,UNITED KINGDOM
WeChat,COMMUNICATION,4.2,5387446,Varies with device,"100,000,000+",Free,0,Everyone,Communication,"July 31, 2018",Varies with device,Varies with device,UNITED KINGDOM
Vonage Mobile® Call Video Text,COMMUNICATION,4.1,29208,23M,"1,000,000+",Free,0,Everyone,Communication,"September 28, 2016",2.9.8,2.3.3 and up,UNITED KINGDOM
JusTalk - Free Video Calls and Fun Video Chat,COMMUNICATION,4.6,191032,26M,"5,000,000+",Free,0,Everyone,Communication,"August 4, 2018",7.2.29,4.0.3 and up,UNITED KINGDOM
Glide - Video Chat Messenger,COMMUNICATION,4.3,350154,Varies with device,"10,000,000+",Free,0,Everyone,Communication,"July 29, 2018",Varies with device,Varies with device,UNITED KINGDOM
Talkray - Free Calls & Texts,COMMUNICATION,4.2,244863,Varies with device,"10,000,000+",Free,0,Everyone,Communication,"May 29, 2018",Varies with device,Varies with device,UNITED KINGDOM
LINE: Free Calls & Messages,COMMUNICATION,4.2,10790289,Varies with device,"500,000,000+",Free,0,Everyone,Communication,"July 26, 2018",Varies with device,Varies with device,UNITED KINGDOM
KakaoTalk: Free Calls & Text,COMMUNICATION,4.3,2546527,Varies with device,"100,000,000+",Free,0,Everyone,Communication,"August 3, 2018",Varies with device,Varies with device,UNITED KINGDOM
"Moco+ - Chat, Meet People",DATING,4.2,1545,Varies with device,"10,000+",Paid,$3.99,Mature 17+,Dating,"June 19, 2018",2.6.139,4.1 and up,CHINA
Calculator,DATING,2.6,57,6.2M,"1,000+",Paid,$6.99,Everyone,Dating,"October 25, 2017",1.1.6,4.0 and up,CHINA
Truth or Dare Pro,DATING,,0,20M,50+,Paid,$1.49,Teen,Dating,"September 1, 2017",1.0,4.0 and up,CHINA
"Private Dating, Hide App- Blue for PrivacyHider",DATING,,0,18k,100+,Paid,$2.99,Everyone,Dating,"July 25, 2017",1.0.1,4.0 and up,CHINA
Ad Blocker for SayHi,DATING,,4,1.2M,100+,Paid,$3.99,Teen,Dating,"August 2, 2018",1.2,4.0.3 and up,CHINA
AMBW Dating App: Asian Men Black Women Interracial,DATING,3.5,2,17M,100+,Paid,$7.99,Mature 17+,Dating,"January 21, 2017",1.0.1,4.0 and up,CHINA
Zoosk Dating App: Meet Singles,DATING,4.0,516801,Varies with device,"10,000,000+",Free,0,Mature 17+,Dating,"August 2, 2018",Varies with device,Varies with device,CHINA
OkCupid Dating,DATING,4.1,285726,15M,"10,000,000+",Free,0,Mature 17+,Dating,"July 30, 2018",11.10.1,4.1 and up,CHINA
Match™ Dating - Meet Singles,DATING,3.7,76646,Varies with device,"10,000,000+",Free,0,Mature 17+,Dating,"July 23, 2018",Varies with device,Varies with device,CHINA
"Hily: Dating, Chat, Match, Meet & Hook up",DATING,4.1,2556,56M,"100,000+",Free,0,Mature 17+,Dating,"August 1, 2018",2.5.2,4.1 and up,CHINA
Hinge: Dating & Relationships,DATING,4.2,7779,12M,"500,000+",Free,0,Mature 17+,Dating,"August 3, 2018",6.1.3,5.0 and up,CHINA
Casual Dating & Adult Singles - Joyride,DATING,4.5,61637,11M,"5,000,000+",Free,0,Mature 17+,Dating,"July 31, 2018",4.17.2,4.1 and up,CHINA
BBW Dating & Plus Size Chat,DATING,4.4,12632,29M,"1,000,000+",Free,0,Mature 17+,Dating,"July 27, 2018",3.5.0.1,4.1 and up,CHINA
"Moco - Chat, Meet People",DATING,4.2,313724,Varies with device,"10,000,000+",Free,0,Mature 17+,Dating,"August 4, 2018",2.6.141,4.1 and up,CHINA
CMB Free Dating App,DATING,4.0,48845,40M,"1,000,000+",Free,0,Mature 17+,Dating,"August 1, 2018",4.19.0.2320,4.4 and up,CHINA
Hot or Not - Find someone right now,DATING,4.1,305708,Varies with device,"10,000,000+",Free,0,Mature 17+,Dating,"August 2, 2018",Varies with device,Varies with device,CHINA
eharmony - Online Dating App,DATING,3.1,31320,53M,"5,000,000+",Free,0,Mature 17+,Dating,"July 30, 2018",6.6.5,4.1 and up,CHINA
Free Dating App & Flirt Chat - Match with Singles,DATING,4.4,172460,3.1M,"5,000,000+",Free,0,Mature 17+,Dating,"August 4, 2018",1.639,4.0 and up,CHINA
"Chispa, the Dating App for Latino, Latina Singles",DATING,4.2,4195,24M,"100,000+",Free,0,Mature 17+,Dating,"July 25, 2018",1.6.1,4.4 and up,CHINA
Clover Dating App,DATING,4.1,11633,23M,"500,000+",Free,0,Mature 17+,Dating,"July 24, 2018",2.5.1,4.1 and up,CHINA
Black People Meet Singles Date,DATING,3.9,10212,5.0M,"1,000,000+",Free,0,Mature 17+,Dating,"July 25, 2018",1.9.7,4.4 and up,CHINA
Mingle2 - Free Online Dating & Singles Chat Rooms,DATING,4.3,37053,44M,"1,000,000+",Free,0,Mature 17+,Dating,"August 3, 2018",4.4B,4.1 and up,CHINA
Free Dating App & Flirt Chat - Cheers,DATING,4.4,667,27M,"10,000+",Free,0,Mature 17+,Dating,"August 3, 2018",1.308.us,4.1 and up,CHINA
stranger chat - anonymous chat,DATING,3.5,13202,6.1M,"1,000,000+",Free,0,Mature 17+,Dating,"July 7, 2018",2.4.1,4.1 and up,CHINA
"Blendr - Chat, Flirt & Meet",DATING,4.0,28671,Varies with device,"1,000,000+",Free,0,Mature 17+,Dating,"August 1, 2018",Varies with device,Varies with device,CHINA
Free Dating Hook Up Messenger,DATING,3.3,1157,21M,"100,000+",Free,0,Mature 17+,Dating,"January 27, 2017",5.0.1,4.2 and up,CHINA
Find Real Love — YouLove Premium Dating,DATING,4.5,212626,11M,"10,000,000+",Free,0,Mature 17+,Dating,"July 31, 2018",4.17.2,4.1 and up,CHINA
Once - Quality Matches Every day,DATING,4.4,222888,21M,"1,000,000+",Free,0,Mature 17+,Dating,"July 17, 2018",2.45,4.1 and up,CHINA
BLK - Swipe. Match. Chat.,DATING,4.1,2067,24M,"100,000+",Free,0,Mature 17+,Dating,"July 25, 2018",1.6.1,4.4 and up,CHINA
Cougar Dating Life : Date Older Women Sugar Mummy,DATING,3.9,1643,31M,"500,000+",Free,0,Mature 17+,Dating,"July 3, 2018",4.5.5,4.1 and up,CHINA
Howlr,DATING,3.9,105,27M,"5,000+",Free,0,Mature 17+,Dating,"June 19, 2018",1.0.4,4.4 and up,CHINA
Stranger Chat & Date,DATING,3.6,3414,6.2M,"500,000+",Free,0,Mature 17+,Dating,"June 6, 2018",1.2.1,4.1 and up,CHINA
Free Dating & Flirt Chat - Choice of Love,DATING,4.0,42194,Varies with device,"5,000,000+",Free,0,Mature 17+,Dating,"July 24, 2018",Varies with device,Varies with device,CHINA
RandoChat - Chat roulette,DATING,3.6,11806,12M,"1,000,000+",Free,0,Mature 17+,Dating,"June 26, 2018",4.0.18,4.0.3 and up,CHINA
BeWild Free Dating & Chat App,DATING,3.4,1999,8.0M,"100,000+",Free,0,Mature 17+,Dating,"February 3, 2017",1.6.5,4.2 and up,CHINA
"FastMeet: Chat, Dating, Love",DATING,4.2,22544,5.9M,"1,000,000+",Free,0,Mature 17+,Dating,"July 27, 2018",1.31.4,4.0.3 and up,CHINA
"Free Dating App - YoCutie - Flirt, Chat & Meet",DATING,4.1,97684,7.9M,"1,000,000+",Free,0,Mature 17+,Dating,"July 10, 2018",1.230,4.0.3 and up,CHINA
OurTime Dating for Singles 50+,DATING,3.4,2519,5.0M,"100,000+",Free,0,Mature 17+,Dating,"July 25, 2018",1.9.7,4.4 and up,CHINA
FarmersOnly Dating,DATING,3.0,1146,1.4M,"100,000+",Free,0,Mature 17+,Dating,"February 25, 2016",2.2,4.0 and up,CHINA
Dating for 50 plus Mature Singles – FINALLY,DATING,4.6,13046,13M,"500,000+",Free,0,Mature 17+,Dating,"July 31, 2018",4.17.2,4.1 and up,CHINA
Sudy – Meet Elite & Rich Single,DATING,4.1,17268,40M,"500,000+",Free,0,Mature 17+,Dating,"June 25, 2018",4.1.2,4.0.3 and up,CHINA
Christian Dating For Free App,DATING,3.9,8722,13M,"500,000+",Free,0,Mature 17+,Dating,"June 20, 2018",15.8,4.1 and up,CHINA
Just She - Top Lesbian Dating,DATING,1.9,953,19M,"100,000+",Free,0,Mature 17+,Dating,"July 18, 2018",6.3.7,5.0 and up,CHINA
Single Parent Meet #1 Dating,DATING,3.5,2593,5.0M,"500,000+",Free,0,Mature 17+,Dating,"July 25, 2018",1.9.7,4.4 and up,CHINA
EliteSingles – Dating for Single Professionals,DATING,2.5,5377,19M,"500,000+",Free,0,Mature 17+,Dating,"July 31, 2018",4.8.5,4.0.3 and up,CHINA
Millionaire Match: Rich Singles Dating App,DATING,3.9,852,27M,"100,000+",Free,0,Mature 17+,Dating,"July 30, 2018",6.4.6,4.1 and up,CHINA
InterracialCupid - Interracial Dating App,DATING,3.4,212,3.0M,"50,000+",Free,0,Mature 17+,Dating,"June 13, 2018",2.3.0.1781,5.0 and up,CHINA
Sugar Mommas Dating And Single Search,DATING,3.5,1972,13M,"1,000,000+",Free,0,Mature 17+,Dating,"May 12, 2018",4.3,4.1 and up,CHINA
"Hide App, Private Dating, Safe Chat - PrivacyHider",DATING,4.4,35206,7.2M,"1,000,000+",Free,0,Everyone,Dating,"May 21, 2018",2.9.6,4.0 and up,CHINA
"muzmatch: Muslim & Arab Singles, Marriage & Dating",DATING,3.8,5164,25M,"100,000+",Free,0,Mature 17+,Dating,"July 24, 2018",3.8.75a,4.0.3 and up,CHINA
NoBuffDating - Free Dating App,DATING,4.2,1939,Varies with device,"100,000+",Free,0,Mature 17+,Dating,"January 8, 2017",1.0.0,4.0 and up,CHINA
Sugar Daddy Dating App,DATING,2.5,277,5.7M,"100,000+",Free,0,Mature 17+,Dating,"December 4, 2017",3.0.0,4.1 and up,CHINA
Adult Dirty Emojis,DATING,2.8,80,5.5M,"10,000+",Free,0,Teen,Dating,"November 6, 2017",1.0,4.0.3 and up,CHINA
Free Dating App - Meet Local Singles - Flirt Chat,DATING,4.1,825,Varies with device,"100,000+",Free,0,Mature 17+,Dating,"December 28, 2017",1.0.5,4.0 and up,CHINA
"Meet4U - Chat, Love, Singles!",DATING,4.2,40035,6.5M,"1,000,000+",Free,0,Mature 17+,Dating,"July 27, 2018",1.31.3,4.0.3 and up,CHINA
SnpCupid Dating,DATING,3.5,1093,5.8M,"100,000+",Free,0,Mature 17+,Dating,"January 28, 2017",1.6.6,4.2 and up,CHINA
"Chat Rooms, Avatars, Date - Galaxy",DATING,4.3,135418,Varies with device,"10,000,000+",Free,0,Mature 17+,Dating,"July 7, 2018",Varies with device,Varies with device,CHINA
Adult Dating - AdultFinder,DATING,3.3,1601,3.8M,"500,000+",Free,0,Mature 17+,Dating,"February 1, 2017",1.5,4.1 and up,CHINA
Gay Sugar Daddy Dating & Hookup – Sudy Gay,DATING,4.1,2212,41M,"100,000+",Free,0,Mature 17+,Dating,"June 20, 2018",2.0.5,4.0.3 and up,CHINA
"Meet24 - Love, Chat, Singles",DATING,4.2,57081,7.9M,"1,000,000+",Free,0,Mature 17+,Dating,"July 27, 2018",1.31.3,4.0.3 and up,CHINA
BBWCupid - BBW Dating App,DATING,3.5,241,2.8M,"50,000+",Free,0,Mature 17+,Dating,"June 1, 2018",2.2.0.1748,5.0 and up,CHINA
ChatVideo Meet new people,DATING,4.2,63986,20M,"5,000,000+",Free,0,Mature 17+,Dating,"May 31, 2018",3.0.15,4.0 and up,CHINA
"TryDate - Free Online Dating App, Chat Meet Adults",DATING,4.4,7888,15M,"500,000+",Free,0,Mature 17+,Dating,"April 29, 2018",2.4.0,4.1 and up,CHINA
Black White Interracial Dating - Interracial Match,DATING,4.1,535,28M,"100,000+",Free,0,Mature 17+,Dating,"March 29, 2018",2.0.0,4.1 and up,CHINA
"USA Singles Meet, Match and Date Free - Date",DATING,4.2,5084,9.6M,"100,000+",Free,0,Mature 17+,Dating,"August 3, 2018",1.55,4.1 and up,CHINA
FlirtChat - ♥Free Dating/Flirting App♥,DATING,4.3,2430,13M,"500,000+",Free,0,Mature 17+,Dating,"July 26, 2018",12.0.4,4.1 and up,CHINA
OkCupid Dating,DATING,4.1,285726,15M,"10,000,000+",Free,0,Mature 17+,Dating,"July 30, 2018",11.10.1,4.1 and up,CHINA
CMB Free Dating App,DATING,4.0,48845,40M,"1,000,000+",Free,0,Mature 17+,Dating,"August 1, 2018",4.19.0.2320,4.4 and up,CHINA
"Hily: Dating, Chat, Match, Meet & Hook up",DATING,4.1,2556,56M,"100,000+",Free,0,Mature 17+,Dating,"August 1, 2018",2.5.2,4.1 and up,CHINA
Hinge: Dating & Relationships,DATING,4.2,7779,12M,"500,000+",Free,0,Mature 17+,Dating,"August 3, 2018",6.1.3,5.0 and up,CHINA
The League,DATING,3.0,837,9.4M,"100,000+",Free,0,Mature 17+,Dating,"July 16, 2018",1.15.0,4.4 and up,CHINA
BBW Dating & Plus Size Chat,DATING,4.4,12632,29M,"1,000,000+",Free,0,Mature 17+,Dating,"July 27, 2018",3.5.0.1,4.1 and up,CHINA
Casual Dating & Adult Singles - Joyride,DATING,4.5,61637,11M,"5,000,000+",Free,0,Mature 17+,Dating,"July 31, 2018",4.17.2,4.1 and up,CHINA
EliteSingles – Dating for Single Professionals,DATING,2.5,5377,19M,"500,000+",Free,0,Mature 17+,Dating,"July 31, 2018",4.8.5,4.0.3 and up,CHINA
Clover Dating App,DATING,4.1,11633,23M,"500,000+",Free,0,Mature 17+,Dating,"July 24, 2018",2.5.1,4.1 and up,CHINA
"Moco - Chat, Meet People",DATING,4.2,313724,Varies with device,"10,000,000+",Free,0,Mature 17+,Dating,"August 4, 2018",2.6.141,4.1 and up,CHINA
"Herpes Dating: 1,000K+ Singles",DATING,4.0,738,27M,"10,000+",Free,0,Mature 17+,Dating,"August 1, 2018",6.4.1,4.1 and up,CHINA
Hot or Not - Find someone right now,DATING,4.1,305708,Varies with device,"10,000,000+",Free,0,Mature 17+,Dating,"August 2, 2018",Varies with device,Varies with device,CHINA
Just She - Top Lesbian Dating,DATING,1.9,953,19M,"100,000+",Free,0,Mature 17+,Dating,"July 18, 2018",6.3.7,5.0 and up,CHINA
Heart mill,DATING,3.3,4631,45M,"100,000+",Free,0,Mature 17+,Dating,"August 4, 2018",5.2.14,5.0 and up,CHINA
Once - Quality Matches Every day,DATING,4.4,222888,21M,"1,000,000+",Free,0,Mature 17+,Dating,"July 17, 2018",2.45,4.1 and up,CHINA
Sudy – Meet Elite & Rich Single,DATING,4.1,17268,40M,"500,000+",Free,0,Mature 17+,Dating,"June 25, 2018",4.1.2,4.0.3 and up,CHINA
"muzmatch: Muslim & Arab Singles, Marriage & Dating",DATING,3.8,5164,25M,"100,000+",Free,0,Mature 17+,Dating,"July 24, 2018",3.8.75a,4.0.3 and up,CHINA
95Live -SG#1 Live Streaming App,DATING,4.1,4953,15M,"1,000,000+",Free,0,Teen,Dating,"August 1, 2018",8.7.2,4.2 and up,CHINA
"Chispa, the Dating App for Latino, Latina Singles",DATING,4.2,4195,24M,"100,000+",Free,0,Mature 17+,Dating,"July 25, 2018",1.6.1,4.4 and up,CHINA
"Blendr - Chat, Flirt & Meet",DATING,4.0,28671,Varies with device,"1,000,000+",Free,0,Mature 17+,Dating,"August 1, 2018",Varies with device,Varies with device,CHINA
Find Real Love — YouLove Premium Dating,DATING,4.5,212626,11M,"10,000,000+",Free,0,Mature 17+,Dating,"July 31, 2018",4.17.2,4.1 and up,CHINA
Mutual - LDS Dating,DATING,3.7,1439,38M,"50,000+",Free,0,Mature 17+,Dating,"July 30, 2018",1.1.46,4.2 and up,CHINA
Cougar Dating Life : Date Older Women Sugar Mummy,DATING,3.9,1645,31M,"500,000+",Free,0,Mature 17+,Dating,"July 3, 2018",4.5.5,4.1 and up,CHINA
stranger chat - anonymous chat,DATING,3.5,13204,6.1M,"1,000,000+",Free,0,Mature 17+,Dating,"July 7, 2018",2.4.1,4.1 and up,CHINA
Millionaire Match: Rich Singles Dating App,DATING,3.9,853,27M,"100,000+",Free,0,Mature 17+,Dating,"July 30, 2018",6.4.6,4.1 and up,CHINA
2RedBeans,DATING,4.0,337,32M,"10,000+",Free,0,Mature 17+,Dating,"July 31, 2018",2.8.0,4.3 and up,CHINA
Dating for 50 plus Mature Singles – FINALLY,DATING,4.6,13049,13M,"500,000+",Free,0,Mature 17+,Dating,"July 31, 2018",4.17.2,4.1 and up,CHINA
"SweetRing - Meet, Match, Date",DATING,4.0,51698,63M,"1,000,000+",Free,0,Mature 17+,Dating,"July 26, 2018",3.0.0,4.0.3 and up,CHINA
"BiggerCity: Chat for gay bears, chubs & chasers",DATING,4.1,923,44M,"100,000+",Free,0,Mature 17+,Dating,"August 2, 2018",3.4.1.1,4.1 and up,CHINA
"Moco+ - Chat, Meet People",DATING,4.2,1546,Varies with device,"10,000+",Paid,$3.99,Mature 17+,Dating,"June 19, 2018",2.6.139,4.1 and up,CHINA
SilverSingles: The 50+ Dating App,DATING,3.3,149,16M,"10,000+",Free,0,Mature 17+,Dating,"July 31, 2018",4.8.5,4.0.3 and up,CHINA
Herpes Positive Singles Dating,DATING,4.4,198,28M,"10,000+",Free,0,Mature 17+,Dating,"May 18, 2018",5.5.7,4.1 and up,CHINA
"Chat Rooms, Avatars, Date - Galaxy",DATING,4.3,135420,Varies with device,"10,000,000+",Free,0,Mature 17+,Dating,"July 7, 2018",Varies with device,Varies with device,CHINA
"FastMeet: Chat, Dating, Love",DATING,4.2,22545,5.9M,"1,000,000+",Free,0,Mature 17+,Dating,"July 27, 2018",1.31.4,4.0.3 and up,CHINA
Christian Dating For Free App,DATING,3.9,8723,13M,"500,000+",Free,0,Mature 17+,Dating,"June 20, 2018",15.8,4.1 and up,CHINA
Glam - Premium Dating App,DATING,4.3,23170,9.0M,"500,000+",Free,0,Mature 17+,Dating,"July 25, 2018",1.5.4.0,4.1 and up,CHINA
"iDates - Chats, Flirts, Dating, Love & Relations",DATING,3.4,13890,20M,"500,000+",Free,0,Mature 17+,Dating,"June 19, 2018",4.9.2 (Oasis),4.2 and up,CHINA
"Meet24 - Love, Chat, Singles",DATING,4.2,57083,7.9M,"1,000,000+",Free,0,Mature 17+,Dating,"July 27, 2018",1.31.3,4.0.3 and up,CHINA
Black White Interracial Dating - Interracial Match,DATING,4.1,537,28M,"100,000+",Free,0,Mature 17+,Dating,"March 29, 2018",2.0.0,4.1 and up,CHINA
JustDating,DATING,4.0,13440,49M,"500,000+",Free,0,Mature 17+,Dating,"August 3, 2018",3.10.5,4.0.3 and up,CHINA
Interracial Match Dating App,DATING,3.6,143,27M,"10,000+",Free,0,Mature 17+,Dating,"July 23, 2018",2.2.7,4.1 and up,CHINA
Russian Dating & Chat for Russian speaking RusDate,DATING,4.2,1059,18M,"100,000+",Free,0,Mature 17+,Dating,"July 26, 2018",1.17,4.2 and up,CHINA
Sky People (SPI): A secure blind date through authentication by Seoul National University,DATING,3.5,894,14M,"100,000+",Free,0,Mature 17+,Dating,"July 17, 2018",3.1.3,4.1 and up,CHINA
Sweet mi - unlimited hunnam hunting blind date,DATING,4.0,6191,27M,"500,000+",Free,0,Mature 17+,Dating,"July 12, 2018",0.0.73,4.1 and up,CHINA
Gay Sugar Daddy Dating & Hookup – Sudy Gay,DATING,4.1,2212,41M,"100,000+",Free,0,Mature 17+,Dating,"June 20, 2018",2.0.5,4.0.3 and up,CHINA
Mingle - Online Dating App to Chat & Meet People,DATING,4.1,15081,38M,"1,000,000+",Free,0,Mature 17+,Dating,"July 26, 2018",4.7.6,4.1 and up,CHINA
Adult Dirty Emojis,DATING,2.8,80,5.5M,"10,000+",Free,0,Teen,Dating,"November 6, 2017",1.0,4.0.3 and up,CHINA
BBW Dating & Curvy Singles Chat- LargeFriends,DATING,4.4,218,27M,"10,000+",Free,0,Mature 17+,Dating,"July 23, 2018",5.2.9,4.1 and up,CHINA
"Hide App, Private Dating, Safe Chat - PrivacyHider",DATING,4.4,35205,7.2M,"1,000,000+",Free,0,Everyone,Dating,"May 21, 2018",2.9.6,4.0 and up,CHINA
Hitwe - meet people and chat,DATING,4.2,243950,21M,"10,000,000+",Free,0,Mature 17+,Dating,"May 10, 2018",4.3.2,4.1 and up,CHINA
A hundred,DATING,4.1,236,8.8M,"10,000+",Free,0,Mature 17+,Dating,"March 29, 2018",3.9.2,4.0.3 and up,CHINA
JustSayHi- Dating App. Chat & Meet Singles Nearby,DATING,4.2,5152,38M,"100,000+",Free,0,Mature 17+,Dating,"July 26, 2018",3.6.3,4.1 and up,CHINA
FERZU - Furries Social Network,DATING,3.9,1576,Varies with device,"10,000+",Free,0,Mature 17+,Dating,"February 16, 2018",4.4.1,4.1 and up,CHINA
WannaMeet – Dating & Chat App,DATING,4.1,6701,11M,"1,000,000+",Free,0,Mature 17+,Dating,"June 29, 2018",5.16.2,4.0.3 and up,CHINA
"Meet4U - Chat, Love, Singles!",DATING,4.2,40039,6.5M,"1,000,000+",Free,0,Mature 17+,Dating,"July 27, 2018",1.31.3,4.0.3 and up,CHINA
Luxy Pro- Elite Dating Single,DATING,3.9,742,26M,"50,000+",Free,0,Mature 17+,Dating,"April 7, 2018",5.3.3.13289,4.0.3 and up,CHINA
Dating Network,DATING,4.0,187,19M,"10,000+",Free,0,Mature 17+,Dating,"July 26, 2018",1.17,4.2 and up,CHINA
"Chatting - Free chat, random chat, boyfriend, girlfriend",DATING,4.2,2506,6.1M,"500,000+",Free,0,Mature 17+,Dating,"June 15, 2017",3.0.0,4.0 and up,CHINA
"iPair-Meet, Chat, Dating",DATING,4.5,182986,77M,"5,000,000+",Free,0,Mature 17+,Dating,"August 2, 2018",5.0.8,4.1 and up,CHINA
"Meet, chat & date. Free dating app - Chocolate app",DATING,3.9,8661,9.5M,"1,000,000+",Free,0,Mature 17+,Dating,"April 3, 2018",0.1.11,4.0 and up,CHINA
Transenger – Ts Dating and Chat for Free,DATING,3.6,8,14M,"1,000+",Free,0,Mature 17+,Dating,"July 29, 2018",1.4.0,4.4 and up,CHINA
O-Star,DATING,4.4,59,38M,"5,000+",Free,0,Everyone,Dating,"July 19, 2018",1.0.1,4.3 and up,CHINA
Free Cam Girls - Live Webcam,DATING,3.5,35,16M,"1,000+",Free,0,Mature 17+,Dating,"July 16, 2018",2.4,4.0.3 and up,CHINA
Cardi B Live Stream Video Chat - Prank,DATING,4.4,28,3.4M,500+,Free,0,Everyone,Dating,"July 16, 2018",2.5,4.0.3 and up,CHINA
Live Girls Talk - Free Video Chat,DATING,4.8,125,4.7M,"5,000+",Free,0,Mature 17+,Dating,"July 8, 2018",8.2,4.0.3 and up,CHINA
Live Talk - Free Text and Video Chat,DATING,4.6,185,5.0M,"10,000+",Free,0,Mature 17+,Dating,"July 16, 2018",8.2,4.0.3 and up,CHINA
Chat Kids - Chat Room For Kids,DATING,4.7,6,4.9M,100+,Free,0,Mature 17+,Dating,"July 24, 2018",1.0,4.0.3 and up,CHINA
Girls Live Chat - Free Text & Video Chat,DATING,4.8,110,4.9M,"10,000+",Free,0,Mature 17+,Dating,"July 9, 2018",8.2,4.0.3 and up,CHINA
Random Video Chat,DATING,,3,16M,"1,000+",Free,0,Mature 17+,Dating,"July 15, 2018",4.20,4.0.3 and up,CHINA
MouseMingle,DATING,2.7,3,3.9M,100+,Free,0,Mature 17+,Dating,"July 17, 2018",1.0.0,4.4 and up,CHINA
American Girls Mobile Numbers,DATING,5.0,5,4.4M,"1,000+",Free,0,Mature 17+,Dating,"July 17, 2018",3.0,4.0.3 and up,CHINA
Random Video Chat App With Strangers,DATING,,3,4.8M,"1,000+",Free,0,Mature 17+,Dating,"July 17, 2018",1.,4.0 and up,CHINA
FREE VIDEO CHAT - LIVE VIDEO AND TEXT CHAT,DATING,4.8,84,4.5M,"1,000+",Free,0,Mature 17+,Dating,"July 6, 2018",8.2,4.0.3 and up,CHINA
Awake Dating,DATING,5.0,2,70M,100+,Free,0,Mature 17+,Dating,"July 24, 2018",2.2.9,4.4 and up,CHINA
Live Chat - Free Video Chat Rooms,DATING,4.8,20,4.9M,500+,Free,0,Mature 17+,Dating,"July 15, 2018",8.2,4.0.3 and up,CHINA
Meet With Strangers: Video Chat & Dating,DATING,,2,3.7M,500+,Free,0,Mature 17+,Dating,"July 16, 2018",1.,4.0 and up,CHINA
FREE LIVE TALK,DATING,4.9,776,4.9M,"5,000+",Free,0,Mature 17+,Dating,"July 14, 2018",8.2,4.0.3 and up,CHINA
Random Chat App with Strangers,DATING,3.0,2,16M,100+,Free,0,Mature 17+,Dating,"July 17, 2018",2.5,4.0.3 and up,CHINA
Ost. Zombies Cast - New Music and Lyrics,DATING,,1,4.6M,100+,Free,0,Teen,Dating,"July 20, 2018",1.0,4.0.3 and up,CHINA
Dating White Girls,DATING,,0,3.6M,50+,Free,0,Mature 17+,Dating,"July 20, 2018",1.0,4.0 and up,CHINA
Live Chat - Free Video Talk,DATING,4.7,14,21M,"5,000+",Free,0,Mature 17+,Dating,"August 3, 2018",1.3,4.1 and up,CHINA
Geeks Dating,DATING,,0,13M,50+,Free,0,Mature 17+,Dating,"July 10, 2018",1.0,4.1 and up,CHINA
Live chat - free video chat,DATING,,1,8.7M,500+,Free,0,Mature 17+,Dating,"July 23, 2018",3.52,4.0.3 and up,CHINA
House party - live chat,DATING,1.0,1,9.2M,10+,Free,0,Mature 17+,Dating,"July 31, 2018",3.52,4.0.3 and up,CHINA
Fishing Brain & Boating Maps Marine,DATING,,3,6.9M,500+,Free,0,Everyone,Dating,"July 23, 2018",1.0,4.0.3 and up,CHINA
CAM5678 Video Chat,DATING,,0,39M,500+,Free,0,Mature 17+,Dating,"July 13, 2018",5.5.8,4.0.3 and up,CHINA
Video chat live advices,DATING,,0,8.0M,100+,Free,0,Everyone,Dating,"July 10, 2018",1.0,3.0 and up,CHINA
chat live chat,DATING,,24,3.9M,"1,000+",Free,0,Mature 17+,Dating,"July 26, 2018",1.0,4.0 and up,CHINA
Pet Lovers Dating,DATING,,0,14M,10+,Free,0,Mature 17+,Dating,"July 9, 2018",1.0,4.1 and up,CHINA
Friend Find: free chat + flirt dating app,DATING,,23,11M,100+,Free,0,Mature 17+,Dating,"July 31, 2018",1.0,4.4 and up,CHINA
Latin Dating,DATING,,0,13M,10+,Free,0,Mature 17+,Dating,"July 9, 2018",1.0,4.1 and up,CHINA
Spine- The dating app,DATING,5.0,5,9.3M,500+,Free,0,Teen,Dating,"July 14, 2018",4.0,4.0.3 and up,CHINA
Online Chat Girls Meet,DATING,4.7,18,5.0M,500+,Free,0,Mature 17+,Dating,"July 25, 2018",8.2,4.0.3 and up,CHINA
Wifi Mingle,DATING,,0,10.0M,10+,Free,0,Everyone,Dating,"July 27, 2018",1.3,4.4 and up,CHINA
Girls Live Talk - Free Text and Video Chat,DATING,5.0,6,5.0M,100+,Free,0,Mature 17+,Dating,"August 1, 2018",8.2,4.0.3 and up,CHINA
Soy Luna - Top Music And Lyrics,DATING,,1,5.0M,100+,Free,0,Teen,Dating,"July 24, 2018",1.0,4.0.3 and up,CHINA
When Will You Get Married,DATING,,2,3.6M,10+,Free,0,Everyone,Dating,"July 14, 2018",1.0,4.0.3 and up,CHINA
HOW TO ASK A GIRL OUT,DATING,,0,19M,10+,Free,0,Everyone,Dating,"July 16, 2018",1.0,4.0.3 and up,CHINA
Online Girls Chat Group,DATING,5.0,5,5.0M,100+,Free,0,Mature 17+,Dating,"August 2, 2018",8.2,4.0.3 and up,CHINA
The DJ - Match with People,DATING,,0,9.8M,50+,Free,0,Mature 17+,Dating,"August 2, 2018",1.2,4.1 and up,CHINA
Toronto Dating,DATING,,0,14M,100+,Free,0,Mature 17+,Dating,"July 12, 2018",1.0,4.1 and up,CHINA
i miss you quotes and photos,DATING,,0,5.0M,100+,Free,0,Everyone,Dating,"July 22, 2018",1.0.7,4.0 and up,CHINA
JoJo Siwa Top Hits Music,DATING,,0,4.9M,10+,Free,0,Teen,Dating,"July 26, 2018",1.0,4.0.3 and up,CHINA
UK Girls Mobile Numbers,DATING,3.0,1,5.5M,500+,Free,0,Mature 17+,Dating,"July 19, 2018",1.0,4.0.3 and up,CHINA
chat saudi arabia,DATING,4.1,11,11M,"1,000+",Free,0,Mature 17+,Dating,"July 14, 2018",1.1,4.0 and up,CHINA
Chat Click - Dating Search,DATING,,4,3.8M,500+,Free,0,Mature 17+,Dating,"July 11, 2018",1.0,3.0 and up,CHINA
Iraq love chat,DATING,,14,5.0M,50+,Free,0,Teen,Dating,"August 3, 2018",8.2,4.0.3 and up,CHINA
Healthy Relationships Guide,DATING,,0,8.2M,1+,Free,0,Everyone,Dating,"July 31, 2018",2.0,4.0.3 and up,CHINA
following,DATING,,1,21M,10+,Free,0,Mature 17+,Dating,"July 24, 2018",1.0.3,4.2 and up,CHINA
Gods by Night,DATING,,104,12M,"1,000+",Free,0,Mature 17+,Dating,"July 22, 2018",3.5.4.2.3,4.1 and up,CHINA
PlusOne,DATING,,0,10M,1+,Free,0,Mature 17+,Dating,"July 17, 2018",1.1.1,4.2 and up,CHINA
Love Calendar - Couple Sharing Calendar & CoupleDay,DATING,,14,3.3M,50+,Free,0,Everyone,Dating,"July 30, 2018",1.6,4.1 and up,CHINA
Speeding Joyride & Car Meet App,DATING,5.0,3,25M,100+,Free,0,Mature 17+,Dating,"July 20, 2018",1.2.9,4.1 and up,CHINA
LOBSTR - go on a lunch date,DATING,3.7,101,15M,"10,000+",Free,0,Mature 17+,Dating,"July 24, 2018",2,4.1 and up,CHINA
Titanic App - Feminist Dating Application,DATING,4.5,120,10M,500+,Free,0,Mature 17+,Dating,"August 4, 2018",1.5-beta,5.0 and up,CHINA
French Chat Room,DATING,4.2,24,4.9M,"1,000+",Free,0,Mature 17+,Dating,"July 11, 2018",1.0,4.0.3 and up,CHINA
Soul Mate,DATING,,0,4.4M,10+,Free,0,Mature 17+,Dating,"July 19, 2018",4.5.0,4.0.3 and up,CHINA
Diamond Engagement Rings,DATING,,0,3.5M,5+,Free,0,Everyone,Dating,"July 12, 2018",6.1,4.0 and up,CHINA
Dating Tips For Men,DATING,,0,7.8M,10+,Free,0,Everyone,Dating,"July 9, 2018",3.0,4.0.3 and up,CHINA
Halalguur,DATING,4.3,6,9.0M,100+,Free,0,Mature 17+,Dating,"July 26, 2018",3.7,4.0.3 and up,CHINA
95Live -SG#1 Live Streaming App,DATING,4.1,4954,15M,"1,000,000+",Free,0,Teen,Dating,"August 1, 2018",8.7.2,4.2 and up,CHINA
Just She - Top Lesbian Dating,DATING,1.9,954,19M,"100,000+",Free,0,Mature 17+,Dating,"July 18, 2018",6.3.7,5.0 and up,CHINA
"Hily: Dating, Chat, Match, Meet & Hook up",DATING,4.1,2560,56M,"100,000+",Free,0,Mature 17+,Dating,"August 1, 2018",2.5.2,4.1 and up,CHINA
O-Star,DATING,4.4,59,38M,"5,000+",Free,0,Everyone,Dating,"July 19, 2018",1.0.1,4.3 and up,CHINA
Random Video Chat,DATING,,3,16M,"1,000+",Free,0,Mature 17+,Dating,"July 15, 2018",4.20,4.0.3 and up,CHINA
Black People Meet Singles Date,DATING,3.9,10212,5.0M,"1,000,000+",Free,0,Mature 17+,Dating,"July 25, 2018",1.9.7,4.4 and up,CHINA
Howlr,DATING,3.9,105,27M,"5,000+",Free,0,Mature 17+,Dating,"June 19, 2018",1.0.4,4.4 and up,CHINA
Find Lover,DATING,,21,4.7M,"1,000+",Free,0,Mature 17+,Dating,"July 27, 2018",1.0.2,4.0.3 and up,CHINA
Free Dating & Flirt Chat - Choice of Love,DATING,4.0,42197,Varies with device,"5,000,000+",Free,0,Mature 17+,Dating,"July 24, 2018",Varies with device,Varies with device,CHINA
Cardi B Live Stream Video Chat - Prank,DATING,4.4,28,3.4M,500+,Free,0,Everyone,Dating,"July 16, 2018",2.5,4.0.3 and up,CHINA
Chat Kids - Chat Room For Kids,DATING,4.7,6,4.9M,100+,Free,0,Mature 17+,Dating,"July 24, 2018",1.0,4.0.3 and up,CHINA
"muzmatch: Muslim & Arab Singles, Marriage & Dating",DATING,3.8,5168,25M,"100,000+",Free,0,Mature 17+,Dating,"July 24, 2018",3.8.75a,4.0.3 and up,CHINA
BBW Dating & Plus Size Chat,DATING,4.4,12633,29M,"1,000,000+",Free,0,Mature 17+,Dating,"July 27, 2018",3.5.0.1,4.1 and up,CHINA
"2Date Dating App, Love and matching",DATING,4.4,41605,8.1M,"500,000+",Free,0,Mature 17+,Dating,"July 26, 2018",4.813,4.0.3 and up,CHINA
Transenger – Ts Dating and Chat for Free,DATING,3.6,8,14M,"1,000+",Free,0,Mature 17+,Dating,"July 29, 2018",1.4.0,4.4 and up,CHINA
BBW Dating & Curvy Singles Chat- LargeFriends,DATING,4.4,218,27M,"10,000+",Free,0,Mature 17+,Dating,"July 23, 2018",5.2.9,4.1 and up,CHINA
MouseMingle,DATING,2.7,3,3.9M,100+,Free,0,Mature 17+,Dating,"July 17, 2018",1.0.0,4.4 and up,CHINA
FlirtChat - ♥Free Dating/Flirting App♥,DATING,4.3,2433,13M,"500,000+",Free,0,Mature 17+,Dating,"July 26, 2018",12.0.4,4.1 and up,CHINA
Live Talk - Free Text and Video Chat,DATING,4.6,185,5.0M,"10,000+",Free,0,Mature 17+,Dating,"July 16, 2018",8.2,4.0.3 and up,CHINA
Adult Dirty Emojis,DATING,2.8,80,5.5M,"10,000+",Free,0,Teen,Dating,"November 6, 2017",1.0,4.0.3 and up,CHINA
Free Cam Girls - Live Webcam,DATING,3.5,35,16M,"1,000+",Free,0,Mature 17+,Dating,"July 16, 2018",2.4,4.0.3 and up,CHINA
Random Video Chat App With Strangers,DATING,,3,4.8M,"1,000+",Free,0,Mature 17+,Dating,"July 17, 2018",1.,4.0 and up,CHINA
Teenage Chat & Dating,DATING,3.4,5,14M,500+,Free,0,Mature 17+,Dating,"July 9, 2018",1.2,4.1 and up,CHINA
Live Girls Talk - Free Video Chat,DATING,4.8,125,4.7M,"5,000+",Free,0,Mature 17+,Dating,"July 8, 2018",8.2,4.0.3 and up,CHINA
Girls Online Talk - Free Text and Video Chat,DATING,4.7,791,3.7M,"10,000+",Free,0,Mature 17+,Dating,"May 15, 2018",8.2,4.0.3 and up,CHINA
Girls Live Chat - Free Text & Video Chat,DATING,4.8,110,4.9M,"10,000+",Free,0,Mature 17+,Dating,"July 9, 2018",8.2,4.0.3 and up,CHINA
Online Girls Chat,DATING,4.8,5323,3.5M,"50,000+",Free,0,Mature 17+,Dating,"April 21, 2018",8.2,4.0.3 and up,CHINA
LIVE VIDEO TALK,DATING,4.7,478,4.5M,"10,000+",Free,0,Mature 17+,Dating,"June 28, 2018",8.2,4.0.3 and up,CHINA
Free Dating App - Meet Local Singles - Flirt Chat,DATING,4.1,825,Varies with device,"100,000+",Free,0,Mature 17+,Dating,"December 28, 2017",1.0.5,4.0 and up,CHINA
SkyLove – Dating and chat,DATING,3.5,69,36M,"5,000+",Free,0,Mature 17+,Dating,"August 4, 2018",1.0.82,4.4 and up,CHINA
Free Live Talk-Video Call,DATING,4.7,158,4.5M,"10,000+",Free,0,Mature 17+,Dating,"July 5, 2018",8.2,4.0.3 and up,CHINA
FindLoving,DATING,3.8,24,19M,"1,000+",Free,0,Mature 17+,Dating,"August 2, 2018",1.0.5,4.0 and up,CHINA
Sugar Daddies Dating App,DATING,2.9,53,14M,"10,000+",Free,0,Mature 17+,Dating,"July 10, 2018",4.1,4.1 and up,CHINA
"iPair-Meet, Chat, Dating",DATING,4.5,182986,77M,"5,000,000+",Free,0,Mature 17+,Dating,"August 2, 2018",5.0.8,4.1 and up,CHINA
Free Dating Hook Up Messenger,DATING,3.3,1157,21M,"100,000+",Free,0,Mature 17+,Dating,"January 27, 2017",5.0.1,4.2 and up,CHINA
"Free Dating App - YoCutie - Flirt, Chat & Meet",DATING,4.1,97699,7.9M,"1,000,000+",Free,0,Mature 17+,Dating,"July 10, 2018",1.230,4.0.3 and up,CHINA
"Chat Mexico: meet people, flirt and friendship",DATING,,8,9.3M,"5,000+",Free,0,Mature 17+,Dating,"July 2, 2018",3.7,4.0.3 and up,CHINA
Duolingo: Learn Languages Free,EDUCATION,4.7,6289924,Varies with device,"100,000,000+",Free,0,Everyone,Education;Education,"August 1, 2018",Varies with device,Varies with device,India
TED,EDUCATION,4.6,181893,18M,"10,000,000+",Free,0,Everyone 10+,Education,"July 27, 2018",3.2.5,4.1 and up,India
English Communication - Learn English for Chinese (Learn English for Chinese),EDUCATION,4.7,2544,18M,"100,000+",Free,0,Everyone,Education,"December 29, 2017",3.1,4.0 and up,India
Khan Academy,EDUCATION,4.6,85375,21M,"5,000,000+",Free,0,Everyone,Education,"July 27, 2018",5.0.0,4.1 and up,India
Learn English with Wlingua,EDUCATION,4.7,314299,3.3M,"10,000,000+",Free,0,Everyone,Education,"May 2, 2018",1.94.9,4.0 and up,India
Ai La Trieu Phu - ALTP Free,EDUCATION,,776,24M,"100,000+",Free,0,Everyone,Education,"July 23, 2018",1.5,4.0 and up,India
Princess Coloring Book,EDUCATION,4.5,9770,39M,"5,000,000+",Free,0,Everyone,Education;Creativity,"February 25, 2018",1.2.8,4.0 and up,India
Learn Spanish - Español,EDUCATION,4.7,32346,3.2M,"1,000,000+",Free,0,Everyone,Education,"December 18, 2017",1.3.8,4.0 and up,India
English Grammar Test,EDUCATION,4.8,4075,5.1M,"500,000+",Free,0,Everyone,Education,"June 22, 2018",2.1.8,4.0.3 and up,India
Speed Reading,EDUCATION,4.6,10611,11M,"500,000+",Free,0,Everyone,Education,"May 27, 2018",2.3.7,4.0 and up,India
English for beginners,EDUCATION,4.6,9321,27M,"1,000,000+",Free,0,Everyone,Education,"July 18, 2018",2.9.0,4.0 and up,India
Flame - درب عقلك يوميا,EDUCATION,4.6,56065,37M,"1,000,000+",Free,0,Everyone,Education,"July 26, 2018",3.3,4.1 and up,India
Mermaids,EDUCATION,4.2,14286,Varies with device,"5,000,000+",Free,0,Everyone,Education;Creativity,"April 26, 2018",Varies with device,4.1 and up,India
"Learn Japanese, Korean, Chinese Offline & Free",EDUCATION,4.9,133136,26M,"1,000,000+",Free,0,Everyone,Education;Education,"July 20, 2018",2.16.11.10,4.2 and up,India
Kids Mode,EDUCATION,3.8,2469,11M,"500,000+",Free,0,Everyone,Education,"March 23, 2018",Varies with device,Varies with device,India
PBS KIDS Video,EDUCATION,4.2,36212,Varies with device,"5,000,000+",Free,0,Everyone,Education;Music & Video,"July 12, 2018",Varies with device,Varies with device,India
Dinosaurs Coloring Pages,EDUCATION,4.4,390,41M,"500,000+",Free,0,Everyone,Education;Education,"February 3, 2018",1.1.6,4.0 and up,India
Cars Coloring Pages,EDUCATION,4.4,1090,49M,"1,000,000+",Free,0,Everyone,Education;Creativity,"February 3, 2018",1.2.0,4.0 and up,India
Babbel – Learn Languages,EDUCATION,4.3,266948,21M,"10,000,000+",Free,0,Everyone,Education,"July 30, 2018",20.7.2,4.4 and up,India
Math Tricks,EDUCATION,4.5,342918,8.1M,"10,000,000+",Free,0,Everyone,Education,"July 29, 2018",2.24,4.0 and up,India
Monster Truck Driver & Racing,EDUCATION,4.4,748,51M,"1,000,000+",Free,0,Everyone,Education;Action & Adventure,"January 19, 2017",1.0.9,2.3 and up,India
Learn English Words Free,EDUCATION,4.6,172640,14M,"5,000,000+",Free,0,Everyone,Education,"May 2, 2018",2.6.2,4.1 and up,India
Japanese / English one-shop search dictionary - Free Japanese - English - Japanese dictionary application,EDUCATION,3.9,61,18M,"50,000+",Free,0,Mature 17+,Education,"May 28, 2018",1.4.2,5.0 and up,India
English speaking texts,EDUCATION,4.4,1619,3.0M,"1,000,000+",Free,0,Everyone,Education,"July 20, 2018",1.2,1.6 and up,India
Thai Handwriting,EDUCATION,4.3,3168,19M,"1,000,000+",Free,0,Everyone,Education,"October 26, 2017",3.1,4.4 and up,India
THAI DICT 2018,EDUCATION,4.4,29855,Varies with device,"1,000,000+",Free,0,Mature 17+,Education,"July 29, 2018",Varies with device,Varies with device,India
Kanji test · Han search Kanji training (free version),EDUCATION,4.2,6736,22M,"1,000,000+",Free,0,Mature 17+,Education,"October 17, 2017",2.51.0,4.0.3 and up,India
Game for KIDS: KIDS match'em,EDUCATION,4.4,7005,6.9M,"1,000,000+",Free,0,Everyone,Education,"October 23, 2016",1.17,2.3 and up,India
Flippy Campus - Buy & sell on campus at a discount,EDUCATION,4.0,889,7.4M,"500,000+",Free,0,Everyone,Education,"March 9, 2018",2.2.4,4.2 and up,India
Free intellectual training game application |,EDUCATION,4.2,5741,84M,"1,000,000+",Free,0,Everyone,Education;Pretend Play,"July 25, 2018",3.7.0,4.4 and up,India
ABC Preschool Free,EDUCATION,3.8,27572,25M,"5,000,000+",Free,0,Everyone,Education;Education,"October 25, 2017",3.0,2.3 and up,India
PINKFONG Baby Shark,EDUCATION,4.5,10852,18M,"1,000,000+",Free,0,Everyone,Education,"November 28, 2017",10,4.1 and up,India
English words application mikan,EDUCATION,4.7,9888,Varies with device,"500,000+",Free,0,Everyone,Education,"July 30, 2018",Varies with device,4.1 and up,India
Learn English for beginners,EDUCATION,4.5,1929,2.5M,"500,000+",Free,0,Everyone,Education,"September 28, 2017",1.1,2.3 and up,India
Listen and learn English in seven days,EDUCATION,4.3,1516,3.9M,"100,000+",Free,0,Everyone,Education,"July 28, 2018",3.1,4.1 and up,India
Lumosity: #1 Brain Games & Cognitive Training App,EDUCATION,4.2,215301,Varies with device,"10,000,000+",Free,0,Everyone,Education,"August 1, 2018",Varies with device,Varies with device,India
Learn English from Persian: Persian to English,EDUCATION,4.3,423,21M,"100,000+",Free,0,Everyone,Education,"April 3, 2018",6.0,4.0.3 and up,India
English with Lingualeo,EDUCATION,4.7,254519,27M,"5,000,000+",Free,0,Everyone,Education,"July 20, 2018",2.8.1,4.1 and up,India
"Learn languages, grammar & vocabulary with Memrise",EDUCATION,4.7,1107903,Varies with device,"10,000,000+",Free,0,Everyone,Education,"August 2, 2018",Varies with device,Varies with device,India
Khan Academy,EDUCATION,4.6,85375,21M,"5,000,000+",Free,0,Everyone,Education,"July 27, 2018",5.0.0,4.1 and up,India
TED,EDUCATION,4.6,181893,18M,"10,000,000+",Free,0,Everyone 10+,Education,"July 27, 2018",3.2.5,4.1 and up,India
Quizlet: Learn Languages & Vocab with Flashcards,EDUCATION,4.6,211856,Varies with device,"10,000,000+",Free,0,Everyone,Education,"August 1, 2018",Varies with device,Varies with device,India
Udemy - Online Courses,EDUCATION,4.5,99020,18M,"1,000,000+",Free,0,Everyone,Education,"August 2, 2018",5.0.4,5.0 and up,India
Coursera: Online courses,EDUCATION,4.4,90481,Varies with device,"5,000,000+",Free,0,Everyone,Education,"July 27, 2018",Varies with device,Varies with device,India
"edX - Online Courses by Harvard, MIT & more",EDUCATION,4.6,32381,10M,"1,000,000+",Free,0,Everyone 10+,Education,"July 15, 2018",2.15.1,4.1 and up,India
Elevate - Brain Training Games,EDUCATION,4.5,248912,Varies with device,"5,000,000+",Free,0,Everyone,Education,"July 30, 2018",Varies with device,Varies with device,India
NeuroNation - Focus and Brain Training,EDUCATION,4.5,248555,Varies with device,"5,000,000+",Free,0,Everyone,Education;Brain Games,"May 23, 2018",Varies with device,4.0.3 and up,India
Lumosity: #1 Brain Games & Cognitive Training App,EDUCATION,4.2,215301,Varies with device,"10,000,000+",Free,0,Everyone,Education,"August 1, 2018",Varies with device,Varies with device,India
Peak – Brain Games & Training,EDUCATION,4.4,272145,Varies with device,"10,000,000+",Free,0,Everyone,Education;Brain Games,"August 3, 2018",3.14.15,5.0 and up,India
Memorado - Brain Games,EDUCATION,4.4,56897,97M,"1,000,000+",Free,0,Everyone,Education;Brain Games,"January 16, 2017",1.10.0,4.1 and up,India
Lynda - Online Training Videos,EDUCATION,4.2,8599,17M,"1,000,000+",Free,0,Everyone,Education,"July 11, 2018",4.9.10,4.1 and up,India
Brilliant,EDUCATION,4.5,41185,Varies with device,"1,000,000+",Free,0,Everyone,Education,"August 3, 2018",Varies with device,Varies with device,India
CppDroid - C/C++ IDE,EDUCATION,4.1,29980,Varies with device,"1,000,000+",Free,0,Everyone,Education,"August 17, 2017",Varies with device,Varies with device,India
Quiz&Learn Python,EDUCATION,4.0,304,2.0M,"10,000+",Free,0,Everyone,Education,"July 4, 2016",1.3.0,4.0 and up,India
C++ Tutorials,EDUCATION,4.1,358,1.9M,"50,000+",Free,0,Everyone,Education,"August 21, 2014",1.1,2.3 and up,India
C++ Programming,EDUCATION,4.3,11904,1.8M,"1,000,000+",Free,0,Everyone,Education,"August 22, 2015",2.0,2.3 and up,India
C Programming,EDUCATION,4.3,22251,1.8M,"1,000,000+",Free,0,Everyone,Education,"June 28, 2015",3.0,2.3 and up,India
Udacity - Lifelong Learning,EDUCATION,4.3,22384,17M,"1,000,000+",Free,0,Everyone,Education,"July 31, 2018",4.7.0,5.0 and up,India
Udemy - Online Courses,EDUCATION,4.5,99020,18M,"1,000,000+",Free,0,Everyone,Education,"August 2, 2018",5.0.4,5.0 and up,India
Learn C++,EDUCATION,4.6,73404,5.3M,"1,000,000+",Free,0,Everyone,Education,"December 25, 2017",4.5.2,4.0 and up,India
Learn programming,EDUCATION,4.1,12733,Varies with device,"1,000,000+",Free,0,Everyone,Education,"May 20, 2018",Varies with device,Varies with device,India
Learn JavaScript,EDUCATION,4.6,25183,5.4M,"1,000,000+",Free,0,Everyone,Education,"December 25, 2017",5.7.2,4.0 and up,India
Learn Java,EDUCATION,4.7,52743,5.4M,"1,000,000+",Free,0,Everyone,Education,"December 25, 2017",3.5.2,4.0 and up,India
Learn HTML,EDUCATION,4.7,61749,5.4M,"1,000,000+",Free,0,Everyone,Education,"December 25, 2017",5.5.2,4.0 and up,India
"Programming Hub, Learn to code",EDUCATION,4.3,55704,15M,"1,000,000+",Free,0,Everyone,Education,"August 4, 2018",4.2.8,4.1 and up,India
Learn SQL,EDUCATION,4.7,19277,5.3M,"1,000,000+",Free,0,Everyone,Education,"December 25, 2017",3.4.2,4.0 and up,India
Ready4 SAT (Prep4 SAT),EDUCATION,4.6,13612,48M,"100,000+",Free,0,Everyone,Education,"May 10, 2018",7.2.3633,4.4 and up,India
Socratic - Math Answers & Homework Help,EDUCATION,4.6,37862,5.4M,"1,000,000+",Free,0,Everyone,Education,"June 7, 2018",1.8.1,4.1 and up,India
Ready4 GMAT (Prep4 GMAT),EDUCATION,4.6,18372,47M,"100,000+",Free,0,Everyone,Education,"May 21, 2018",7.2.3634,4.4 and up,India
Pocket GMAT Math,EDUCATION,4.3,656,556k,"10,000+",Free,0,Everyone,Education,"July 11, 2014",1.1,2.2 and up,India
GMAT Question Bank,EDUCATION,4.2,240,29M,"10,000+",Free,0,Everyone,Education,"April 29, 2015",1.2.0,2.3.3 and up,India
GRE Tutor,EDUCATION,4.0,275,2.3M,"50,000+",Free,0,Everyone,Education,"December 2, 2013",2.9,2.1 and up,India
GRE Flashcards,EDUCATION,4.5,13791,Varies with device,"500,000+",Free,0,Everyone,Education,"June 6, 2018",Varies with device,Varies with device,India
"play2prep: ACT, SAT prep",EDUCATION,4.2,3692,4.4M,"100,000+",Free,0,Everyone,Education,"July 23, 2015",4.1.3,2.3.3 and up,India
SAT Test,EDUCATION,4.1,2363,6.6M,"100,000+",Free,0,Everyone,Education,"November 17, 2016",2.48,4.0 and up,India
GMAT Math Flashcards,EDUCATION,4.4,1769,Varies with device,"100,000+",Free,0,Everyone,Education,"July 11, 2018",Varies with device,Varies with device,India
Pocket SAT Math,EDUCATION,4.0,430,526k,"10,000+",Free,0,Everyone,Education,"July 11, 2014",1.2,2.1 and up,India
TOEFL Prep & Practice from Magoosh,EDUCATION,4.5,756,12M,"100,000+",Free,0,Everyone,Education,"June 18, 2018",3.2.0,4.1 and up,India
GRE Prep & Practice by Magoosh,EDUCATION,4.4,3963,Varies with device,"100,000+",Free,0,Everyone,Education,"June 6, 2018",Varies with device,Varies with device,India
GRE® Flashcards by Kaplan,EDUCATION,4.0,316,29M,"50,000+",Free,0,Everyone,Education,"February 15, 2017",1.4,4.0 and up,India
SAT Vocabulary,EDUCATION,4.2,642,Varies with device,"50,000+",Free,0,Everyone,Education,"June 5, 2018",Varies with device,Varies with device,India
Magoosh GMAT Prep & Practice,EDUCATION,4.3,1058,Varies with device,"100,000+",Free,0,Everyone,Education,"June 18, 2018",Varies with device,Varies with device,India
SAT Flashcards: Prep & Vocabulary,EDUCATION,4.2,2277,Varies with device,"100,000+",Free,0,Everyone,Education,"November 7, 2017",Varies with device,Varies with device,India
Khan Academy,EDUCATION,4.6,85375,21M,"5,000,000+",Free,0,Everyone,Education,"July 27, 2018",5.0.0,4.1 and up,India
TED,EDUCATION,4.6,181893,18M,"10,000,000+",Free,0,Everyone 10+,Education,"July 27, 2018",3.2.5,4.1 and up,India
Duolingo: Learn Languages Free,EDUCATION,4.7,6290507,Varies with device,"100,000,000+",Free,0,Everyone,Education;Education,"August 1, 2018",Varies with device,Varies with device,India
Quizlet: Learn Languages & Vocab with Flashcards,EDUCATION,4.6,211856,Varies with device,"10,000,000+",Free,0,Everyone,Education,"August 1, 2018",Varies with device,Varies with device,India
Coursera: Online courses,EDUCATION,4.4,90481,Varies with device,"5,000,000+",Free,0,Everyone,Education,"July 27, 2018",Varies with device,Varies with device,India
Udemy - Online Courses,EDUCATION,4.5,99020,18M,"1,000,000+",Free,0,Everyone,Education,"August 2, 2018",5.0.4,5.0 and up,India
Udacity - Lifelong Learning,EDUCATION,4.3,22384,17M,"1,000,000+",Free,0,Everyone,Education,"July 31, 2018",4.7.0,5.0 and up,India
"edX - Online Courses by Harvard, MIT & more",EDUCATION,4.6,32380,10M,"1,000,000+",Free,0,Everyone 10+,Education,"July 15, 2018",2.15.1,4.1 and up,India
Rosetta Stone: Learn to Speak & Read New Languages,EDUCATION,4.5,172505,76M,"5,000,000+",Free,0,Everyone,Education;Education,"June 27, 2018",5.2.1,5.0 and up,India
Google Classroom,EDUCATION,4.2,69493,Varies with device,"10,000,000+",Free,0,Everyone,Education,"July 19, 2018",Varies with device,Varies with device,India
Lynda - Online Training Videos,EDUCATION,4.2,8599,17M,"1,000,000+",Free,0,Everyone,Education,"July 11, 2018",4.9.10,4.1 and up,India
"Learn languages, grammar & vocabulary with Memrise",EDUCATION,4.7,1107884,Varies with device,"10,000,000+",Free,0,Everyone,Education,"August 2, 2018",Varies with device,Varies with device,India
Brilliant,EDUCATION,4.5,41185,Varies with device,"1,000,000+",Free,0,Everyone,Education,"August 3, 2018",Varies with device,Varies with device,India
LinkedIn Learning: Online Courses to Learn Skills,EDUCATION,4.6,7973,18M,"1,000,000+",Free,0,Everyone,Education,"July 27, 2018",0.29.74,4.4 and up,India
Babbel – Learn Languages,EDUCATION,4.3,266935,21M,"10,000,000+",Free,0,Everyone,Education,"July 30, 2018",20.7.2,4.4 and up,India
Learn English with Phrases,EDUCATION,4.2,5695,Varies with device,"1,000,000+",Free,0,Everyone,Education,"September 28, 2017",Varies with device,Varies with device,India
Free english course,EDUCATION,4.7,142632,6.9M,"5,000,000+",Free,0,Everyone,Education,"July 12, 2018",2.8,4.1 and up,India
Duolingo: Learn Languages Free,EDUCATION,4.7,6290507,Varies with device,"100,000,000+",Free,0,Everyone,Education;Education,"August 1, 2018",Varies with device,Varies with device,India
Learn 50 languages,EDUCATION,4.4,55256,14M,"5,000,000+",Free,0,Everyone,Education,"June 19, 2018",10.9.1,4.0 and up,India
Rosetta Stone: Learn to Speak & Read New Languages,EDUCATION,4.5,172508,76M,"5,000,000+",Free,0,Everyone,Education;Education,"June 27, 2018",5.2.1,5.0 and up,India
Babbel – Learn Spanish,EDUCATION,4.4,54798,11M,"1,000,000+",Free,0,Everyone,Education,"July 30, 2018",20.7.2,4.4 and up,India
Mango Languages: Lovable Language Courses,EDUCATION,4.0,4815,19M,"500,000+",Free,0,Everyone,Education,"July 17, 2018",4.2.3,4.2 and up,India
Learn English with Aco,EDUCATION,4.6,75112,6.5M,"1,000,000+",Free,0,Everyone,Education,"November 11, 2017",2.09,4.1 and up,India
Learn to Speak English,EDUCATION,4.4,33646,7.0M,"1,000,000+",Free,0,Everyone,Education,"July 15, 2018",2.3.9,4.0 and up,India
"Learn languages, grammar & vocabulary with Memrise",EDUCATION,4.7,1107903,Varies with device,"10,000,000+",Free,0,Everyone,Education,"August 2, 2018",Varies with device,Varies with device,India
Learn English with Wlingua,EDUCATION,4.7,314300,3.3M,"10,000,000+",Free,0,Everyone,Education,"May 2, 2018",1.94.9,4.0 and up,India
"busuu: Learn Languages - Spanish, English & More",EDUCATION,4.3,206527,21M,"10,000,000+",Free,0,Everyone 10+,Education,"August 1, 2018",13.9.0.161,5.0 and up,India
My Class Schedule: Timetable,EDUCATION,4.1,9348,Varies with device,"1,000,000+",Free,0,Everyone,Education,"June 1, 2016",Varies with device,Varies with device,India
Study Checker,EDUCATION,4.2,3816,2.6M,"500,000+",Free,0,Everyone,Education,"May 4, 2016",3.6.0.115_FN,2.3 and up,India
My Study Life - School Planner,EDUCATION,4.3,47847,21M,"1,000,000+",Free,0,Everyone,Education,"June 13, 2017",6.1.3,4.0.3 and up,India
HomeWork,EDUCATION,4.3,16195,5.2M,"1,000,000+",Free,0,Everyone,Education,"September 20, 2016",8.5.2,4.0 and up,India
Next Gen Science Standards,EDUCATION,4.3,206,18M,"50,000+",Free,0,Everyone,Education,"December 20, 2016",1.12.1,2.3 and up,India
myHomework Student Planner,EDUCATION,4.0,28392,Varies with device,"1,000,000+",Free,0,Everyone,Education,"March 7, 2018",Varies with device,Varies with device,India
Teacher's Gradebook - Additio,EDUCATION,4.2,3241,16M,"100,000+",Free,0,Everyone,Education,"August 1, 2018",4.8.2,4.0.3 and up,India
Common Core,EDUCATION,4.0,835,15M,"100,000+",Free,0,Everyone,Education,"December 20, 2016",2.3.1,2.3 and up,India
Homework Planner,EDUCATION,4.0,2525,1.2M,"100,000+",Free,0,Everyone,Education,"January 11, 2015",15.9.4,4.0 and up,India
TeachersPayTeachers,EDUCATION,3.8,828,Varies with device,"100,000+",Free,0,Everyone,Education,"October 1, 2017",Varies with device,Varies with device,India
Quizlet: Learn Languages & Vocab with Flashcards,EDUCATION,4.6,211856,Varies with device,"10,000,000+",Free,0,Everyone,Education,"August 1, 2018",Varies with device,Varies with device,India
Edmodo,EDUCATION,4.1,200058,18M,"10,000,000+",Free,0,Everyone,Education,"July 20, 2018",9.12.5,4.0.3 and up,India
Socrative Teacher,EDUCATION,3.9,1239,1.8M,"100,000+",Free,0,Everyone,Education,"July 29, 2016",4.4.1,3.2 and up,India
Training schedule - AllUniver,EDUCATION,4.1,702,7.6M,"10,000+",Free,0,Everyone,Education,"October 16, 2017",5.0,4.4 and up,India
Remind: School Communication,EDUCATION,4.5,108613,Varies with device,"10,000,000+",Free,0,Everyone,Education,"August 3, 2018",Varies with device,Varies with device,India
Google Classroom,EDUCATION,4.2,69498,Varies with device,"10,000,000+",Free,0,Everyone,Education,"July 19, 2018",Varies with device,Varies with device,India
ClassDojo,EDUCATION,4.4,148550,59M,"10,000,000+",Free,0,Everyone,Education;Education,"August 3, 2018",4.21.1,4.1 and up,India
Duolingo: Learn Languages Free,EDUCATION,4.7,6290507,Varies with device,"100,000,000+",Free,0,Everyone,Education;Education,"August 1, 2018",Varies with device,Varies with device,India
Lerni. Learn languages.,EDUCATION,4.0,3847,6.9M,"500,000+",Free,0,Everyone,Education,"October 25, 2017",3.1.3,3.0 and up,India
Learn 50 languages,EDUCATION,4.4,55256,14M,"5,000,000+",Free,0,Everyone,Education,"June 19, 2018",10.9.1,4.0 and up,India
"HelloTalk — Chat, Speak & Learn Foreign Languages",EDUCATION,4.4,84309,41M,"5,000,000+",Free,0,Everyone,Education,"July 25, 2018",2.6.6,4.1 and up,India
Mango Languages: Lovable Language Courses,EDUCATION,4.0,4815,19M,"500,000+",Free,0,Everyone,Education,"July 17, 2018",4.2.3,4.2 and up,India
Rosetta Stone: Learn to Speak & Read New Languages,EDUCATION,4.5,172508,76M,"5,000,000+",Free,0,Everyone,Education;Education,"June 27, 2018",5.2.1,5.0 and up,India
"Learn languages, grammar & vocabulary with Memrise",EDUCATION,4.7,1107948,Varies with device,"10,000,000+",Free,0,Everyone,Education,"August 2, 2018",Varies with device,Varies with device,India
Babbel – Learn Languages,EDUCATION,4.3,266948,21M,"10,000,000+",Free,0,Everyone,Education,"July 30, 2018",20.7.2,4.4 and up,India
Innovative: Learn 34 Languages,EDUCATION,4.5,14206,21M,"500,000+",Free,0,Everyone,Education,"July 26, 2018",1.16,3.0 and up,India
"busuu: Learn Languages - Spanish, English & More",EDUCATION,4.3,206532,21M,"10,000,000+",Free,0,Everyone 10+,Education,"August 1, 2018",13.9.0.161,5.0 and up,India
My Class Schedule: Timetable,EDUCATION,4.1,9348,Varies with device,"1,000,000+",Free,0,Everyone,Education,"June 1, 2016",Varies with device,Varies with device,India
Chegg Study - Homework Help,EDUCATION,4.3,14700,21M,"1,000,000+",Free,0,Everyone,Education,"July 30, 2018",5.7.0,4.4 and up,India
Canvas Student,EDUCATION,4.5,42828,Varies with device,"1,000,000+",Free,0,Everyone,Education,"July 20, 2018",Varies with device,Varies with device,India
Timetable,EDUCATION,4.2,40209,Varies with device,"1,000,000+",Free,0,Everyone,Education,"May 24, 2018",Varies with device,Varies with device,India
Socratic - Math Answers & Homework Help,EDUCATION,4.6,37862,5.4M,"1,000,000+",Free,0,Everyone,Education,"June 7, 2018",1.8.1,4.1 and up,India
EasyBib: Citation Generator,EDUCATION,3.5,1405,7.3M,"100,000+",Free,0,Everyone,Education,"March 29, 2018",2.4.4,4.0 and up,India
Google Classroom,EDUCATION,4.2,69498,Varies with device,"10,000,000+",Free,0,Everyone,Education,"July 19, 2018",Varies with device,Varies with device,India
ClassDojo,EDUCATION,4.4,148549,59M,"10,000,000+",Free,0,Everyone,Education;Education,"August 3, 2018",4.21.1,4.1 and up,India
"HelloTalk — Chat, Speak & Learn Foreign Languages",EDUCATION,4.4,84311,41M,"5,000,000+",Free,0,Everyone,Education,"July 25, 2018",2.6.6,4.1 and up,India
Quizlet: Learn Languages & Vocab with Flashcards,EDUCATION,4.6,211856,Varies with device,"10,000,000+",Free,0,Everyone,Education,"August 1, 2018",Varies with device,Varies with device,India
"busuu: Learn Languages - Spanish, English & More",EDUCATION,4.3,206532,21M,"10,000,000+",Free,0,Everyone 10+,Education,"August 1, 2018",13.9.0.161,5.0 and up,India
Rosetta Stone: Learn to Speak & Read New Languages,EDUCATION,4.5,172508,76M,"5,000,000+",Free,0,Everyone,Education;Education,"June 27, 2018",5.2.1,5.0 and up,India
SoloLearn: Learn to Code for Free,EDUCATION,4.8,256079,7.6M,"1,000,000+",Free,0,Teen,Education,"July 12, 2018",2.2.4,4.0.3 and up,India
Kids Learn Languages by Mondly,EDUCATION,4.4,2078,Varies with device,"100,000+",Free,0,Everyone,Education;Education,"December 24, 2017",1.0.2,4.1 and up,India
Blinkist - Nonfiction Books,EDUCATION,4.1,16103,13M,"1,000,000+",Free,0,Everyone,Education,"July 31, 2018",5.7.1,4.1 and up,India
Sago Mini Hat Maker,EDUCATION,4.9,11,63M,"1,000+",Paid,$3.99,Everyone,Education;Pretend Play,"July 24, 2017",1.0,4.0.3 and up,India
Fuzzy Numbers: Pre-K Number Foundation,EDUCATION,4.7,21,44M,"1,000+",Paid,$5.99,Everyone,Education;Education,"July 21, 2017",1.3,4.1 and up,India
Toca Life: City,EDUCATION,4.7,31085,24M,"500,000+",Paid,$3.99,Everyone,Education;Pretend Play,"July 6, 2018",1.5-play,4.4 and up,India
Toca Life: Hospital,EDUCATION,4.7,3528,24M,"100,000+",Paid,$3.99,Everyone,Education;Pretend Play,"June 12, 2018",1.1.1-play,4.4 and up,India
Netflix,ENTERTAINMENT,4.4,5456208,Varies with device,"100,000,000+",Free,0,Teen,Entertainment,"July 31, 2018",Varies with device,Varies with device,United Kingdom
Complete Spanish Movies,ENTERTAINMENT,4.0,11656,4.5M,"1,000,000+",Free,0,Everyone,Entertainment,"January 20, 2018",1.02,4.0.3 and up,United Kingdom
Pluto TV - It’s Free TV,ENTERTAINMENT,4.2,28948,Varies with device,"1,000,000+",Free,0,Teen,Entertainment,"August 4, 2018",Varies with device,Varies with device,United Kingdom
Tubi TV - Free Movies & TV,ENTERTAINMENT,4.3,296771,11M,"10,000,000+",Free,0,Teen,Entertainment,"July 15, 2018",2.13.5,4.1 and up,United Kingdom
YouTube Kids,ENTERTAINMENT,4.5,470089,Varies with device,"50,000,000+",Free,0,Everyone,Entertainment;Music & Video,"August 3, 2018",3.43.3,4.1 and up,United Kingdom
Mobile TV,ENTERTAINMENT,3.5,10939,4.6M,"10,000,000+",Free,0,Everyone,Entertainment,"April 28, 2016",2.05.0010,5.0 and up,United Kingdom
TV+,ENTERTAINMENT,4.2,98509,Varies with device,"5,000,000+",Free,0,Everyone,Entertainment,"June 28, 2018",Varies with device,Varies with device,United Kingdom
Digital TV,ENTERTAINMENT,3.1,5241,Varies with device,"5,000,000+",Free,0,Everyone,Entertainment,"June 6, 2018",Varies with device,6.0 and up,United Kingdom
Motorola Spotlight Player™,ENTERTAINMENT,4.6,22508,3.3M,"10,000,000+",Free,0,Everyone,Entertainment,"July 16, 2015",v1.8b22p13,4.2 and up,United Kingdom
Vigo Lite,ENTERTAINMENT,4.2,10291,6.5M,"5,000,000+",Free,0,Teen,Entertainment,"August 4, 2018",3.7.3,4.0.3 and up,United Kingdom
Google Play Games,ENTERTAINMENT,4.3,7165362,Varies with device,"1,000,000,000+",Free,0,Teen,Entertainment,"July 16, 2018",Varies with device,Varies with device,United Kingdom
Hotstar,ENTERTAINMENT,4.3,4885646,Varies with device,"100,000,000+",Free,0,Teen,Entertainment,"August 3, 2018",Varies with device,Varies with device,United Kingdom
"Peers.TV: broadcast TV channels First, Match TV, TNT ...",ENTERTAINMENT,4.1,141980,Varies with device,"5,000,000+",Free,0,Teen,Entertainment,"July 30, 2018",Varies with device,Varies with device,United Kingdom
The green alien dance,ENTERTAINMENT,3.8,6979,12M,"1,000,000+",Free,0,Everyone,Entertainment,"July 5, 2018",1.03,4.0 and up,United Kingdom
Spectrum TV,ENTERTAINMENT,3.4,46618,Varies with device,"5,000,000+",Free,0,Teen,Entertainment,"July 19, 2018",Varies with device,Varies with device,United Kingdom
H TV,ENTERTAINMENT,4.3,103078,5.6M,"5,000,000+",Free,0,Everyone,Entertainment,"July 5, 2018",4.6.2,2.3.3 and up,United Kingdom
StarTimes - Live International Champions Cup,ENTERTAINMENT,4.4,17682,9.7M,"1,000,000+",Free,0,Everyone,Entertainment,"August 3, 2018",5.2,4.0.3 and up,United Kingdom
Cinematic Cinematic,ENTERTAINMENT,4.4,37000,15M,"1,000,000+",Free,0,Mature 17+,Entertainment,"June 21, 2018",4.0.5,4.1 and up,United Kingdom
MEGOGO - Cinema and TV,ENTERTAINMENT,4.0,175528,Varies with device,"10,000,000+",Free,0,Everyone,Entertainment,"August 3, 2018",Varies with device,Varies with device,United Kingdom
Talking Angela,ENTERTAINMENT,3.7,1828284,52M,"100,000,000+",Free,0,Everyone,Entertainment,"July 12, 2018",2.8.2,4.1 and up,United Kingdom
DStv Now,ENTERTAINMENT,3.9,34923,Varies with device,"5,000,000+",Free,0,Teen,Entertainment,"July 27, 2018",Varies with device,Varies with device,United Kingdom
ivi - movies and TV shows in HD,ENTERTAINMENT,4.5,684116,Varies with device,"10,000,000+",Free,0,Teen,Entertainment,"July 31, 2018",Varies with device,4.2 and up,United Kingdom
Radio Javan,ENTERTAINMENT,4.4,46916,4.5M,"1,000,000+",Free,0,Everyone,Entertainment,"July 18, 2018",7.3,4.2 and up,United Kingdom
Viki: Asian TV Dramas & Movies,ENTERTAINMENT,4.3,407698,Varies with device,"10,000,000+",Free,0,Teen,Entertainment,"July 27, 2018",Varies with device,Varies with device,United Kingdom
Talking Ginger 2,ENTERTAINMENT,4.2,702975,49M,"50,000,000+",Free,0,Everyone,Entertainment,"July 5, 2018",2.6.6.11,4.1 and up,United Kingdom
Girly Lock Screen Wallpaper with Quotes,ENTERTAINMENT,4.2,32458,18M,"5,000,000+",Free,0,Everyone,Entertainment,"June 19, 2018",2.2,4.1 and up,United Kingdom
No.Draw - Colors by Number 2018,ENTERTAINMENT,4.5,235496,13M,"10,000,000+",Free,0,Everyone,Entertainment;Brain Games,"July 29, 2018",1.2.0,4.1 and up,United Kingdom
🔥 Football Wallpapers 4K | Full HD Backgrounds 😍,ENTERTAINMENT,4.7,11661,4.0M,"1,000,000+",Free,0,Everyone,Entertainment,"July 14, 2018",1.1.3.2,4.0.3 and up,United Kingdom
"Movies by Flixster, with Rotten Tomatoes",ENTERTAINMENT,4.5,653008,16M,"10,000,000+",Free,0,Everyone,Entertainment,"June 20, 2018",9.1.4,4.4 and up,United Kingdom
Low Poly – Puzzle art game,ENTERTAINMENT,4.5,23063,17M,"1,000,000+",Free,0,Everyone,Entertainment;Brain Games,"August 3, 2018",1.0.9,4.1 and up,United Kingdom
BBC Media Player,ENTERTAINMENT,3.4,87384,Varies with device,"10,000,000+",Free,0,Everyone,Entertainment,"September 14, 2016",Varies with device,Varies with device,United Kingdom
Amazon Prime Video,ENTERTAINMENT,4.2,411683,24M,"50,000,000+",Free,0,Teen,Entertainment,"August 2, 2018",3.0.231.18141,4.1 and up,United Kingdom
Adult Glitter Color by Number Book - Sandbox Pages,ENTERTAINMENT,4.3,8918,Varies with device,"1,000,000+",Free,0,Everyone,Entertainment;Creativity,"July 21, 2018",1.7,4.4 and up,United Kingdom
IMDb Movies & TV,ENTERTAINMENT,4.2,501498,12M,"100,000,000+",Free,0,Teen,Entertainment,"July 26, 2018",Varies with device,Varies with device,United Kingdom
Twitch: Livestream Multiplayer Games & Esports,ENTERTAINMENT,4.6,2133296,Varies with device,"50,000,000+",Free,0,Teen,Entertainment,"July 31, 2018",Varies with device,Varies with device,United Kingdom
Ziggo GO,ENTERTAINMENT,4.1,29690,78M,"1,000,000+",Free,0,Teen,Entertainment,"August 3, 2018",2.3.34 Prod,4.3 and up,United Kingdom
YouTube Gaming,ENTERTAINMENT,4.2,130549,Varies with device,"5,000,000+",Free,0,Teen,Entertainment,"June 27, 2018",2.08.78.2,4.1 and up,United Kingdom
PlayStation App,ENTERTAINMENT,4.2,613059,25M,"50,000,000+",Free,0,Everyone,Entertainment,"July 26, 2018",18.07.0,4.1 and up,United Kingdom
Talking Ben the Dog,ENTERTAINMENT,4.3,1633682,57M,"100,000,000+",Free,0,Everyone,Entertainment,"July 3, 2018",3.5.2.2,4.1 and up,United Kingdom
"Red Bull TV: Live Sports, Music & Entertainment",ENTERTAINMENT,4.4,42050,Varies with device,"1,000,000+",Free,0,Teen,Entertainment,"August 3, 2018",Varies with device,Varies with device,United Kingdom
Trailer Addict Movie Trailers,ENTERTAINMENT,3.9,2646,9.1M,"100,000+",Free,0,Teen,Entertainment,"February 14, 2018",2.2.0,4.2 and up,United Kingdom
Cinemark Theatres,ENTERTAINMENT,4.1,21867,39M,"1,000,000+",Free,0,Teen,Entertainment,"July 12, 2018",2.19.0,5.0 and up,United Kingdom
Regal Cinemas,ENTERTAINMENT,4.3,32732,Varies with device,"1,000,000+",Free,0,Everyone,Entertainment,"July 19, 2018",Varies with device,Varies with device,United Kingdom
"Movies by Flixster, with Rotten Tomatoes",ENTERTAINMENT,4.5,653008,16M,"10,000,000+",Free,0,Everyone,Entertainment,"June 20, 2018",9.1.4,4.4 and up,United Kingdom
Fandango Movies - Times + Tickets,ENTERTAINMENT,4.6,243747,Varies with device,"10,000,000+",Free,0,Teen,Entertainment,"August 2, 2018",Varies with device,Varies with device,United Kingdom
Marcus Theatres,ENTERTAINMENT,3.6,2639,8.5M,"100,000+",Free,0,Everyone,Entertainment,"February 7, 2018",2.9.43,6.0 and up,United Kingdom
Harkins Theatres,ENTERTAINMENT,4.3,1511,12M,"100,000+",Free,0,Everyone,Entertainment,"June 11, 2018",2.1.1,4.1 and up,United Kingdom
AMC Theatres,ENTERTAINMENT,4.3,44550,72M,"1,000,000+",Free,0,Everyone,Entertainment,"July 18, 2018",6.18.3,5.0 and up,United Kingdom
IMDb Movies & TV,ENTERTAINMENT,4.2,501497,12M,"100,000,000+",Free,0,Teen,Entertainment,"July 26, 2018",Varies with device,Varies with device,United Kingdom
Netflix,ENTERTAINMENT,4.4,5456208,Varies with device,"100,000,000+",Free,0,Teen,Entertainment,"July 31, 2018",Varies with device,Varies with device,United Kingdom
Food Network,ENTERTAINMENT,4.1,7813,Varies with device,"500,000+",Free,0,Teen,Entertainment,"July 27, 2018",Varies with device,Varies with device,United Kingdom
Cooking Channel,ENTERTAINMENT,4.1,1033,16M,"100,000+",Free,0,Teen,Entertainment,"July 27, 2018",Varies with device,Varies with device,United Kingdom
Animal Planet GO,ENTERTAINMENT,4.2,2442,9.6M,"100,000+",Free,0,Teen,Entertainment,"July 24, 2018",2.9.4,4.1 and up,United Kingdom
"VRV: Anime, game videos & more",ENTERTAINMENT,3.9,15254,Varies with device,"1,000,000+",Free,0,Teen,Entertainment,"June 19, 2018",Varies with device,Varies with device,United Kingdom
DramaFever: Stream Asian Drama Shows & Movies,ENTERTAINMENT,4.2,155234,22M,"1,000,000+",Free,0,Teen,Entertainment,"August 1, 2018",01.01.66,4.4 and up,United Kingdom
Crunchyroll - Everything Anime,ENTERTAINMENT,3.7,310066,Varies with device,"10,000,000+",Free,0,Teen,Entertainment,"March 5, 2018",Varies with device,Varies with device,United Kingdom
Investigation Discovery GO,ENTERTAINMENT,4.5,12216,13M,"1,000,000+",Free,0,Teen,Entertainment,"July 24, 2018",2.9.4,4.1 and up,United Kingdom
Crackle - Free TV & Movies,ENTERTAINMENT,3.7,388089,Varies with device,"10,000,000+",Free,0,Teen,Entertainment,"April 12, 2018",Varies with device,Varies with device,United Kingdom
CBS - Full Episodes & Live TV,ENTERTAINMENT,3.8,92058,12M,"10,000,000+",Free,0,Teen,Entertainment,"July 20, 2018",4.8.6,4.1 and up,United Kingdom
STARZ,ENTERTAINMENT,4.3,88185,Varies with device,"10,000,000+",Free,0,Mature 17+,Entertainment,"June 20, 2018",Varies with device,Varies with device,United Kingdom
Acorn TV: World-class TV from Britain and Beyond,ENTERTAINMENT,3.0,493,23M,"50,000+",Free,0,Everyone,Entertainment,"June 15, 2018",2.0.0,4.4 and up,United Kingdom
HISTORY: Watch TV Show Full Episodes & Specials,ENTERTAINMENT,4.1,33387,20M,"1,000,000+",Free,0,Teen,Entertainment,"July 16, 2018",3.1.4,4.4 and up,United Kingdom
Nick,ENTERTAINMENT,4.2,123279,25M,"10,000,000+",Free,0,Everyone 10+,Entertainment;Music & Video,"January 24, 2018",2.0.8,4.4 and up,United Kingdom
VH1,ENTERTAINMENT,4.1,27424,17M,"1,000,000+",Free,0,Teen,Entertainment,"July 8, 2018",11.45.0,4.4 and up,United Kingdom
FOX NOW - On Demand & Live TV,ENTERTAINMENT,3.9,60841,Varies with device,"5,000,000+",Free,0,Teen,Entertainment,"July 26, 2018",Varies with device,4.4 and up,United Kingdom
A&E - Watch Full Episodes of TV Shows,ENTERTAINMENT,4.0,29706,19M,"1,000,000+",Free,0,Teen,Entertainment,"July 16, 2018",3.1.4,4.4 and up,United Kingdom
The CW,ENTERTAINMENT,4.4,288150,21M,"5,000,000+",Free,0,Teen,Entertainment,"July 23, 2018",2.17,4.4 and up,United Kingdom
BET NOW - Watch Shows,ENTERTAINMENT,4.2,14807,19M,"1,000,000+",Free,0,Teen,Entertainment,"July 8, 2018",11.45.0,4.4 and up,United Kingdom
"Hulu: Stream TV, Movies & more",ENTERTAINMENT,4.0,319692,Varies with device,"10,000,000+",Free,0,Teen,Entertainment,"August 3, 2018",Varies with device,5.0 and up,United Kingdom
HBO NOW: Stream TV & Movies,ENTERTAINMENT,3.9,61201,Varies with device,"10,000,000+",Free,0,Teen,Entertainment,"July 19, 2018",Varies with device,Varies with device,United Kingdom
Univision NOW - Live TV and On Demand,ENTERTAINMENT,4.0,22998,Varies with device,"1,000,000+",Free,0,Teen,Entertainment,"June 27, 2018",8.0626,Varies with device,United Kingdom
SHOWTIME,ENTERTAINMENT,4.2,12398,Varies with device,"1,000,000+",Free,0,Teen,Entertainment,"July 2, 2018",Varies with device,Varies with device,United Kingdom
Lifetime - Watch Full Episodes & Original Movies,ENTERTAINMENT,4.0,35928,19M,"1,000,000+",Free,0,Teen,Entertainment,"July 16, 2018",3.1.4,4.4 and up,United Kingdom
SeriesGuide – Show & Movie Manager,ENTERTAINMENT,4.3,64448,4.4M,"1,000,000+",Free,0,Mature 17+,Entertainment,"July 21, 2018",43,4.0.3 and up,United Kingdom
Comedy Central,ENTERTAINMENT,3.9,22378,19M,"1,000,000+",Free,0,Teen,Entertainment,"July 8, 2018",11.45.0,4.4 and up,United Kingdom
IMDb Movies & TV,ENTERTAINMENT,4.2,501498,12M,"100,000,000+",Free,0,Teen,Entertainment,"July 26, 2018",Varies with device,Varies with device,United Kingdom
Netflix,ENTERTAINMENT,4.4,5456599,Varies with device,"100,000,000+",Free,0,Teen,Entertainment,"July 31, 2018",Varies with device,Varies with device,United Kingdom
Tubi TV - Free Movies & TV,ENTERTAINMENT,4.3,296829,11M,"10,000,000+",Free,0,Teen,Entertainment,"July 15, 2018",2.13.5,4.1 and up,United Kingdom
Crunchyroll - Everything Anime,ENTERTAINMENT,3.7,310095,Varies with device,"10,000,000+",Free,0,Teen,Entertainment,"March 5, 2018",Varies with device,Varies with device,United Kingdom
STARZ,ENTERTAINMENT,4.3,88185,Varies with device,"10,000,000+",Free,0,Mature 17+,Entertainment,"June 20, 2018",Varies with device,Varies with device,United Kingdom
Crackle - Free TV & Movies,ENTERTAINMENT,3.7,388089,Varies with device,"10,000,000+",Free,0,Teen,Entertainment,"April 12, 2018",Varies with device,Varies with device,United Kingdom
CBS - Full Episodes & Live TV,ENTERTAINMENT,3.8,92058,12M,"10,000,000+",Free,0,Teen,Entertainment,"July 20, 2018",4.8.6,4.1 and up,United Kingdom
Nick,ENTERTAINMENT,4.2,123279,25M,"10,000,000+",Free,0,Everyone 10+,Entertainment;Music & Video,"January 24, 2018",2.0.8,4.4 and up,United Kingdom
"Hulu: Stream TV, Movies & more",ENTERTAINMENT,4.0,319691,Varies with device,"10,000,000+",Free,0,Teen,Entertainment,"August 3, 2018",Varies with device,5.0 and up,United Kingdom
FOX NOW - On Demand & Live TV,ENTERTAINMENT,3.9,60841,Varies with device,"5,000,000+",Free,0,Teen,Entertainment,"July 26, 2018",Varies with device,4.4 and up,United Kingdom
The CW,ENTERTAINMENT,4.4,288150,21M,"5,000,000+",Free,0,Teen,Entertainment,"July 23, 2018",2.17,4.4 and up,United Kingdom
CW Seed,ENTERTAINMENT,4.5,16372,13M,"500,000+",Free,0,Teen,Entertainment,"July 18, 2018",1.16,4.4 and up,United Kingdom
The NBC App - Watch Live TV and Full Episodes,ENTERTAINMENT,4.1,58028,17M,"5,000,000+",Free,0,Teen,Entertainment,"July 5, 2018",4.18.1,4.1 and up,United Kingdom
HISTORY: Watch TV Show Full Episodes & Specials,ENTERTAINMENT,4.1,33387,20M,"1,000,000+",Free,0,Teen,Entertainment,"July 16, 2018",3.1.4,4.4 and up,United Kingdom
HBO NOW: Stream TV & Movies,ENTERTAINMENT,3.9,61201,Varies with device,"10,000,000+",Free,0,Teen,Entertainment,"July 19, 2018",Varies with device,Varies with device,United Kingdom
WWE,ENTERTAINMENT,4.5,736864,20M,"10,000,000+",Free,0,Teen,Entertainment,"January 19, 2018",3.17.2,4.1 and up,United Kingdom
A&E - Watch Full Episodes of TV Shows,ENTERTAINMENT,4.0,29706,19M,"1,000,000+",Free,0,Teen,Entertainment,"July 16, 2018",3.1.4,4.4 and up,United Kingdom
VH1,ENTERTAINMENT,4.1,27424,17M,"1,000,000+",Free,0,Teen,Entertainment,"July 8, 2018",11.45.0,4.4 and up,United Kingdom
Universal Kids,ENTERTAINMENT,3.6,1968,21M,"500,000+",Free,0,Everyone,Entertainment;Music & Video,"May 24, 2018",3.3.1.41,4.4 and up,United Kingdom
MTV,ENTERTAINMENT,3.8,35279,15M,"1,000,000+",Free,0,Teen,Entertainment,"July 8, 2018",11.45.0,4.4 and up,United Kingdom
Lifetime - Watch Full Episodes & Original Movies,ENTERTAINMENT,4.0,35931,19M,"1,000,000+",Free,0,Teen,Entertainment,"July 16, 2018",3.1.4,4.4 and up,United Kingdom
BET NOW - Watch Shows,ENTERTAINMENT,4.2,14807,19M,"1,000,000+",Free,0,Teen,Entertainment,"July 8, 2018",11.45.0,4.4 and up,United Kingdom
LEGO® TV,ENTERTAINMENT,3.7,17247,7.2M,"1,000,000+",Free,0,Everyone 10+,Entertainment;Music & Video,"August 4, 2018",4.0.2,5.0 and up,United Kingdom
HBO GO: Stream with TV Package,ENTERTAINMENT,3.8,87723,32M,"10,000,000+",Free,0,Teen,Entertainment,"July 19, 2018",16.0.0.437,4.1 and up,United Kingdom
Showtime Anytime,ENTERTAINMENT,3.7,18523,Varies with device,"1,000,000+",Free,0,Teen,Entertainment,"July 2, 2018",Varies with device,Varies with device,United Kingdom
PlayKids - Educational cartoons and games for kids,ENTERTAINMENT,4.1,182103,Varies with device,"10,000,000+",Free,0,Everyone,Entertainment;Music & Video,"July 30, 2018",Varies with device,Varies with device,United Kingdom
FOX,ENTERTAINMENT,3.7,197774,44M,"10,000,000+",Free,0,Mature 17+,Entertainment,"June 25, 2018",6.6.1,4.4 and up,United Kingdom
Telemundo Now,ENTERTAINMENT,3.9,8674,19M,"1,000,000+",Free,0,Teen,Entertainment,"May 25, 2018",3.3.1.42,4.4 and up,United Kingdom
Netflix,ENTERTAINMENT,4.4,5456708,Varies with device,"100,000,000+",Free,0,Teen,Entertainment,"July 31, 2018",Varies with device,Varies with device,United Kingdom
Tubi TV - Free Movies & TV,ENTERTAINMENT,4.3,296771,11M,"10,000,000+",Free,0,Teen,Entertainment,"July 15, 2018",2.13.5,4.1 and up,United Kingdom
Vudu Movies & TV,ENTERTAINMENT,3.9,58082,Varies with device,"10,000,000+",Free,0,Teen,Entertainment,"August 1, 2018",Varies with device,Varies with device,United Kingdom
Crackle - Free TV & Movies,ENTERTAINMENT,3.7,388089,Varies with device,"10,000,000+",Free,0,Teen,Entertainment,"April 12, 2018",Varies with device,Varies with device,United Kingdom
Crunchyroll - Everything Anime,ENTERTAINMENT,3.7,310066,Varies with device,"10,000,000+",Free,0,Teen,Entertainment,"March 5, 2018",Varies with device,Varies with device,United Kingdom
Nick,ENTERTAINMENT,4.2,123279,25M,"10,000,000+",Free,0,Everyone 10+,Entertainment;Music & Video,"January 24, 2018",2.0.8,4.4 and up,United Kingdom
STARZ,ENTERTAINMENT,4.3,88185,Varies with device,"10,000,000+",Free,0,Mature 17+,Entertainment,"June 20, 2018",Varies with device,Varies with device,United Kingdom
"Hulu: Stream TV, Movies & more",ENTERTAINMENT,4.0,319691,Varies with device,"10,000,000+",Free,0,Teen,Entertainment,"August 3, 2018",Varies with device,5.0 and up,United Kingdom
Food Network,ENTERTAINMENT,4.1,7813,Varies with device,"500,000+",Free,0,Teen,Entertainment,"July 27, 2018",Varies with device,Varies with device,United Kingdom
FOX NOW - On Demand & Live TV,ENTERTAINMENT,3.9,60841,Varies with device,"5,000,000+",Free,0,Teen,Entertainment,"July 26, 2018",Varies with device,4.4 and up,United Kingdom
"Movies by Flixster, with Rotten Tomatoes",ENTERTAINMENT,4.5,653008,16M,"10,000,000+",Free,0,Everyone,Entertainment,"June 20, 2018",9.1.4,4.4 and up,United Kingdom
Yidio: TV Show & Movie Guide,ENTERTAINMENT,3.9,27424,Varies with device,"1,000,000+",Free,0,Teen,Entertainment,"July 31, 2018",Varies with device,Varies with device,United Kingdom
HISTORY: Watch TV Show Full Episodes & Specials,ENTERTAINMENT,4.1,33387,20M,"1,000,000+",Free,0,Teen,Entertainment,"July 16, 2018",3.1.4,4.4 and up,United Kingdom
Viki: Asian TV Dramas & Movies,ENTERTAINMENT,4.3,407719,Varies with device,"10,000,000+",Free,0,Teen,Entertainment,"July 27, 2018",Varies with device,Varies with device,United Kingdom
The CW,ENTERTAINMENT,4.4,288150,21M,"5,000,000+",Free,0,Teen,Entertainment,"July 23, 2018",2.17,4.4 and up,United Kingdom
Redbox,ENTERTAINMENT,4.1,115033,30M,"10,000,000+",Free,0,Everyone,Entertainment,"July 2, 2018",7.5.0,5.0 and up,United Kingdom
Univision NOW - Live TV and On Demand,ENTERTAINMENT,4.0,22997,Varies with device,"1,000,000+",Free,0,Teen,Entertainment,"June 27, 2018",8.0626,Varies with device,United Kingdom
HBO NOW: Stream TV & Movies,ENTERTAINMENT,3.9,61201,Varies with device,"10,000,000+",Free,0,Teen,Entertainment,"July 19, 2018",Varies with device,Varies with device,United Kingdom
Tribeca Shortlist - Handpicked Movies,ENTERTAINMENT,3.9,801,57M,"100,000+",Free,0,Teen,Entertainment,"March 21, 2018",4.003.1,4.3 and up,United Kingdom
A&E - Watch Full Episodes of TV Shows,ENTERTAINMENT,4.0,29706,19M,"1,000,000+",Free,0,Teen,Entertainment,"July 16, 2018",3.1.4,4.4 and up,United Kingdom
VH1,ENTERTAINMENT,4.1,27424,17M,"1,000,000+",Free,0,Teen,Entertainment,"July 8, 2018",11.45.0,4.4 and up,United Kingdom
SHOWTIME,ENTERTAINMENT,4.2,12398,Varies with device,"1,000,000+",Free,0,Teen,Entertainment,"July 2, 2018",Varies with device,Varies with device,United Kingdom
MTV,ENTERTAINMENT,3.8,35279,15M,"1,000,000+",Free,0,Teen,Entertainment,"July 8, 2018",11.45.0,4.4 and up,United Kingdom
Lifetime - Watch Full Episodes & Original Movies,ENTERTAINMENT,4.0,35931,19M,"1,000,000+",Free,0,Teen,Entertainment,"July 16, 2018",3.1.4,4.4 and up,United Kingdom
Comedy Central,ENTERTAINMENT,3.9,22378,19M,"1,000,000+",Free,0,Teen,Entertainment,"July 8, 2018",11.45.0,4.4 and up,United Kingdom
BET NOW - Watch Shows,ENTERTAINMENT,4.2,14807,19M,"1,000,000+",Free,0,Teen,Entertainment,"July 8, 2018",11.45.0,4.4 and up,United Kingdom
FOX,ENTERTAINMENT,3.7,197774,44M,"10,000,000+",Free,0,Mature 17+,Entertainment,"June 25, 2018",6.6.1,4.4 and up,United Kingdom
Telemundo Now,ENTERTAINMENT,3.9,8674,19M,"1,000,000+",Free,0,Teen,Entertainment,"May 25, 2018",3.3.1.42,4.4 and up,United Kingdom
Nick Jr. - Shows & Games,ENTERTAINMENT,4.2,8968,35M,"1,000,000+",Free,0,Everyone,Entertainment;Music & Video,"January 23, 2018",1.0.20,4.4 and up,United Kingdom
Sticker Market: Emoji keyboard,ENTERTAINMENT,4.3,303,44M,"10,000+",Free,0,Teen,Entertainment,"December 14, 2017",1.2.3,4.2 and up,United Kingdom
Viki: Asian TV Dramas & Movies,ENTERTAINMENT,4.3,407719,Varies with device,"10,000,000+",Free,0,Teen,Entertainment,"July 27, 2018",Varies with device,Varies with device,United Kingdom
Kidjo TV Kids Have Fun & Learn,ENTERTAINMENT,4.6,732,Varies with device,"100,000+",Free,0,Everyone,Entertainment;Music & Video,"August 1, 2018",Varies with device,Varies with device,United Kingdom
Laugh Out Loud by Kevin Hart,ENTERTAINMENT,4.3,1856,20M,"100,000+",Free,0,Teen,Entertainment,"August 1, 2018",1.6.1,6.0 and up,United Kingdom
ColorFul - Adult Coloring Book,ENTERTAINMENT,4.6,50725,19M,"5,000,000+",Free,0,Everyone,Entertainment,"May 25, 2018",1.0.64,4.0.3 and up,United Kingdom
Nick,ENTERTAINMENT,4.2,123279,25M,"10,000,000+",Free,0,Everyone 10+,Entertainment;Music & Video,"January 24, 2018",2.0.8,4.4 and up,United Kingdom
Fandango Movies - Times + Tickets,ENTERTAINMENT,4.6,243747,Varies with device,"10,000,000+",Free,0,Teen,Entertainment,"August 2, 2018",Varies with device,Varies with device,United Kingdom
Hamilton — The Official App,ENTERTAINMENT,4.5,1575,43M,"100,000+",Free,0,Everyone,Entertainment,"July 13, 2018",2.3.2,5.0 and up,United Kingdom
My Talking Pet,ENTERTAINMENT,4.6,6238,Varies with device,"100,000+",Paid,$4.99,Everyone,Entertainment,"June 30, 2018",Varies with device,Varies with device,United Kingdom
Funny Pics,ENTERTAINMENT,3.9,9941,Varies with device,"1,000,000+",Free,0,Teen,Entertainment,"July 7, 2017",Varies with device,Varies with device,United Kingdom
Funny Quotes Free,ENTERTAINMENT,4.2,23666,3.6M,"1,000,000+",Free,0,Teen,Entertainment,"May 4, 2018",8.1,4.0 and up,United Kingdom
LOL Pics (Funny Pictures),ENTERTAINMENT,4.4,67554,7.7M,"1,000,000+",Free,0,Teen,Entertainment,"September 15, 2015",4.0,2.3.3 and up,United Kingdom
Meme Creator,ENTERTAINMENT,4.2,38769,44M,"1,000,000+",Free,0,Mature 17+,Entertainment,"September 22, 2015",7.2.3,2.3 and up,United Kingdom
"Imgur: Find funny GIFs, memes & watch viral videos",ENTERTAINMENT,4.3,160164,12M,"10,000,000+",Free,0,Teen,Entertainment,"August 1, 2018",4.2.0.8447,5.0 and up,United Kingdom
Meme Generator,ENTERTAINMENT,4.6,3771,53M,"100,000+",Paid,$2.99,Mature 17+,Entertainment,"August 3, 2018",4.426,4.1 and up,United Kingdom
SketchBook - draw and paint,ENTERTAINMENT,4.3,256664,77M,"10,000,000+",Free,0,Everyone,Entertainment,"May 4, 2018",4.1.7,4.0.3 and up,United Kingdom
Colorfy: Coloring Book for Adults - Free,ENTERTAINMENT,4.5,787177,Varies with device,"10,000,000+",Free,0,Everyone,Entertainment,"June 20, 2018",Varies with device,Varies with device,United Kingdom
Dollhouse Decorating Games,LIFESTYLE,4.1,18968,32M,"5,000,000+",Free,0,Teen,Lifestyle,"April 26, 2018",5.1,4.1 and up,United States
metroZONE,LIFESTYLE,4.1,47497,34M,"10,000,000+",Free,0,Everyone,Lifestyle,"June 8, 2018",5.3.0.54.7,5.0 and up,United States
Easy Hair Style Design,LIFESTYLE,4.3,601,5.1M,"100,000+",Free,0,Everyone,Lifestyle,"December 20, 2017",1.0,2.3 and up,United States
Talking Babsy Baby: Baby Games,LIFESTYLE,4.0,140995,100M,"10,000,000+",Free,0,Everyone,Lifestyle;Pretend Play,"July 16, 2018",9.0,4.0 and up,United States
"Black Wallpaper, AMOLED, Dark Background: Darkify",LIFESTYLE,4.6,51357,80M,"5,000,000+",Free,0,Everyone,Lifestyle,"July 31, 2018",8.0,4.0 and up,United States
Girly Wallpapers Backgrounds,LIFESTYLE,4.4,13565,3.3M,"1,000,000+",Free,0,Everyone,Lifestyle,"August 5, 2018",2.5,4.0 and up,United States
Chart - Myanmar Keyboard,LIFESTYLE,4.4,39364,28M,"5,000,000+",Free,0,Everyone,Lifestyle,"July 17, 2018",10.19,4.0.3 and up,United States
Easy Makeup Tutorials,LIFESTYLE,4.3,7287,5.0M,"1,000,000+",Free,0,Everyone,Lifestyle,"November 3, 2016",1.0,2.3 and up,United States
Horoscopes – Daily Zodiac Horoscope and Astrology,LIFESTYLE,4.6,161143,11M,"10,000,000+",Free,0,Everyone 10+,Lifestyle,"June 25, 2018",5.2.4(881),4.0.3 and up,United States
Entel,LIFESTYLE,3.2,16168,55M,"1,000,000+",Free,0,Everyone,Lifestyle,"July 26, 2018",2.2.9,4.0.3 and up,United States
ZenUI Safeguard,LIFESTYLE,4.5,100,7.1M,"1,000,000+",Free,0,Everyone,Lifestyle,"May 9, 2018",1.0.0.21_180410,7.0 - 7.1.1,United States
Live 4D Results ! (MY & SG),LIFESTYLE,4.6,116079,3.2M,"5,000,000+",Free,0,Everyone,Lifestyle,"May 20, 2018",5.8,2.3 and up,United States
Diary with lock,LIFESTYLE,4.6,815893,4.4M,"10,000,000+",Free,0,Everyone,Lifestyle,"June 30, 2018",4.90,4.1 and up,United States
FOSSIL Q: DESIGN YOUR DIAL,LIFESTYLE,4.3,985,16M,"500,000+",Free,0,Everyone,Lifestyle,"May 31, 2018",3.7,7.0 and up,United States
Telstra,LIFESTYLE,3.0,4260,6.3M,"5,000,000+",Free,0,Everyone,Lifestyle,"August 8, 2017",6.1,2.3.3 and up,United States
Family Locator - GPS Tracker,LIFESTYLE,4.4,726074,45M,"10,000,000+",Free,0,Everyone,Lifestyle,"August 2, 2018",16.7.1,4.4 and up,United States
Van Nien 2018 - Lich Van su & Lich Am,LIFESTYLE,4.4,3829,23M,"1,000,000+",Free,0,Everyone,Lifestyle,"June 1, 2018",3.9.3,4.1 and up,United States
Safeway,LIFESTYLE,4.3,33572,37M,"1,000,000+",Free,0,Everyone,Lifestyle,"August 2, 2018",6.2.0,4.4 and up,United States
HTC Speak,LIFESTYLE,3.5,6145,13M,"10,000,000+",Free,0,Everyone,Lifestyle,"June 30, 2016",8.00.775375,5.0 and up,United States
Kawaii Easy Drawing : How to draw Step by Step,LIFESTYLE,4.3,34327,8.1M,"5,000,000+",Free,0,Everyone,Lifestyle,"July 17, 2018",2.5.1,4.0 and up,United States
Tattoodo - Find your next tattoo,LIFESTYLE,4.5,7457,13M,"1,000,000+",Free,0,Teen,Lifestyle,"August 3, 2018",2.4.12-r244,4.1 and up,United States
H&M,LIFESTYLE,3.7,41941,14M,"10,000,000+",Free,0,Everyone,Lifestyle,"July 30, 2018",9.6.3,4.4 and up,United States
Samsung+,LIFESTYLE,4.5,82145,30M,"50,000,000+",Free,0,Everyone,Lifestyle,"July 5, 2018",10.19.0.0,4.4 and up,United States
Anime Avatar Creator: Make Your Own Avatar,LIFESTYLE,4.2,10944,36M,"1,000,000+",Free,0,Everyone,Lifestyle,"June 15, 2018",2.0,4.1 and up,United States
Beautiful Design Birthday Cake,LIFESTYLE,4.3,665,3.0M,"500,000+",Free,0,Everyone,Lifestyle,"August 4, 2018",2.0,2.3 and up,United States
Pronunciation and know the name of the caller from his number,LIFESTYLE,4.6,2167,1.4M,"500,000+",Free,0,Everyone,Lifestyle,"January 7, 2018",1.0,2.3 and up,United States
Super Slime Simulator - Satisfying Slime App,LIFESTYLE,4.5,53652,39M,"1,000,000+",Free,0,Everyone,Lifestyle,"August 5, 2018",2.15,5.0 and up,United States
Caf - My Account,LIFESTYLE,3.9,18961,1.8M,"5,000,000+",Free,0,Everyone,Lifestyle,"September 24, 2015",1.1.1,2.3 and up,United States
H Pack,LIFESTYLE,4.3,9412,1.7M,"1,000,000+",Free,0,Everyone,Lifestyle,"December 17, 2016",1.5.1,4.0.3 and up,United States
Family convenience store FamilyMart,LIFESTYLE,3.3,9663,19M,"1,000,000+",Free,0,Everyone,Lifestyle,"July 16, 2018",Version:6.97,4.4 and up,United States
သိင်္ Astrology - Min Thein Kha BayDin,LIFESTYLE,4.7,2225,15M,"100,000+",Free,0,Everyone,Lifestyle,"July 26, 2018",4.2.1,4.0.3 and up,United States
w UN map,LIFESTYLE,4.2,23164,10.0M,"1,000,000+",Free,0,Mature 17+,Lifestyle,"July 24, 2018",2.6,5.0 and up,United States
Official Matsumoto Kiyoshi application,LIFESTYLE,3.2,3031,2.7M,"1,000,000+",Free,0,Everyone,Lifestyle,"July 3, 2018",1.5.3,4.0 and up,United States
Galaxy Gift,LIFESTYLE,4.4,95557,16M,"10,000,000+",Free,0,Everyone,Lifestyle,"July 23, 2018",7.0.8,4.0.3 and up,United States
PASS by KT (formerly KT certified),LIFESTYLE,3.5,7869,21M,"1,000,000+",Free,0,Everyone,Lifestyle,"August 1, 2018",02.00.06,4.4 and up,United States
Safety stepping stone,LIFESTYLE,3.7,4212,20M,"1,000,000+",Free,0,Everyone,Lifestyle,"July 25, 2018",3.4.5,2.3 and up,United States
Rate Guide Bill Letter,LIFESTYLE,3.8,17368,14M,"10,000,000+",Free,0,Everyone,Lifestyle,"June 27, 2018",5.1.3,4.0 and up,United States
US Mission - buy gourmet movie KTV,LIFESTYLE,3.8,6554,76M,"500,000+",Free,0,Teen,Lifestyle,"June 20, 2018",9.4.2,4.1 and up,United States
OK cashbag [point of pleasure],LIFESTYLE,3.7,33264,18M,"10,000,000+",Free,0,Everyone,Lifestyle,"June 15, 2018",6.2.1,4.0 and up,United States
JOANN - Crafts & Coupons,LIFESTYLE,4.6,34782,12M,"1,000,000+",Free,0,Everyone,Lifestyle,"June 22, 2018",5.2.2,4.3 and up,United States
MK eCatalog,LIFESTYLE,4.0,6676,6.2M,"1,000,000+",Free,0,Everyone,Lifestyle,"February 21, 2018",3.0,4.2 and up,United States
Vaniday - Beauty Booking App,LIFESTYLE,3.6,1067,Varies with device,"100,000+",Free,0,Everyone,Lifestyle,"March 20, 2018",3.8.15,4.1 and up,United States
Fashion in Vogue,LIFESTYLE,3.8,1797,6.8M,"100,000+",Free,0,Everyone,Lifestyle,"September 27, 2016",2.0,4.3 and up,United States
Mirror,LIFESTYLE,4.1,367505,Varies with device,"10,000,000+",Free,0,Everyone,Lifestyle,"July 25, 2018",Varies with device,Varies with device,United States
StyleSeat,LIFESTYLE,4.7,20304,24M,"500,000+",Free,0,Everyone,Lifestyle,"July 31, 2018",4.35,4.0.3 and up,United States
Wedding Countdown Widget,LIFESTYLE,3.9,7376,19M,"1,000,000+",Free,0,Everyone,Lifestyle,"January 11, 2018",5.2.2018010801-1,4.1 and up,United States
My Day - Countdown Calendar 🗓️,LIFESTYLE,4.1,49147,13M,"1,000,000+",Free,0,Everyone,Lifestyle,"May 7, 2018",2.9.5,4.1 and up,United States
justWink Greeting Cards,LIFESTYLE,4.6,69177,15M,"1,000,000+",Free,0,Teen,Lifestyle,"August 2, 2017",2.7.3,4.4 and up,United States
Wedding LookBook by The Knot,LIFESTYLE,4.2,3448,13M,"100,000+",Free,0,Everyone,Lifestyle,"July 9, 2018",3.9.5,4.0.3 and up,United States
Vaniday - Beauty Booking App,LIFESTYLE,3.6,1067,Varies with device,"100,000+",Free,0,Everyone,Lifestyle,"March 20, 2018",3.8.15,4.1 and up,United States
Big Days - Events Countdown,LIFESTYLE,4.6,39724,Varies with device,"1,000,000+",Free,0,Everyone,Lifestyle,"June 29, 2018",Varies with device,Varies with device,United States
"Wedding Planner by WeddingWire - Venues, Checklist",LIFESTYLE,4.2,3788,44M,"1,000,000+",Free,0,Everyone,Lifestyle,"July 24, 2018",8.5.1,5.0 and up,United States
Been Together (Ad) - D-day,LIFESTYLE,4.4,95736,Varies with device,"10,000,000+",Free,0,Everyone,Lifestyle,"July 30, 2018",Varies with device,Varies with device,United States
WedMeGood - Wedding Planner,LIFESTYLE,4.6,1658,9.7M,"100,000+",Free,0,Everyone,Lifestyle,"July 31, 2018",2.0.9,4.4 and up,United States
StyleSeat,LIFESTYLE,4.7,20304,24M,"500,000+",Free,0,Everyone,Lifestyle,"July 31, 2018",4.35,4.0.3 and up,United States
DIY Garden Ideas,LIFESTYLE,4.1,3309,13M,"500,000+",Free,0,Everyone,Lifestyle,"August 5, 2018",10.0,4.0 and up,United States
Brit + Co,LIFESTYLE,3.9,987,4.5M,"10,000+",Free,0,Everyone,Lifestyle,"August 29, 2017",2.0.4,4.0 and up,United States
Creative Ideas - DIY & Craft,LIFESTYLE,4.0,5208,4.5M,"100,000+",Free,0,Teen,Lifestyle,"November 23, 2017",1.37,4.0 and up,United States
Homestyler Interior Design & Decorating Ideas,LIFESTYLE,4.1,78298,29M,"5,000,000+",Free,0,Everyone,Lifestyle,"August 2, 2018",3.1.2.1,4.1 and up,United States
JOANN - Crafts & Coupons,LIFESTYLE,4.6,34802,12M,"1,000,000+",Free,0,Everyone,Lifestyle,"June 22, 2018",5.2.2,4.3 and up,United States
Wheretoget: Shop in style,LIFESTYLE,4.1,6808,12M,"500,000+",Free,0,Teen,Lifestyle,"June 5, 2017",3.2.0,4.1 and up,United States
My Dressing - Fashion closet,LIFESTYLE,4.1,12452,Varies with device,"500,000+",Free,0,Everyone,Lifestyle,"January 26, 2017",Varies with device,Varies with device,United States
Chictopia,LIFESTYLE,4.1,360,4.6M,"10,000+",Free,0,Everyone,Lifestyle,"April 30, 2014",1.6.2,2.2 and up,United States
Scarf Fashion Designer,LIFESTYLE,4.4,16637,10M,"1,000,000+",Free,0,Everyone,Lifestyle,"June 18, 2017",1.8,2.3 and up,United States
Fashion in Vogue,LIFESTYLE,3.8,1797,6.8M,"100,000+",Free,0,Everyone,Lifestyle,"September 27, 2016",2.0,4.3 and up,United States
Zara,LIFESTYLE,4.3,95904,33M,"10,000,000+",Free,0,Everyone,Lifestyle,"July 30, 2018",4.1.0,4.1 and up,United States
Wheretoget: Shop in style,LIFESTYLE,4.1,6808,12M,"500,000+",Free,0,Teen,Lifestyle,"June 5, 2017",3.2.0,4.1 and up,United States
My Dressing - Fashion closet,LIFESTYLE,4.1,12452,Varies with device,"500,000+",Free,0,Everyone,Lifestyle,"January 26, 2017",Varies with device,Varies with device,United States
Chictopia,LIFESTYLE,4.1,360,4.6M,"10,000+",Free,0,Everyone,Lifestyle,"April 30, 2014",1.6.2,2.2 and up,United States
Scarf Fashion Designer,LIFESTYLE,4.4,16637,10M,"1,000,000+",Free,0,Everyone,Lifestyle,"June 18, 2017",1.8,2.3 and up,United States
Fashion in Vogue,LIFESTYLE,3.8,1797,6.8M,"100,000+",Free,0,Everyone,Lifestyle,"September 27, 2016",2.0,4.3 and up,United States
Zara,LIFESTYLE,4.3,95905,33M,"10,000,000+",Free,0,Everyone,Lifestyle,"July 30, 2018",4.1.0,4.1 and up,United States
Real Estate by Movoto,LIFESTYLE,4.4,3114,13M,"100,000+",Free,0,Everyone,Lifestyle,"February 20, 2018",6.1,4.0.3 and up,United States
Etta Homes,LIFESTYLE,4.2,220,15M,"50,000+",Free,0,Everyone,Lifestyle,"July 26, 2018",9.1.0,5.0 and up,United States
Houlihan Lawrence,LIFESTYLE,4.4,33,23M,"5,000+",Free,0,Everyone,Lifestyle,"October 12, 2017",3.9.5,4.2 and up,United States
Home Scouting® MLS Mobile,LIFESTYLE,4.3,1533,7.7M,"100,000+",Free,0,Everyone,Lifestyle,"September 27, 2016",2.2.6,2.2 and up,United States
Housing-Real Estate & Property,LIFESTYLE,4.1,28301,Varies with device,"1,000,000+",Free,0,Everyone,Lifestyle,"July 13, 2018",12.1.0,4.1 and up,United States
ZipRealty Real Estate & Homes,LIFESTYLE,4.0,3937,15M,"100,000+",Free,0,Everyone,Lifestyle,"July 27, 2018",8.3.3,4.4 and up,United States
Sotheby's International Realty,LIFESTYLE,4.2,894,25M,"50,000+",Free,0,Everyone,Lifestyle,"April 9, 2018",5.600.42,4.0.3 and up,United States
Zoopla Property Search UK - Home to buy & rent,LIFESTYLE,4.1,21195,Varies with device,"1,000,000+",Free,0,Everyone,Lifestyle,"June 22, 2018",Varies with device,Varies with device,United States
Neighborhoods & Apartments,LIFESTYLE,3.9,2042,3.0M,"100,000+",Free,0,Everyone,Lifestyle,"August 28, 2015",3.1.6,4.0 and up,United States
Keller Williams Real Estate,LIFESTYLE,4.4,13213,22M,"1,000,000+",Free,0,Everyone,Lifestyle,"March 28, 2018",5.800.04,4.0.3 and up,United States
Relax Rain ~ Rain Sounds,LIFESTYLE,4.6,118034,Varies with device,"5,000,000+",Free,0,Everyone,Lifestyle,"August 2, 2018",Varies with device,Varies with device,United States
Relax Ocean ~ Nature Sounds,LIFESTYLE,4.5,9464,Varies with device,"500,000+",Free,0,Everyone,Lifestyle,"July 18, 2017",Varies with device,Varies with device,United States
Bed Time Fan - White Noise Sleep Sounds,LIFESTYLE,4.5,10097,7.5M,"500,000+",Free,0,Everyone,Lifestyle,"April 26, 2018",1.2,4.0 and up,United States
Nature Sounds,LIFESTYLE,4.8,28588,24M,"1,000,000+",Free,0,Everyone,Lifestyle,"March 1, 2018",3.1.8,4.0.3 and up,United States
SleepyTime: Bedtime Calculator,LIFESTYLE,4.4,19621,Varies with device,"500,000+",Free,0,Everyone,Lifestyle,"February 27, 2016",Varies with device,Varies with device,United States
White Noise Baby,LIFESTYLE,4.5,10544,44M,"1,000,000+",Free,0,Everyone,Lifestyle,"June 18, 2018",5.3,4.1 and up,United States
White Noise ~ Sleeping Sounds,LIFESTYLE,4.5,4427,Varies with device,"100,000+",Free,0,Everyone,Lifestyle,"June 23, 2017",Varies with device,Varies with device,United States
"Journey - Diary, Journal",LIFESTYLE,4.6,50338,Varies with device,"1,000,000+",Free,0,Everyone,Lifestyle,"July 23, 2018",Varies with device,Varies with device,United States
7 Day Food Journal Challenge,LIFESTYLE,4.5,3346,14M,"100,000+",Free,0,Teen,Lifestyle,"March 8, 2017",3.6.3,4.0.3 and up,United States
YouTube Kids,FAMILY,4.5,470694,Varies with device,"50,000,000+",Free,0,Everyone,Entertainment;Music & Video,"August 3, 2018",3.43.3,4.1 and up,Canada
Candy Bomb,FAMILY,4.4,42145,20M,"10,000,000+",Free,0,Everyone,Casual;Brain Games,"July 4, 2018",2.9.3181,4.0.3 and up,Canada
ROBLOX,FAMILY,4.5,4449910,67M,"100,000,000+",Free,0,Everyone 10+,Adventure;Action & Adventure,"July 31, 2018",2.347.225742,4.1 and up,Canada
Jewels Crush- Match 3 Puzzle,FAMILY,4.4,14774,19M,"1,000,000+",Free,0,Everyone,Casual;Brain Games,"July 23, 2018",1.9.3901,4.0.3 and up,Canada
Coloring & Learn,FAMILY,4.4,12753,51M,"5,000,000+",Free,0,Everyone,Educational;Creativity,"July 17, 2018",1.49,4.0.3 and up,Canada
Mahjong,FAMILY,4.5,33983,22M,"5,000,000+",Free,0,Everyone,Puzzle;Brain Games,"August 2, 2018",1.24.3181,4.0.3 and up,Canada
Super ABC! Learning games for kids! Preschool apps,FAMILY,4.6,20267,46M,"1,000,000+",Free,0,Everyone,Educational;Education,"July 16, 2018",1.1.6.7,4.1 and up,Canada
Toy Pop Cubes,FAMILY,4.5,5761,21M,"1,000,000+",Free,0,Everyone,Casual;Brain Games,"July 4, 2018",1.8.3181,4.0.3 and up,Canada
Educational Games 4 Kids,FAMILY,4.3,11618,39M,"5,000,000+",Free,0,Everyone,Educational;Education,"April 3, 2018",2.4,4.1 and up,Canada
Candy Pop Story,FAMILY,4.7,12948,23M,"1,000,000+",Free,0,Everyone,Casual;Brain Games,"May 24, 2018",2.0.3165,2.3 and up,Canada
Solitaire,FAMILY,4.4,685,26M,"100,000+",Free,0,Everyone,Card;Brain Games,"July 16, 2018",1.7.101,4.1 and up,Canada
Princess Coloring Book,FAMILY,4.5,9779,39M,"5,000,000+",Free,0,Everyone,Education;Creativity,"February 25, 2018",1.2.8,4.0 and up,Canada
Hello Kitty Nail Salon,FAMILY,4.2,369378,24M,"50,000,000+",Free,0,Everyone,Casual;Pretend Play,"April 17, 2018",1.5,4.1 and up,Canada
Candy Smash,FAMILY,4.5,11436,15M,"1,000,000+",Free,0,Everyone,Casual;Brain Games,"April 17, 2018",2.2.3169,4.0.3 and up,Canada
Happy Fruits Bomb - Cube Blast,FAMILY,4.5,2150,20M,"500,000+",Free,0,Everyone,Casual;Brain Games,"February 1, 2018",1.0.3122,4.0.3 and up,Canada
Dog Run - Pet Dog Simulator,FAMILY,4.7,48615,24M,"10,000,000+",Free,0,Everyone,Simulation;Action & Adventure,"May 22, 2018",1.4.12,4.1 and up,Canada
Princess Adventures Puzzles,FAMILY,4.4,382,44M,"500,000+",Free,0,Everyone,Education;Creativity,"August 1, 2018",1.1.0,2.3 and up,Canada
Kids Educational Game 3 Free,FAMILY,4.3,24936,38M,"5,000,000+",Free,0,Everyone,Educational;Education,"May 16, 2018",3.1,4.1 and up,Canada
Puzzle Kids - Animals Shapes and Jigsaw Puzzles,FAMILY,4.6,1109,52M,"1,000,000+",Free,0,Everyone,Educational;Brain Games,"July 18, 2018",1.0.6,4.1 and up,Canada
Coloring book moana,FAMILY,3.9,974,14M,"500,000+",Free,0,Everyone,Art & Design;Pretend Play,"January 15, 2018",2.0.0,4.0.3 and up,Canada
Baby Panda Care,FAMILY,4.2,108795,49M,"10,000,000+",Free,0,Everyone,Educational;Pretend Play,"June 15, 2018",8.25.10.00,4.0.3 and up,Canada
Kids Educational :All in One,FAMILY,4.5,1455,8.9M,"500,000+",Free,0,Everyone,Education;Education,"February 1, 2018",2.7,2.3 and up,Canada
Number Counting games for toddler preschool kids,FAMILY,4.3,1024,Varies with device,"1,000,000+",Free,0,Everyone,Educational;Education,"May 28, 2018",Varies with device,Varies with device,Canada
Toca Kitchen 2,FAMILY,4.5,1014822,56M,"50,000,000+",Free,0,Everyone,Educational;Pretend Play,"June 29, 2017",1.2.3-play,4.1 and up,Canada
PJ Masks: Moonlight Heroes,FAMILY,4.4,86961,99M,"10,000,000+",Free,0,Everyone,Casual;Action & Adventure,"June 5, 2018",2.0.1,4.0.3 and up,Canada
Learn To Draw Glow Flower,FAMILY,4.4,7320,10M,"1,000,000+",Free,0,Everyone,Entertainment;Education,"July 7, 2017",1.0.1,4.0.3 and up,Canada
"No. Color - Color by Number, Number Coloring",FAMILY,4.8,269194,6.9M,"10,000,000+",Free,0,Everyone,Entertainment;Brain Games,"August 3, 2018",Varies with device,Varies with device,Canada
Bubble Shooter,FAMILY,4.4,59843,20M,"5,000,000+",Free,0,Everyone,Puzzle;Brain Games,"January 9, 2018",2.3.3122,2.3 and up,Canada
Draw.ly - Color by Number Pixel Art Coloring,FAMILY,4.4,18616,10M,"1,000,000+",Free,0,Everyone,Casual;Education,"August 5, 2018",1.0.9,4.0.3 and up,Canada
Baby puzzles,FAMILY,4.3,11950,19M,"5,000,000+",Free,0,Everyone,Educational;Education,"July 12, 2018",6.1,4.0.3 and up,Canada
Garden Fruit Legend,FAMILY,4.6,4289,33M,"500,000+",Free,0,Everyone,Casual;Brain Games,"July 31, 2018",3.5.3183,4.0.3 and up,Canada
Barbie™ Fashion Closet,FAMILY,4.1,68286,85M,"10,000,000+",Free,0,Everyone,Casual;Creativity,"July 30, 2018",1.3.7,4.1 and up,Canada
Candy Day,FAMILY,4.5,11716,48M,"1,000,000+",Free,0,Everyone,Casual;Brain Games,"August 3, 2018",8.4.3180,4.0 and up,Canada
Learn To Draw Glow Princess,FAMILY,4.5,3323,9.6M,"1,000,000+",Free,0,Everyone,Casual;Pretend Play,"July 14, 2017",1.0.1,4.0.3 and up,Canada
ABC Kids - Tracing & Phonics,FAMILY,4.5,36606,Varies with device,"10,000,000+",Free,0,Everyone,Educational;Education,"June 22, 2018",Varies with device,4.0 and up,Canada
Barbie Magical Fashion,FAMILY,4.0,328619,15M,"10,000,000+",Free,0,Everyone,Casual;Creativity,"October 6, 2017",2.2,4.1 and up,Canada
Minion Rush: Despicable Me Official Game,FAMILY,4.5,10216997,Varies with device,"100,000,000+",Free,0,Everyone 10+,Casual;Action & Adventure,"July 12, 2018",Varies with device,Varies with device,Canada
Piano Kids - Music & Songs,FAMILY,4.6,46741,50M,"10,000,000+",Free,0,Everyone,Music;Music & Video,"August 3, 2018",1.73,4.0.3 and up,Canada
Farming Simulator 14,FAMILY,4.5,530854,51M,"10,000,000+",Free,0,Everyone,Simulation;Action & Adventure,"July 17, 2017",1.4.4,2.3.3 and up,Canada
Educational Games for Kids,FAMILY,4.5,7050,24M,"1,000,000+",Free,0,Everyone,Educational;Education,"May 27, 2018",2.0,4.0 and up,Canada
No.Draw - Colors by Number 2018,FAMILY,4.5,235906,13M,"10,000,000+",Free,0,Everyone,Entertainment;Brain Games,"July 29, 2018",1.2.0,4.1 and up,Canada
Fruit Boom,FAMILY,4.4,17753,16M,"1,000,000+",Free,0,Everyone,Casual;Brain Games,"May 25, 2018",2.2.3172,4.0.3 and up,Canada
Duolingo: Learn Languages Free,FAMILY,4.7,6294400,Varies with device,"100,000,000+",Free,0,Everyone,Education;Education,"August 1, 2018",Varies with device,Varies with device,Canada
Hot Wheels: Race Off,FAMILY,4.5,520609,Varies with device,"10,000,000+",Free,0,Everyone,Racing;Action & Adventure,"June 28, 2018",Varies with device,4.4 and up,Canada
Baby Tiger Care - My Cute Virtual Pet Friend,FAMILY,4.5,432,63M,"100,000+",Free,0,Everyone 10+,Educational;Education,"July 27, 2018",1.0.89,4.4 and up,Canada
Strawberry Shortcake Ice Cream Island,FAMILY,4.2,32029,15M,"5,000,000+",Free,0,Everyone,Casual;Pretend Play,"November 6, 2017",1.2,4.1 and up,Canada
Rhythm Patrol,FAMILY,4.3,4207,26M,"100,000+",Free,0,Everyone,Music;Music & Video,"July 23, 2018",2.180723,4.1 and up,Canada
Kiddopia - Preschool Learning Games,FAMILY,4.5,64,81M,"10,000+",Free,0,Everyone,Educational;Education,"July 18, 2018",1.1.2,5.0 and up,Canada
Toca Mystery House,FAMILY,4.2,96,79M,"5,000+",Paid,$3.99,Everyone,Educational;Creativity,"June 14, 2018",1.0.1,4.4 and up,Canada
DisneyNOW – TV Shows & Games,FAMILY,4.3,82471,Varies with device,"5,000,000+",Free,0,Everyone,Entertainment;Music & Video,"July 5, 2018",Varies with device,4.4 and up,Canada
Papumba Academy - Fun Learning For Kids,FAMILY,4.4,496,94M,"100,000+",Free,0,Everyone,Education;Education,"July 11, 2018",1.0,4.2 and up,Canada
Super ABC! Learning games for kids! Preschool apps,FAMILY,4.6,20267,46M,"1,000,000+",Free,0,Everyone,Educational;Education,"July 16, 2018",1.1.6.7,4.1 and up,Canada
Drawing for Kids Learning Games for Toddlers age 3,FAMILY,4.6,29436,43M,"1,000,000+",Free,0,Everyone,Educational;Education,"March 21, 2018",2.0.5.0,4.1 and up,Canada
Baby Panda’s Juice Shop,FAMILY,4.5,19230,45M,"5,000,000+",Free,0,Everyone,Educational;Brain Games,"July 12, 2018",8.25.10.01,4.0.3 and up,Canada
Dr. Panda Restaurant 3,FAMILY,4.2,11126,91M,"1,000,000+",Free,0,Everyone,Educational;Pretend Play,"March 23, 2018",1.6.4,4.1 and up,Canada
LEGO® Friends: Heartlake Rush,FAMILY,4.5,23671,91M,"1,000,000+",Free,0,Everyone,Arcade;Pretend Play,"July 31, 2018",1.2.0,4.1 and up,Canada
Baby ABC in box! Kids alphabet games for toddlers!,FAMILY,4.6,9652,53M,"1,000,000+",Free,0,Everyone,Educational;Education,"July 16, 2018",2.0.7.4,4.1 and up,Canada
Henry Danger Crime Warp,FAMILY,4.6,9626,28M,"1,000,000+",Free,0,Everyone,Action;Action & Adventure,"February 7, 2018",1.1,4.4 and up,Canada
Thomas & Friends: Race On!,FAMILY,4.1,29319,26M,"5,000,000+",Free,0,Everyone,Casual;Action & Adventure,"May 18, 2018",2.4,4.4 and up,Canada
Super School: Educational Kids Games & Rhymes,FAMILY,4.5,1791,56M,"500,000+",Free,0,Everyone,Education;Education,"June 2, 2018",5.3.11,5.0 and up,Canada
Fruit Cube Blast,FAMILY,4.6,9199,80M,"500,000+",Free,0,Everyone,Puzzle;Brain Games,"August 3, 2018",1.2.7,4.1 and up,Canada
Toddler Kids Puzzles PUZZINGO,FAMILY,4.6,14014,60M,"1,000,000+",Free,0,Everyone,Education;Education,"July 6, 2018",7.32,4.0.3 and up,Canada
Happy Street,FAMILY,4.5,110877,Varies with device,"1,000,000+",Free,0,Everyone 10+,Casual;Action & Adventure,"March 28, 2018",Varies with device,Varies with device,Canada
Intellijoy Early Learning Academy,FAMILY,4.3,160,67M,"50,000+",Free,0,Everyone,Education;Education,"June 18, 2018",3.4.0,Varies with device,Canada
Dr. Panda Town: Vacation,FAMILY,3.8,10366,78M,"1,000,000+",Free,0,Everyone,Education;Pretend Play,"July 24, 2018",1.2.1,4.1 and up,Canada
Leo and Tig,FAMILY,4.5,47644,27M,"1,000,000+",Free,0,Everyone,Adventure;Action & Adventure,"May 31, 2018",10.180530,4.0.3 and up,Canada
School of Dragons,FAMILY,4.1,530792,Varies with device,"10,000,000+",Free,0,Everyone,Role Playing;Action & Adventure,"May 30, 2018",Varies with device,Varies with device,Canada
Fuzzy Seasons: Animal Forest,FAMILY,4.8,12137,63M,"100,000+",Free,0,Everyone 10+,Simulation;Pretend Play,"August 6, 2018",149,4.1 and up,Canada
Montessori Preschool,FAMILY,3.9,237,26M,"100,000+",Free,0,Everyone,Education;Education,"July 12, 2018",1.7.2,4.1 and up,Canada
Kids Corner: Interactive Tales and Games for kids,FAMILY,4.5,6404,46M,"500,000+",Free,0,Everyone,Educational;Brain Games,"July 16, 2018",1.8.3,4.1 and up,Canada
Cutie Cubies,FAMILY,4.4,6356,83M,"500,000+",Free,0,Everyone,Puzzle;Creativity,"July 4, 2018",1.180702,4.1 and up,Canada
My Little Princess : Stores,FAMILY,4.3,169,60M,"5,000+",Paid,$2.99,Everyone,Educational;Pretend Play,"May 25, 2018",1.08,4.1 and up,Canada
Sago Mini Big City,FAMILY,4.2,8,44M,"1,000+",Paid,$3.99,Everyone,Education;Pretend Play,"July 9, 2018",1.1,4.4 and up,Canada
Pinkalicious Party,FAMILY,3.0,2,82M,500+,Paid,$2.99,Everyone,Educational;Creativity,"June 25, 2018",1.5.0,4.1 and up,Canada
ROBLOX,FAMILY,4.5,4450855,67M,"100,000,000+",Free,0,Everyone 10+,Adventure;Action & Adventure,"July 31, 2018",2.347.225742,4.1 and up,Canada
PJ Masks: Moonlight Heroes,FAMILY,4.4,86961,99M,"10,000,000+",Free,0,Everyone,Casual;Action & Adventure,"June 5, 2018",2.0.1,4.0.3 and up,Canada
Minion Rush: Despicable Me Official Game,FAMILY,4.5,10216997,Varies with device,"100,000,000+",Free,0,Everyone 10+,Casual;Action & Adventure,"July 12, 2018",Varies with device,Varies with device,Canada
Dog Run - Pet Dog Simulator,FAMILY,4.7,48701,24M,"10,000,000+",Free,0,Everyone,Simulation;Action & Adventure,"May 22, 2018",1.4.12,4.1 and up,Canada
Moana Island Life,FAMILY,4.1,15246,78M,"1,000,000+",Free,0,Everyone,Simulation;Action & Adventure,"July 12, 2017",3.2.473.202,4.0 and up,Canada
Hot Wheels: Race Off,FAMILY,4.5,520654,Varies with device,"10,000,000+",Free,0,Everyone,Racing;Action & Adventure,"June 28, 2018",Varies with device,4.4 and up,Canada
Basketball FRVR - Shoot the Hoop and Slam Dunk!,FAMILY,4.5,4076,Varies with device,"100,000+",Free,0,Everyone,Sports;Action & Adventure,"August 1, 2018",1.3.3,4.1 and up,Canada
Farming Simulator 14,FAMILY,4.5,530904,51M,"10,000,000+",Free,0,Everyone,Simulation;Action & Adventure,"July 17, 2017",1.4.4,2.3.3 and up,Canada
My Oasis - Calming and Relaxing Idle Clicker Game,FAMILY,4.6,106750,94M,"1,000,000+",Free,0,Everyone,Simulation;Action & Adventure,"June 29, 2018",1.221,4.1 and up,Canada
My Little Pony Rainbow Runners,FAMILY,4.3,33785,16M,"5,000,000+",Free,0,Everyone,Casual;Action & Adventure,"December 20, 2017",1.3,4.1 and up,Canada
Extreme Racing 2 - Real driving RC cars game!,FAMILY,4.3,4207,93M,"500,000+",Free,0,Everyone,Racing;Action & Adventure,"August 31, 2017",1.1.9,4.1 and up,Canada
Cars: Lightning League,FAMILY,4.5,58795,77M,"10,000,000+",Free,0,Everyone,Racing;Action & Adventure,"May 21, 2018",1.6,4.0.3 and up,Canada
Little Panda Run,FAMILY,4.2,3235,32M,"1,000,000+",Free,0,Everyone,Educational;Action & Adventure,"June 20, 2018",8.25.10.00,4.0.3 and up,Canada
Snoopy's Town Tale - City Building Simulator,FAMILY,4.2,47031,58M,"1,000,000+",Free,0,Everyone,Simulation;Action & Adventure,"July 30, 2018",3.2.4,4.4 and up,Canada
Car Racing game for Kids - Beepzz Dogs 🐕,FAMILY,4.4,131,48M,"100,000+",Free,0,Everyone,Racing;Action & Adventure,"June 13, 2018",1.1.1,4.2 and up,Canada
Pony Friends 🦄 - Beepzz racing game for kids,FAMILY,4.5,114,69M,"50,000+",Free,0,Everyone,Racing;Action & Adventure,"June 13, 2018",1.4.3,4.2 and up,Canada
LEGO® Juniors Create & Cruise,FAMILY,4.1,673203,73M,"50,000,000+",Free,0,Everyone,Educational;Action & Adventure,"January 19, 2018",6.7.5222,4.1 and up,Canada
Xtreme Racing 2018 - Jeep & 4x4 off road simulator,FAMILY,4.2,2178,99M,"500,000+",Free,0,Everyone,Racing;Action & Adventure,"August 23, 2017",1.0.8,4.1 and up,Canada
Thomas & Friends: Go Go Thomas,FAMILY,4.1,175625,16M,"10,000,000+",Free,0,Everyone,Racing;Action & Adventure,"November 22, 2017",1.4,4.1 and up,Canada
Ninja Dash - Ronin Jump RPG,FAMILY,4.7,8508,54M,"500,000+",Free,0,Everyone 10+,Arcade;Action & Adventure,"August 2, 2018",1.1.23,4.0.3 and up,Canada
Paw Patrol by ShuffleCards,FAMILY,4.3,3484,56M,"1,000,000+",Free,0,Everyone,Entertainment;Action & Adventure,"March 7, 2017",1.0.1,4.0 and up,Canada
Plants vs. Zombies™ Heroes,FAMILY,4.4,379415,68M,"10,000,000+",Free,0,Everyone,Casual;Action & Adventure,"June 26, 2018",1.28.01,4.1 and up,Canada
Transformers Rescue Bots: Disaster Dash,FAMILY,4.4,19245,25M,"1,000,000+",Free,0,Everyone,Casual;Action & Adventure,"March 28, 2018",1.3,4.1 and up,Canada
Mcqueen Coloring pages,FAMILY,,65,7.0M,"100,000+",Free,0,Everyone,Art & Design;Action & Adventure,"March 7, 2018",1.0.0,4.1 and up,Canada
PAC-MAN Pop,FAMILY,4.3,24877,54M,"5,000,000+",Free,0,Everyone,Puzzle;Action & Adventure,"June 20, 2018",2.1.6579,4.1 and up,Canada
Monster Truck Driver & Racing,FAMILY,4.4,765,51M,"1,000,000+",Free,0,Everyone,Education;Action & Adventure,"January 19, 2017",1.0.9,2.3 and up,Canada
L.O.L. Surprise Ball Pop,FAMILY,4.3,10088,Varies with device,"1,000,000+",Free,0,Everyone,Casual;Action & Adventure,"March 8, 2018",Varies with device,4.1 and up,Canada
Strawberry Shortcake BerryRush,FAMILY,4.3,525552,48M,"10,000,000+",Free,0,Everyone,Action;Action & Adventure,"October 15, 2017",1.2.3,2.3 and up,Canada
Little Fire Station,FAMILY,4.2,3762,44M,"1,000,000+",Free,0,Everyone,Education;Action & Adventure,"July 2, 2018",1.47,4.3 and up,Canada
Ice Cream Jump,FAMILY,4.2,141363,8.7M,"10,000,000+",Free,0,Everyone,Casual;Action & Adventure,"January 21, 2018",1.20.2,2.3 and up,Canada
Disney Magic Kingdoms: Build Your Own Magical Park,FAMILY,4.3,472584,91M,"10,000,000+",Free,0,Everyone,Simulation;Action & Adventure,"August 2, 2018",3.2.0h,4.0.3 and up,Canada
Turbo FAST,FAMILY,4.3,1329192,97M,"50,000,000+",Free,0,Everyone,Racing;Action & Adventure,"October 4, 2017",2.1.20,2.3.3 and up,Canada
My Little Pony: Harmony Quest,FAMILY,4.1,148295,26M,"10,000,000+",Free,0,Everyone,Casual;Action & Adventure,"March 5, 2018",1.6,4.1 and up,Canada
Transformers Rescue Bots: Hero Adventures,FAMILY,4.2,41273,16M,"5,000,000+",Free,0,Everyone,Adventure;Action & Adventure,"July 5, 2018",1.5,4.1 and up,Canada
Robots Vs Zombies: Transform To Race And Fight,FAMILY,4.5,278,Varies with device,"100,000+",Free,0,Everyone,Racing;Action & Adventure,"July 11, 2018",3.49,4.2 and up,Canada
Equestria Girls,FAMILY,4.3,392596,53M,"10,000,000+",Free,0,Everyone,Role Playing;Action & Adventure,"July 22, 2016",37893,4.0 and up,Canada
DC Super Hero Girls™,FAMILY,4.3,43060,95M,"5,000,000+",Free,0,Everyone,Action;Action & Adventure,"June 29, 2018",2.8.0,4.0 and up,Canada
Disney Crossy Road,FAMILY,4.5,514088,83M,"10,000,000+",Free,0,Everyone,Arcade;Action & Adventure,"May 30, 2018",3.200.18289,4.4 and up,Canada
Touch Racing 2 - Mini RC Race,FAMILY,4.1,41867,78M,"1,000,000+",Free,0,Everyone,Racing;Action & Adventure,"May 18, 2017",1.4.2.1,2.3.3 and up,Canada
Toca Kitchen 2,FAMILY,4.5,1014846,56M,"50,000,000+",Free,0,Everyone,Educational;Pretend Play,"June 29, 2017",1.2.3-play,4.1 and up,Canada
Doctor Pets,FAMILY,4.2,23060,21M,"1,000,000+",Free,0,Everyone,Educational;Education,"July 26, 2018",1.19,4.1 and up,Canada
Supermarket – Game for Kids,FAMILY,4.4,112080,26M,"10,000,000+",Free,0,Everyone,Casual;Pretend Play,"July 26, 2018",1.24,4.1 and up,Canada
Supermarket Manager: Cashier Simulator Kids Games,FAMILY,4.0,15489,60M,"1,000,000+",Free,0,Everyone,Casual;Pretend Play,"October 11, 2017",2.4.9,4.0 and up,Canada
Kids Animals Jigsaw Puzzles 😄,FAMILY,4.1,51895,22M,"10,000,000+",Free,0,Everyone,Educational;Brain Games,"June 16, 2018",18.1,4.2 and up,Canada
DC Super Hero Girls™,FAMILY,4.3,43060,95M,"5,000,000+",Free,0,Everyone,Action;Action & Adventure,"June 29, 2018",2.8.0,4.0 and up,Canada
Strawberry Shortcake BerryRush,FAMILY,4.3,525552,48M,"10,000,000+",Free,0,Everyone,Action;Action & Adventure,"October 15, 2017",1.2.3,2.3 and up,Canada
Inside Out Thought Bubbles,FAMILY,4.4,623398,58M,"10,000,000+",Free,0,Everyone,Puzzle;Brain Games,"August 31, 2017",1.22.0,4.0.3 and up,Canada
Disney Magic Kingdoms: Build Your Own Magical Park,FAMILY,4.3,472584,91M,"10,000,000+",Free,0,Everyone,Simulation;Action & Adventure,"August 2, 2018",3.2.0h,4.0.3 and up,Canada
Monster High™,FAMILY,4.1,66661,22M,"5,000,000+",Free,0,Everyone,Casual;Pretend Play,"February 2, 2018",5.2,4.1 and up,Canada
Cute Pet Puppies,FAMILY,4.0,10447,36M,"1,000,000+",Free,0,Everyone,Simulation;Action & Adventure,"February 18, 2016",1.0.4,2.3 and up,Canada
Frozen Free Fall,FAMILY,4.3,1574197,37M,"50,000,000+",Free,0,Everyone,Puzzle;Action & Adventure,"July 27, 2018",6.7.0,4.2 and up,Canada
Monster High™ Minis Mania,FAMILY,4.6,19170,70M,"1,000,000+",Free,0,Everyone,Strategy;Action & Adventure,"March 15, 2017",1.4.2,4.0.3 and up,Canada
Shopkins World!,FAMILY,4.3,169609,34M,"10,000,000+",Free,0,Everyone,Arcade;Action & Adventure,"June 13, 2018",3.6.1,4.1 and up,Canada
Monica Toy TV,FAMILY,4.7,6188,49M,"500,000+",Free,0,Everyone 10+,Entertainment;Music & Video,"April 3, 2018",1.6.4,4.1 and up,Canada
Toy Guitar with songs for kids,FAMILY,4.3,1369,9.8M,"500,000+",Free,0,Everyone,Music & Audio;Music & Video,"March 5, 2016",1.0.3,2.3 and up,Canada
Endless Numbers,FAMILY,4.4,2952,37M,"500,000+",Free,0,Everyone,Education;Education,"June 19, 2018",1.2.0,5.1 and up,Canada
Toddler Learning Games - Little Kids Games,FAMILY,4.2,731,Varies with device,"100,000+",Free,0,Everyone,Educational;Education,"July 28, 2018",3.7.2.7,4.2 and up,Canada
Sworkit Kids - Fitness Meets Fun,FAMILY,4.7,9856,55M,"100,000+",Free,0,Everyone,Health & Fitness;Education,"February 2, 2016",1.1.1,4.0 and up,Canada
Earth to Luna! Watch and Play,FAMILY,3.9,10753,84M,"1,000,000+",Free,0,Everyone,Educational;Education,"July 23, 2018",2.5.6,4.1 and up,Canada
Nancy Drew Codes and Clues,FAMILY,4.1,154,16M,"10,000+",Free,0,Everyone,Educational;Education,"January 13, 2017",2.0.0,4.1 and up,Canada
Masha and the Bear Child Games,FAMILY,4.1,288523,92M,"10,000,000+",Free,0,Everyone,Adventure;Education,"May 8, 2018",2.7.4,4.0 and up,Canada
codeSpark Academy & The Foos,FAMILY,4.1,4522,57M,"500,000+",Free,0,Everyone,Educational;Education,"June 21, 2018",2.19.01,4.1 and up,Canada
Toca Builders,FAMILY,4.2,3328,Varies with device,"100,000+",Paid,$3.99,Everyone,Education;Creativity,"July 13, 2017",Varies with device,Varies with device,Canada
Toca Life: City,FAMILY,4.7,31100,24M,"500,000+",Paid,$3.99,Everyone,Education;Pretend Play,"July 6, 2018",1.5-play,4.4 and up,Canada
LEGO® Friends,FAMILY,4.4,854,6.9M,"10,000+",Paid,$4.99,Everyone,Casual;Pretend Play,"December 1, 2015",Varies with device,4.0.3 and up,Canada
My Little Work – Garage,FAMILY,4.3,560,44M,"10,000+",Paid,$3.99,Everyone,Casual;Education,"June 17, 2015",2.0.1,2.3 and up,Canada
"Alizay, pirate girl",FAMILY,4.5,197,11M,"1,000+",Paid,$2.99,Everyone,Casual;Action & Adventure,"March 23, 2017",4.0.2,2.3 and up,Canada
Word Search Games in english,FAMILY,4.3,63186,16M,"10,000,000+",Free,0,Everyone,Puzzle;Brain Games,"July 12, 2018",7.5,4.0.3 and up,Canada
Chess Free,FAMILY,4.3,23772,17M,"5,000,000+",Free,0,Everyone,Board;Brain Games,"August 2, 2017",1.15.3028.0,2.3 and up,Canada
Tic Tac Toe,FAMILY,4.1,6007,18M,"1,000,000+",Free,0,Everyone,Board;Action & Adventure,"July 3, 2017",1.6.3028.0,2.3 and up,Canada
Dominos Game ✔️,FAMILY,4.1,2903,16M,"1,000,000+",Free,0,Everyone,Board;Brain Games,"July 5, 2018",5.2,4.1 and up,Canada
Checkers ✔️,FAMILY,4.1,3617,19M,"1,000,000+",Free,0,Everyone,Board;Brain Games,"July 24, 2018",4.0.2,4.1 and up,Canada
Crazy Colors: Bubbles Matching,FAMILY,4.6,3063,1.6M,"100,000+",Free,0,Everyone,Board;Brain Games,"May 24, 2018",2.9.7,3.0 and up,Canada
Chess for Kids - Play & Learn,FAMILY,4.1,3234,47M,"100,000+",Free,0,Everyone,Puzzle;Brain Games,"May 15, 2018",2.2.3,4.1 and up,Canada
Block Puzzle : Night in Egypt,FAMILY,4.4,276,16M,"50,000+",Free,0,Everyone,Puzzle;Brain Games,"September 12, 2017",1.2.16,2.3 and up,Canada
Mosaic puzzles,FAMILY,4.4,1595,14M,"500,000+",Free,0,Everyone,Puzzle;Brain Games,"July 4, 2018",2.8,4.0.3 and up,Canada
Chess School for Beginners,FAMILY,4.3,879,Varies with device,"100,000+",Free,0,Everyone,Board;Brain Games,"May 22, 2018",1.1.0,4.1 and up,Canada
RISK: Global Domination,FAMILY,4.0,68559,75M,"5,000,000+",Free,0,Everyone,Board;Action & Adventure,"July 31, 2018",1.19.56.434,4.4 and up,Canada
Pino chess,FAMILY,4.8,61,25M,"1,000+",Free,0,Everyone,Casual;Brain Games,"January 26, 2017",0.1.0,4.0 and up,Canada
Chess PRO Free,FAMILY,3.8,1123,5.7M,"100,000+",Free,0,Everyone,Board;Brain Games,"September 8, 2016",4.2,2.3 and up,Canada
Children Educational Game Full,FAMILY,4.7,30,Varies with device,"1,000+",Paid,$7.49,Everyone,Educational;Education,"May 16, 2018",Varies with device,Varies with device,Canada
All-in-One Mahjong 3 FREE,FAMILY,4.5,566,17M,"50,000+",Free,0,Everyone,Board;Brain Games,"June 13, 2018",20180609,4.0 and up,Canada
Hactar Go,FAMILY,4.8,97,3.5M,"1,000+",Paid,$2.99,Everyone,Board;Brain Games,"March 30, 2018",2.4.15,4.0 and up,Canada
All-in-One Mahjong 3,FAMILY,4.4,38,16M,100+,Paid,$0.99,Everyone,Board;Brain Games,"June 14, 2018",20180609,4.0 and up,Canada
World Racers family board game,FAMILY,4.8,4,42M,100+,Paid,$0.99,Everyone,Board;Pretend Play,"September 3, 2015",1.1,5.1 and up,Canada
SweetLand — Family Board Game,FAMILY,4.2,38,47M,"1,000+",Paid,$0.99,Everyone,Casual;Pretend Play,"November 14, 2014",1.2,2.3.3 and up,Canada
Steam: Rails to Riches,FAMILY,4.2,214,67M,"5,000+",Paid,$4.99,Everyone,Board;Brain Games,"December 13, 2017",3.3.1,4.1 and up,Canada
Whoowasit? - Best kids game!,FAMILY,4.0,248,26M,"5,000+",Paid,$2.99,Everyone,Board;Action & Adventure,"July 24, 2018",1.6,4.1 and up,Canada
Lanterns: The Harvest Festival,FAMILY,4.7,185,72M,"1,000+",Paid,$4.99,Everyone,Board;Brain Games,"May 1, 2018",1.16.5,4.1 and up,Canada
Tsuro - The Game of the Path,FAMILY,4.7,2195,37M,"10,000+",Paid,$2.99,Everyone,Board;Brain Games,"August 2, 2016",1.3.3,2.3 and up,Canada
THE aMAZEing Labyrinth,FAMILY,3.9,1615,1.2M,"10,000+",Paid,$4.99,Everyone,Board;Brain Games,"February 9, 2016",1.0.3,4.0 and up,Canada
Chess and Mate,FAMILY,4.5,359,17M,"5,000+",Paid,$4.99,Everyone,Board;Brain Games,"August 12, 2015",2.0.5,2.3 and up,Canada
Kids Balloon Pop Game Free 🎈,FAMILY,4.1,38021,19M,"10,000,000+",Free,0,Everyone,Casual;Music & Video,"July 6, 2018",18.2,4.0.3 and up,Canada
Sounds for Toddlers FREE,FAMILY,4.4,6190,23M,"1,000,000+",Free,0,Everyone,Educational;Education,"August 24, 2015",1.7.1,4.0 and up,Canada
Elmo Calls by Sesame Street,FAMILY,3.9,6903,25M,"1,000,000+",Free,0,Everyone,Educational;Pretend Play,"January 31, 2018",2.0.7,2.3 and up,Canada
Sago Mini Friends,FAMILY,4.4,13155,83M,"1,000,000+",Free,0,Everyone,Education;Pretend Play,"June 16, 2016",1.3,4.0.3 and up,Canada
Papumba Academy - Fun Learning For Kids,FAMILY,4.4,496,94M,"100,000+",Free,0,Everyone,Education;Education,"July 11, 2018",1.0,4.2 and up,Canada
Tee and Mo Bath Time Free,FAMILY,3.6,418,97M,"100,000+",Free,0,Everyone,Educational;Education,"November 7, 2016",1.0.3,4.0.3 and up,Canada
Bita and the Animals - Pelos Ares,FAMILY,4.4,1160,37M,"100,000+",Free,0,Everyone,Education;Music & Video,"May 22, 2013",1.0,2.2 and up,Canada
TO-FU Oh!SUSHI,FAMILY,4.1,59917,92M,"5,000,000+",Free,0,Everyone,Education;Pretend Play,"July 31, 2018",2.3,4.4 and up,Canada
DreamWorks Friends,FAMILY,3.6,1042,48M,"100,000+",Free,0,Everyone,Role Playing;Pretend Play,"August 4, 2017",2.5,4.3 and up,Canada
Avokiddo Emotions,FAMILY,4.6,73,12M,"1,000+",Paid,$2.99,Everyone,Education;Pretend Play,"May 21, 2018",1.7.0,4.0.3 and up,Canada
Nighty Night Circus,FAMILY,4.3,382,15M,"10,000+",Paid,$2.99,Everyone,Education;Action & Adventure,"March 7, 2017",2.6,2.3 and up,Canada
Sago Mini Babies,FAMILY,4.5,253,83M,"10,000+",Paid,$3.99,Everyone,Education;Pretend Play,"October 28, 2016",1.1,4.0.3 and up,Canada
Dr. Panda & Toto's Treehouse,FAMILY,4.4,3396,9.5M,"50,000+",Paid,$3.99,Everyone,Casual;Pretend Play,"December 9, 2014",1.8,4.0 and up,Canada
Kids Balloon Pop Game Free 🎈,FAMILY,4.1,38021,19M,"10,000,000+",Free,0,Everyone,Casual;Music & Video,"July 6, 2018",18.2,4.0.3 and up,Canada
Sounds for Toddlers FREE,FAMILY,4.4,6190,23M,"1,000,000+",Free,0,Everyone,Educational;Education,"August 24, 2015",1.7.1,4.0 and up,Canada
Elmo Calls by Sesame Street,FAMILY,3.9,6903,25M,"1,000,000+",Free,0,Everyone,Educational;Pretend Play,"January 31, 2018",2.0.7,2.3 and up,Canada
Sago Mini Friends,FAMILY,4.4,13155,83M,"1,000,000+",Free,0,Everyone,Education;Pretend Play,"June 16, 2016",1.3,4.0.3 and up,Canada
Papumba Academy - Fun Learning For Kids,FAMILY,4.4,496,94M,"100,000+",Free,0,Everyone,Education;Education,"July 11, 2018",1.0,4.2 and up,Canada
Tee and Mo Bath Time Free,FAMILY,3.6,418,97M,"100,000+",Free,0,Everyone,Educational;Education,"November 7, 2016",1.0.3,4.0.3 and up,Canada
Bita and the Animals - Pelos Ares,FAMILY,4.4,1160,37M,"100,000+",Free,0,Everyone,Education;Music & Video,"May 22, 2013",1.0,2.2 and up,Canada
TO-FU Oh!SUSHI,FAMILY,4.1,59917,92M,"5,000,000+",Free,0,Everyone,Education;Pretend Play,"July 31, 2018",2.3,4.4 and up,Canada
DreamWorks Friends,FAMILY,3.6,1042,48M,"100,000+",Free,0,Everyone,Role Playing;Pretend Play,"August 4, 2017",2.5,4.3 and up,Canada
Avokiddo Emotions,FAMILY,4.6,73,12M,"1,000+",Paid,$2.99,Everyone,Education;Pretend Play,"May 21, 2018",1.7.0,4.0.3 and up,Canada
Nighty Night Circus,FAMILY,4.3,382,15M,"10,000+",Paid,$2.99,Everyone,Education;Action & Adventure,"March 7, 2017",2.6,2.3 and up,Canada
Sago Mini Babies,FAMILY,4.5,253,83M,"10,000+",Paid,$3.99,Everyone,Education;Pretend Play,"October 28, 2016",1.1,4.0.3 and up,Canada
Dr. Panda & Toto's Treehouse,FAMILY,4.4,3396,9.5M,"50,000+",Paid,$3.99,Everyone,Casual;Pretend Play,"December 9, 2014",1.8,4.0 and up,Canada
ROBLOX,FAMILY,4.5,4450890,67M,"100,000,000+",Free,0,Everyone 10+,Adventure;Action & Adventure,"July 31, 2018",2.347.225742,4.1 and up,Canada
PlayKids - Educational cartoons and games for kids,FAMILY,4.1,182173,Varies with device,"10,000,000+",Free,0,Everyone,Entertainment;Music & Video,"July 30, 2018",Varies with device,Varies with device,Canada
YouTube Kids,FAMILY,4.5,470713,Varies with device,"50,000,000+",Free,0,Everyone,Entertainment;Music & Video,"August 3, 2018",3.43.3,4.1 and up,Canada
Fun Kid Racing - Motocross,FAMILY,4.1,59729,Varies with device,"10,000,000+",Free,0,Everyone,Racing;Action & Adventure,"June 27, 2018",3.46,4.2 and up,Canada
Barbie Life™,FAMILY,3.9,133117,63M,"5,000,000+",Free,0,Everyone,Casual;Pretend Play,"July 12, 2018",2.6,4.1 and up,Canada
Baby Panda Care,FAMILY,4.2,108795,49M,"10,000,000+",Free,0,Everyone,Educational;Pretend Play,"June 15, 2018",8.25.10.00,4.0.3 and up,Canada
Palace Pets in Whisker Haven,FAMILY,4.1,47213,14M,"5,000,000+",Free,0,Everyone,Entertainment;Pretend Play,"December 9, 2017",1.8,4.2 and up,Canada
Sweet Baby Girl - Dream House and Play Time,FAMILY,3.9,95537,58M,"10,000,000+",Free,0,Everyone,Educational;Education,"July 13, 2018",2.2.54,4.4 and up,Canada
Monster High™,FAMILY,4.1,66660,22M,"5,000,000+",Free,0,Everyone,Casual;Pretend Play,"February 2, 2018",5.2,4.1 and up,Canada
Hello Kitty Lunchbox,FAMILY,4.2,51838,15M,"5,000,000+",Free,0,Everyone,Casual;Creativity,"November 21, 2017",1.6,4.1 and up,Canada
Duolingo: Learn Languages Free,FAMILY,4.7,6294397,Varies with device,"100,000,000+",Free,0,Everyone,Education;Education,"August 1, 2018",Varies with device,Varies with device,Canada
Sweet Baby Girl Newborn Baby,FAMILY,3.8,36028,50M,"5,000,000+",Free,0,Everyone,Educational;Education,"July 2, 2018",1.3.51,4.4 and up,Canada
COOKING MAMA Let's Cook!,FAMILY,4.3,528745,59M,"10,000,000+",Free,0,Everyone,Educational;Pretend Play,"July 26, 2018",1.38.0,4.1 and up,Canada
Shopkins World!,FAMILY,4.3,169609,34M,"10,000,000+",Free,0,Everyone,Arcade;Action & Adventure,"June 13, 2018",3.6.1,4.1 and up,Canada
DisneyNOW – TV Shows & Games,FAMILY,4.3,82471,Varies with device,"5,000,000+",Free,0,Everyone,Entertainment;Music & Video,"July 5, 2018",Varies with device,4.4 and up,Canada
Ever After High™ Charmed Style,FAMILY,3.9,44062,54M,"1,000,000+",Free,0,Everyone,Casual;Pretend Play,"December 30, 2016",1.3,4.0.3 and up,Canada
Equestria Girls,FAMILY,4.3,392596,53M,"10,000,000+",Free,0,Everyone,Role Playing;Action & Adventure,"July 22, 2016",37893,4.0 and up,Canada
Fun Kid Racing,FAMILY,4.0,79667,Varies with device,"10,000,000+",Free,0,Everyone,Racing;Action & Adventure,"August 3, 2018",3.52,4.2 and up,Canada
Learn to Read with Tommy Turtle,FAMILY,4.0,20763,Varies with device,"5,000,000+",Free,0,Everyone,Educational;Education,"March 6, 2018",3.6.17,2.3 and up,Canada
Frozen Free Fall,FAMILY,4.3,1574204,37M,"50,000,000+",Free,0,Everyone,Puzzle;Action & Adventure,"July 27, 2018",6.7.0,4.2 and up,Canada
Nick,FAMILY,4.2,123322,25M,"10,000,000+",Free,0,Everyone 10+,Entertainment;Music & Video,"January 24, 2018",2.0.8,4.4 and up,Canada
Thomas & Friends: Race On!,FAMILY,4.1,29319,26M,"5,000,000+",Free,0,Everyone,Casual;Action & Adventure,"May 18, 2018",2.4,4.4 and up,Canada
Mad Libs,FAMILY,4.0,8126,61M,"1,000,000+",Free,0,Everyone,Entertainment;Brain Games,"July 31, 2018",1.1.1,6.0 and up,Canada
Inside Out Thought Bubbles,FAMILY,4.4,623398,58M,"10,000,000+",Free,0,Everyone,Puzzle;Brain Games,"August 31, 2017",1.22.0,4.0.3 and up,Canada
ABCmouse.com,FAMILY,4.3,50887,91M,"5,000,000+",Free,0,Everyone,Education;Education,"July 3, 2018",7.2.0,4.4 and up,Canada
My Little Pony Celebration,FAMILY,4.3,63160,17M,"1,000,000+",Free,0,Everyone,Simulation;Pretend Play,"July 22, 2016",1.0.0,2.3 and up,Canada
Sago Mini Friends,FAMILY,4.4,13155,83M,"1,000,000+",Free,0,Everyone,Education;Pretend Play,"June 16, 2016",1.3,4.0.3 and up,Canada
Thomas & Friends: Delivery,FAMILY,4.2,28737,17M,"1,000,000+",Free,0,Everyone,Casual;Action & Adventure,"February 5, 2016",1.0,2.3 and up,Canada
School of Dragons,FAMILY,4.1,530792,Varies with device,"10,000,000+",Free,0,Everyone,Role Playing;Action & Adventure,"May 30, 2018",Varies with device,Varies with device,Canada
Nasty Goats,FAMILY,4.3,45579,64M,"1,000,000+",Free,0,Everyone,Arcade;Action & Adventure,"April 14, 2016",1.1.0,4.0 and up,Canada
Starfall Free & Member,FAMILY,4.2,19720,41M,"1,000,000+",Free,0,Everyone,Education;Education,"November 7, 2017",1.35.23,4.0 and up,Canada
Animal Jam - Play Wild!,FAMILY,4.6,361970,58M,"5,000,000+",Free,0,Everyone,Casual;Pretend Play,"August 2, 2018",28.0.14,4.1 and up,Canada
Video Editor,FAMILY,4.1,159619,23M,"5,000,000+",Free,0,Everyone,Video Players & Editors;Creativity,"July 17, 2018",6.14.091,4.3 and up,Canada
Real Racing 3,FAMILY,4.5,354384,71M,"10,000,000+",Free,0,Everyone,Racing;Action & Adventure,"July 2, 2018",6.4.0,4.1 and up,Canada
Peak – Brain Games & Training,FAMILY,4.4,272321,Varies with device,"10,000,000+",Free,0,Everyone,Education;Brain Games,"August 3, 2018",3.14.15,5.0 and up,Canada
Minecraft,FAMILY,4.5,2376564,Varies with device,"10,000,000+",Paid,$6.99,Everyone 10+,Arcade;Action & Adventure,"July 24, 2018",1.5.2.1,Varies with device,Canada
Card Wars - Adventure Time,FAMILY,4.3,129603,23M,"1,000,000+",Paid,$2.99,Everyone 10+,Card;Action & Adventure,"February 11, 2016",1.11.0,2.3.3 and up,Canada
Microsoft Word,PRODUCTIVITY,4.5,2084126,Varies with device,"500,000,000+",Free,0,Everyone,Productivity,"July 11, 2018",16.0.10325.20043,4.4 and up,United States
"All-In-One Toolbox: Cleaner, Booster, App Manager",PRODUCTIVITY,4.7,536926,Varies with device,"10,000,000+",Free,0,Everyone,Productivity,"August 5, 2018",Varies with device,Varies with device,United States
Adobe Acrobat Reader,PRODUCTIVITY,4.3,3016297,Varies with device,"100,000,000+",Free,0,Everyone,Productivity,"April 17, 2018",Varies with device,Varies with device,United States
"AVG Cleaner – Speed, Battery & Memory Booster",PRODUCTIVITY,4.4,1188154,24M,"10,000,000+",Free,0,Everyone,Productivity,"June 14, 2018",4.6.4,4.1 and up,United States
Google Drive,PRODUCTIVITY,4.4,2731171,Varies with device,"1,000,000,000+",Free,0,Everyone,Productivity,"August 6, 2018",Varies with device,Varies with device,United States
QR Scanner & Barcode Scanner 2018,PRODUCTIVITY,3.8,8226,4.1M,"10,000,000+",Free,0,Everyone,Productivity,"July 20, 2018",1.8.4,4.4 and up,United States
Chrome Beta,PRODUCTIVITY,4.4,228794,Varies with device,"10,000,000+",Free,0,Everyone,Productivity,"August 6, 2018",68.0.3440.91,Varies with device,United States
Microsoft Outlook,PRODUCTIVITY,4.3,3252896,50M,"100,000,000+",Free,0,Everyone,Productivity,"August 2, 2018",2.2.194,4.4 and up,United States
Google PDF Viewer,PRODUCTIVITY,4.2,226456,Varies with device,"10,000,000+",Free,0,Everyone,Productivity,"October 9, 2017",Varies with device,Varies with device,United States
Microsoft Excel,PRODUCTIVITY,4.5,1079491,Varies with device,"100,000,000+",Free,0,Everyone,Productivity,"July 14, 2018",16.0.10325.20059,4.4 and up,United States
My Claro Peru,PRODUCTIVITY,3.2,11200,11M,"5,000,000+",Free,0,Everyone,Productivity,"July 23, 2018",3.1.1,4.4 and up,United States
Power Booster - Junk Cleaner & CPU Cooler & Boost,PRODUCTIVITY,4.5,9653,5.1M,"1,000,000+",Free,0,Everyone,Productivity,"August 6, 2018",1.2.5,4.1 and up,United States
Google Assistant,PRODUCTIVITY,4.2,58675,1.3M,"10,000,000+",Free,0,Everyone,Productivity,"March 9, 2018",0.1.187945513,5.0 and up,United States
Microsoft OneDrive,PRODUCTIVITY,4.4,1038306,Varies with device,"100,000,000+",Free,0,Everyone,Productivity,"August 1, 2018",Varies with device,Varies with device,United States
Calculator - unit converter,PRODUCTIVITY,4.7,287250,Varies with device,"50,000,000+",Free,0,Everyone,Productivity,"May 9, 2018",Varies with device,Varies with device,United States
Microsoft OneNote,PRODUCTIVITY,4.4,480643,Varies with device,"100,000,000+",Free,0,Everyone,Productivity,"July 22, 2018",16.0.10325.20024,4.4 and up,United States
Metro name iD,PRODUCTIVITY,4.0,27800,Varies with device,"10,000,000+",Free,0,Everyone,Productivity,"August 10, 2017",Varies with device,Varies with device,United States
Google Keep,PRODUCTIVITY,4.4,691474,Varies with device,"100,000,000+",Free,0,Everyone,Productivity,"August 6, 2018",Varies with device,Varies with device,United States
Archos File Manager,PRODUCTIVITY,4.0,2131,2.3M,"5,000,000+",Free,0,Everyone,Productivity,"April 22, 2016",4.1.4,4.1 and up,United States
ES File Explorer File Manager,PRODUCTIVITY,4.6,5383985,16M,"100,000,000+",Free,0,Everyone,Productivity,"August 3, 2018",4.1.8.2.2,4.0 and up,United States
ASUS SuperNote,PRODUCTIVITY,4.5,26559,Varies with device,"10,000,000+",Free,0,Everyone,Productivity,"April 14, 2017",Varies with device,Varies with device,United States
HTC File Manager,PRODUCTIVITY,4.2,13500,Varies with device,"10,000,000+",Free,0,Everyone,Productivity,"December 11, 2017",Varies with device,Varies with device,United States
MyMTN,PRODUCTIVITY,4.0,8550,15M,"1,000,000+",Free,0,Everyone,Productivity,"July 25, 2018",2.1.5,4.0 and up,United States
Dropbox,PRODUCTIVITY,4.4,1861310,61M,"500,000,000+",Free,0,Everyone,Productivity,"August 1, 2018",Varies with device,Varies with device,United States
ASUS Quick Memo,PRODUCTIVITY,4.5,23089,1.6M,"10,000,000+",Free,0,Everyone,Productivity,"April 11, 2018",1.10.0.33_180403,5.0 - 8.0,United States
HTC Calendar,PRODUCTIVITY,3.9,6949,Varies with device,"10,000,000+",Free,0,Everyone,Productivity,"December 27, 2017",Varies with device,Varies with device,United States
Google Calendar,PRODUCTIVITY,4.2,858208,Varies with device,"500,000,000+",Free,0,Everyone,Productivity,"August 6, 2018",Varies with device,Varies with device,United States
Google Docs,PRODUCTIVITY,4.3,815981,Varies with device,"100,000,000+",Free,0,Everyone,Productivity,"August 6, 2018",Varies with device,Varies with device,United States
ASUS Calling Screen,PRODUCTIVITY,4.2,102451,Varies with device,"10,000,000+",Free,0,Everyone,Productivity,"March 15, 2018",Varies with device,Varies with device,United States
lifebox,PRODUCTIVITY,4.2,56403,49M,"5,000,000+",Free,0,Everyone,Productivity,"July 27, 2018",4.0.5,4.4 and up,United States
Yandex.Disk,PRODUCTIVITY,4.4,115072,Varies with device,"5,000,000+",Free,0,Everyone,Productivity,"July 31, 2018",Varies with device,Varies with device,United States
Content Transfer,PRODUCTIVITY,4.7,19302,7.2M,"5,000,000+",Free,0,Everyone,Productivity,"June 28, 2018",3.5.12,4.0.3 and up,United States
"Evernote – Organizer, Planner for Notes & Memos",PRODUCTIVITY,4.6,1488396,Varies with device,"100,000,000+",Free,0,Everyone,Productivity,"August 3, 2018",Varies with device,Varies with device,United States
HTC Mail,PRODUCTIVITY,3.1,6572,Varies with device,"10,000,000+",Free,0,Everyone,Productivity,"May 29, 2018",Varies with device,Varies with device,United States
Advanced Task Killer,PRODUCTIVITY,4.4,577059,1.5M,"50,000,000+",Free,0,Everyone,Productivity,"August 7, 2016",2.2.1B216,2.3.3 and up,United States
MyVodafone (India) - Online Recharge & Pay Bills,PRODUCTIVITY,4.1,1092367,Varies with device,"10,000,000+",Free,0,Everyone,Productivity,"August 4, 2018",8.0.1.0,Varies with device,United States
Microsoft PowerPoint,PRODUCTIVITY,4.5,618798,Varies with device,"100,000,000+",Free,0,Everyone,Productivity,"July 11, 2018",16.0.10325.20043,4.4 and up,United States
Microsoft Translator,PRODUCTIVITY,4.6,209696,49M,"5,000,000+",Free,0,Everyone,Productivity,"June 18, 2018",3.2.258b ae1da5165,4.3 and up,United States
"My Airtel-Online Recharge, Pay Bill, Wallet, UPI",PRODUCTIVITY,4.3,1498393,14M,"50,000,000+",Free,0,Everyone,Productivity,"August 2, 2018",4.3.2.0,4.2 and up,United States
Samsung Notes,PRODUCTIVITY,3.9,15368,Varies with device,"100,000,000+",Free,0,Everyone,Productivity,"January 22, 2018",Varies with device,Varies with device,United States
Do It Later: Tasks & To-Dos,PRODUCTIVITY,4.5,123412,Varies with device,"50,000,000+",Free,0,Everyone,Productivity,"April 13, 2018",Varies with device,Varies with device,United States
Verizon Cloud,PRODUCTIVITY,4.3,185632,Varies with device,"50,000,000+",Free,0,Everyone,Productivity,"July 18, 2018",Varies with device,4.4 and up,United States
myAT&T,PRODUCTIVITY,3.7,80847,Varies with device,"50,000,000+",Free,0,Everyone,Productivity,"July 18, 2018",Varies with device,5.0 and up,United States
SwiftKey Keyboard,PRODUCTIVITY,4.5,2764964,Varies with device,"100,000,000+",Free,0,Everyone,Productivity,"August 2, 2018",Varies with device,Varies with device,United States
Hacker's Keyboard,PRODUCTIVITY,4.4,41418,1.2M,"1,000,000+",Free,0,Everyone,Productivity,"December 11, 2016",v1.39.3,2.2 and up,United States
MEGA,PRODUCTIVITY,4.0,549973,Varies with device,"50,000,000+",Free,0,Everyone,Productivity,"July 4, 2018",Varies with device,Varies with device,United States
Security & Privacy,PRODUCTIVITY,4.0,212,10.0M,"1,000,000+",Free,0,Everyone,Productivity,"April 26, 2018",5.0.44,4.1 and up,United States
7 Weeks - Habit & Goal Tracker,PRODUCTIVITY,4.4,6011,4.3M,"500,000+",Free,0,Everyone,Productivity,"December 19, 2015",3.2.1,4.1 and up,United States
Loop - Habit Tracker,PRODUCTIVITY,4.7,17955,3.8M,"1,000,000+",Free,0,Everyone,Productivity,"May 23, 2018",1.7.9,4.0.3 and up,United States
"TickTick: To Do List with Reminder, Day Planner",PRODUCTIVITY,4.6,25370,Varies with device,"1,000,000+",Free,0,Everyone,Productivity,"August 6, 2018",Varies with device,Varies with device,United States
Keeper: Free Password Manager & Secure Vault,PRODUCTIVITY,4.2,74146,32M,"10,000,000+",Free,0,Everyone,Productivity,"July 16, 2018",12.1.0,4.4 and up,United States
Pushbullet - SMS on PC,PRODUCTIVITY,4.5,176873,4.5M,"1,000,000+",Free,0,Everyone,Productivity,"October 30, 2017",17.7.20,4.1 and up,United States
Wunderlist: To-Do List & Tasks,PRODUCTIVITY,4.6,404617,Varies with device,"10,000,000+",Free,0,Everyone,Productivity,"April 6, 2018",Varies with device,Varies with device,United States
Planner Pro-Personal Organizer,PRODUCTIVITY,4.0,10270,8.4M,"1,000,000+",Free,0,Everyone,Productivity,"March 23, 2018",4.4.1,4.0 and up,United States
Todoist: To-do lists for task management & errands,PRODUCTIVITY,4.5,155999,12M,"10,000,000+",Free,0,Everyone,Productivity,"August 5, 2018",12.8.2,4.4 and up,United States
Cozi Family Organizer,PRODUCTIVITY,4.4,56713,25M,"1,000,000+",Free,0,Everyone,Productivity,"July 5, 2018",9.3.5776,4.1 and up,United States
IFTTT,PRODUCTIVITY,4.3,117255,Varies with device,"1,000,000+",Free,0,Everyone,Productivity,"August 6, 2018",Varies with device,Varies with device,United States
Google Keep,PRODUCTIVITY,4.4,691474,Varies with device,"100,000,000+",Free,0,Everyone,Productivity,"August 6, 2018",Varies with device,Varies with device,United States
"Any.do: To-do list, Calendar, Reminders & Planner",PRODUCTIVITY,4.5,298843,Varies with device,"10,000,000+",Free,0,Everyone,Productivity,"August 5, 2018",Varies with device,Varies with device,United States
Trello,PRODUCTIVITY,4.5,72513,12M,"5,000,000+",Free,0,Everyone,Productivity,"July 18, 2018",5.0.1.11068-production,5.0 and up,United States
"Evernote – Organizer, Planner for Notes & Memos",PRODUCTIVITY,4.6,1488396,Varies with device,"100,000,000+",Free,0,Everyone,Productivity,"August 3, 2018",Varies with device,Varies with device,United States
Easy Voice Recorder,PRODUCTIVITY,4.4,205191,7.1M,"10,000,000+",Free,0,Everyone,Productivity,"June 20, 2018",2.4.5,4.1 and up,United States
Dashlane Free Password Manager,PRODUCTIVITY,4.6,73695,Varies with device,"1,000,000+",Free,0,Everyone,Productivity,"August 6, 2018",Varies with device,5.0 and up,United States
CM FILE MANAGER HD,PRODUCTIVITY,4.3,144879,Varies with device,"10,000,000+",Free,0,Everyone,Productivity,"January 24, 2016",3.5.0,Varies with device,United States
ES File Explorer File Manager,PRODUCTIVITY,4.6,5383971,16M,"100,000,000+",Free,0,Everyone,Productivity,"August 3, 2018",4.1.8.2.2,4.0 and up,United States
Solid Explorer Classic,PRODUCTIVITY,4.5,49794,6.5M,"1,000,000+",Free,0,Everyone,Productivity,"June 17, 2017",1.7.3,2.3 and up,United States
File Browser by Astro (File Manager),PRODUCTIVITY,4.3,609182,9.2M,"50,000,000+",Free,0,Everyone,Productivity,"July 2, 2018",6.4.0,4.0 and up,United States
File Explorer,PRODUCTIVITY,4.1,979,720k,"100,000+",Free,0,Everyone,Productivity,"September 30, 2013",2.1.3,2.2 and up,United States
The Maner,PRODUCTIVITY,4.2,53015,2.2M,"5,000,000+",Free,0,Everyone,Productivity,"November 12, 2017",2.2.2,2.3 and up,United States
AndroZip™ FREE File Manager,PRODUCTIVITY,4.2,277794,Varies with device,"10,000,000+",Free,0,Everyone,Productivity,"December 7, 2016",Varies with device,Varies with device,United States
Solid Explorer File Manager,PRODUCTIVITY,4.6,67523,Varies with device,"1,000,000+",Free,0,Everyone,Productivity,"July 19, 2018",2.5.4,4.1 and up,United States
Smart File Manager,PRODUCTIVITY,4.2,17415,4.1M,"1,000,000+",Free,0,Everyone,Productivity,"July 5, 2018",3.5.9,4.0 and up,United States
Microsoft Word,PRODUCTIVITY,4.5,2084125,Varies with device,"500,000,000+",Free,0,Everyone,Productivity,"July 11, 2018",16.0.10325.20043,4.4 and up,United States
Google Drive,PRODUCTIVITY,4.4,2731211,Varies with device,"1,000,000,000+",Free,0,Everyone,Productivity,"August 6, 2018",Varies with device,Varies with device,United States
Adobe Acrobat Reader,PRODUCTIVITY,4.3,3016305,Varies with device,"100,000,000+",Free,0,Everyone,Productivity,"April 17, 2018",Varies with device,Varies with device,United States
Google PDF Viewer,PRODUCTIVITY,4.2,226456,Varies with device,"10,000,000+",Free,0,Everyone,Productivity,"October 9, 2017",Varies with device,Varies with device,United States
Google Sheets,PRODUCTIVITY,4.3,496399,Varies with device,"100,000,000+",Free,0,Everyone,Productivity,"August 6, 2018",Varies with device,Varies with device,United States
Microsoft Excel,PRODUCTIVITY,4.5,1079616,Varies with device,"100,000,000+",Free,0,Everyone,Productivity,"July 14, 2018",16.0.10325.20059,4.4 and up,United States
Google Docs,PRODUCTIVITY,4.3,815974,Varies with device,"100,000,000+",Free,0,Everyone,Productivity,"August 6, 2018",Varies with device,Varies with device,United States
"Polaris Office - Word, Docs, Sheets, Slide, PDF",PRODUCTIVITY,4.3,549900,60M,"10,000,000+",Free,0,Everyone,Productivity,"July 18, 2018",7.3.30,4.1 and up,United States
Microsoft PowerPoint,PRODUCTIVITY,4.5,618796,Varies with device,"100,000,000+",Free,0,Everyone,Productivity,"July 11, 2018",16.0.10325.20043,4.4 and up,United States
"WPS Office - Word, Docs, PDF, Note, Slide & Sheet",PRODUCTIVITY,4.5,1508137,37M,"100,000,000+",Free,0,Everyone,Productivity,"July 30, 2018",11.1.3,4.0 and up,United States
Microsoft OneNote,PRODUCTIVITY,4.4,480640,Varies with device,"100,000,000+",Free,0,Everyone,Productivity,"July 22, 2018",16.0.10325.20024,4.4 and up,United States
Google Calendar,PRODUCTIVITY,4.2,858227,Varies with device,"500,000,000+",Free,0,Everyone,Productivity,"August 6, 2018",Varies with device,Varies with device,United States
Google Slides,PRODUCTIVITY,4.2,244567,Varies with device,"100,000,000+",Free,0,Everyone,Productivity,"August 6, 2018",Varies with device,Varies with device,United States
ColorNote Notepad Notes,PRODUCTIVITY,4.6,2401017,Varies with device,"100,000,000+",Free,0,Everyone,Productivity,"June 27, 2018",Varies with device,Varies with device,United States
Note Everything,PRODUCTIVITY,4.4,57033,Varies with device,"5,000,000+",Free,0,Everyone,Productivity,"October 18, 2016",4.2.11,Varies with device,United States
Simple Notepad,PRODUCTIVITY,4.3,12321,713k,"1,000,000+",Free,0,Everyone,Productivity,"December 25, 2016",2.0.1,2.3 and up,United States
Keep My Notes - Notepad & Memo,PRODUCTIVITY,4.6,122424,4.7M,"5,000,000+",Free,0,Everyone,Productivity,"March 16, 2018",1.35.2,2.3.3 and up,United States
Sticky Note + : Sync Notes,PRODUCTIVITY,4.2,21507,6.6M,"1,000,000+",Free,0,Everyone,Productivity,"August 31, 2017",13.4,4.0 and up,United States
Notepad,PRODUCTIVITY,4.2,80581,2.5M,"10,000,000+",Free,0,Everyone,Productivity,"October 16, 2016",2.4,2.3 and up,United States
Squid - Take Notes & Markup PDFs,PRODUCTIVITY,4.2,37204,19M,"1,000,000+",Free,0,Everyone,Productivity,"July 21, 2018",3.4.4.4-GP,4.0 and up,United States
Ultimate Notepad,PRODUCTIVITY,4.0,10643,Varies with device,"5,000,000+",Free,0,Everyone,Productivity,"May 19, 2018",Varies with device,Varies with device,United States
Notepad & To do list,PRODUCTIVITY,4.3,226295,4.2M,"10,000,000+",Free,0,Everyone,Productivity,"June 6, 2018",4.3.19,2.3.3 and up,United States
"JotterPad - Writer, Screenplay, Novel",PRODUCTIVITY,4.6,57904,11M,"1,000,000+",Free,0,Everyone,Productivity,"July 1, 2018",12.8.2-pi,4.2 and up,United States
Google Keep,PRODUCTIVITY,4.4,691474,Varies with device,"100,000,000+",Free,0,Everyone,Productivity,"August 6, 2018",Varies with device,Varies with device,United States
Wunderlist: To-Do List & Tasks,PRODUCTIVITY,4.6,404610,Varies with device,"10,000,000+",Free,0,Everyone,Productivity,"April 6, 2018",Varies with device,Varies with device,United States
"Evernote – Organizer, Planner for Notes & Memos",PRODUCTIVITY,4.6,1488397,Varies with device,"100,000,000+",Free,0,Everyone,Productivity,"August 3, 2018",Varies with device,Varies with device,United States
"Any.do: To-do list, Calendar, Reminders & Planner",PRODUCTIVITY,4.5,298854,Varies with device,"10,000,000+",Free,0,Everyone,Productivity,"August 5, 2018",Varies with device,Varies with device,United States
Todoist: To-do lists for task management & errands,PRODUCTIVITY,4.5,155999,12M,"10,000,000+",Free,0,Everyone,Productivity,"August 5, 2018",12.8.2,4.4 and up,United States
Microsoft OneNote,PRODUCTIVITY,4.4,480638,Varies with device,"100,000,000+",Free,0,Everyone,Productivity,"July 22, 2018",16.0.10325.20024,4.4 and up,United States
Planning Center Services,PRODUCTIVITY,4.3,5157,Varies with device,"500,000+",Free,0,Everyone,Productivity,"July 31, 2018",Varies with device,Varies with device,United States
Calendar+ Schedule Planner App,PRODUCTIVITY,4.0,8985,5.7M,"1,000,000+",Free,0,Everyone,Productivity,"January 16, 2017",1.07.59,4.0.3 and up,United States
Today Calendar 2017,PRODUCTIVITY,4.2,16349,9.0M,"1,000,000+",Free,0,Everyone,Productivity,"April 25, 2016",4.0.7.3,4.1 and up,United States
To-Do Calendar Planner,PRODUCTIVITY,4.2,30291,Varies with device,"1,000,000+",Free,0,Everyone,Productivity,"May 29, 2018",Varies with device,Varies with device,United States
New Calendar,PRODUCTIVITY,4.5,25985,6.9M,"1,000,000+",Free,0,Everyone,Productivity,"July 20, 2018",1.0.167,4.0.3 and up,United States
Planner Pro-Personal Organizer,PRODUCTIVITY,4.0,10270,8.4M,"1,000,000+",Free,0,Everyone,Productivity,"March 23, 2018",4.4.1,4.0 and up,United States
Calendar Widget Month + Agenda,PRODUCTIVITY,4.2,60840,1.9M,"5,000,000+",Free,0,Everyone,Productivity,"May 31, 2018",1.26.2,4.0.3 and up,United States
DigiCal Calendar Agenda,PRODUCTIVITY,4.4,133573,Varies with device,"5,000,000+",Free,0,Everyone,Productivity,"July 3, 2018",Varies with device,Varies with device,United States
Time Recording - Timesheet App,PRODUCTIVITY,4.6,23393,Varies with device,"1,000,000+",Free,0,Everyone,Productivity,"July 12, 2018",Varies with device,Varies with device,United States
Jorte Calendar & Organizer,PRODUCTIVITY,4.3,198051,Varies with device,"10,000,000+",Free,0,Everyone,Productivity,"July 30, 2018",Varies with device,Varies with device,United States
Business Calendar 2,PRODUCTIVITY,4.6,102594,15M,"5,000,000+",Free,0,Everyone,Productivity,"July 23, 2018",2.30.1,4.1 and up,United States
Google Calendar,PRODUCTIVITY,4.2,858230,Varies with device,"500,000,000+",Free,0,Everyone,Productivity,"August 6, 2018",Varies with device,Varies with device,United States
aCalendar - Android Phone,PRODUCTIVITY,4.4,80119,Varies with device,"10,000,000+",Free,0,Everyone,Productivity,"June 25, 2018",Varies with device,Varies with device,United States
aCalendar+ Calendar & Tasks,PRODUCTIVITY,4.6,26919,Varies with device,"100,000+",Paid,$5.99,Everyone,Productivity,"June 25, 2018",Varies with device,Varies with device,United States
Google Drive,PRODUCTIVITY,4.4,2731211,Varies with device,"1,000,000,000+",Free,0,Everyone,Productivity,"August 6, 2018",Varies with device,Varies with device,United States
G Cloud Backup,PRODUCTIVITY,4.6,267189,Varies with device,"5,000,000+",Free,0,Everyone,Productivity,"April 29, 2018",Varies with device,Varies with device,United States
Microsoft OneDrive,PRODUCTIVITY,4.4,1038303,Varies with device,"100,000,000+",Free,0,Everyone,Productivity,"August 1, 2018",Varies with device,Varies with device,United States
Unclouded - Cloud Manager,PRODUCTIVITY,4.1,6850,11M,"100,000+",Free,0,Everyone,Productivity,"August 8, 2016",2.3.3-play,4.1 and up,United States
Dropbox,PRODUCTIVITY,4.4,1861309,61M,"500,000,000+",Free,0,Everyone,Productivity,"August 1, 2018",Varies with device,Varies with device,United States
Amazon Drive,PRODUCTIVITY,4.4,18669,4.1M,"1,000,000+",Free,0,Everyone,Productivity,"January 8, 2018",1.9.1.147.0-google,4.2 and up,United States
SugarSync,PRODUCTIVITY,4.1,16420,3.8M,"1,000,000+",Free,0,Everyone,Productivity,"May 16, 2018",4.4.0.4,2.3.3 and up,United States
pCloud: Free Cloud Storage,PRODUCTIVITY,4.3,16149,Varies with device,"1,000,000+",Free,0,Everyone,Productivity,"July 24, 2018",Varies with device,Varies with device,United States
MediaFire,PRODUCTIVITY,4.1,71432,3.8M,"5,000,000+",Free,0,Everyone,Productivity,"November 1, 2017",4.2.2,4.1 and up,United States
Cloud Print,PRODUCTIVITY,4.1,282460,Varies with device,"500,000,000+",Free,0,Everyone,Productivity,"May 23, 2018",Varies with device,Varies with device,United States
aa,FAMILY,4.2,886418,6.5M,"50,000,000+",Free,0,Everyone,Strategy,"June 30, 2018",1.7.3,4.1 and up,Canada
A Call From Santa Claus!,FAMILY,3.9,3720,11M,"1,000,000+",Free,0,Everyone,Entertainment,"December 4, 2016",4.2.3,4.0.3 and up,Canada
A Word A Day,FAMILY,3.7,2398,2.9M,"500,000+",Free,0,Everyone,Education,"January 5, 2017",5.8,4.0 and up,Canada
Akinator,FAMILY,4.3,1805398,55M,"50,000,000+",Free,0,Teen,Entertainment,"June 11, 2018",6.5.2,4.4 and up,Canada
Dog Sim Online: Raise a Family,FAMILY,4.6,94989,74M,"5,000,000+",Free,0,Teen,Simulation,"April 22, 2018",8.6,4.0 and up,Canada
Pou,FAMILY,4.3,10483141,24M,"500,000,000+",Free,0,Everyone,Casual,"May 25, 2018",1.4.77,4.0 and up,Canada
Color by Number - Draw Sandbox Pixel Art,FAMILY,4.6,10247,15M,"1,000,000+",Free,0,Everyone,Entertainment,"July 27, 2018",1.3.13,4.1 and up,Canada
Build a Bridge!,FAMILY,4.6,263454,74M,"10,000,000+",Free,0,Everyone,Puzzle,"August 2, 2018",2.1.1,4.1 and up,Canada
Find a Way: Addictive Puzzle,FAMILY,4.8,39480,14M,"500,000+",Free,0,Everyone,Puzzle,"June 16, 2017",4.1.1,4.1 and up,Canada
CompTIA A+ Pocket Prep,FAMILY,4.3,1311,14M,"10,000+",Free,0,Everyone,Education,"July 11, 2018",4.5.2,4.4 and up,Canada
My Talking Tom,FAMILY,4.5,14885236,Varies with device,"500,000,000+",Free,0,Everyone,Casual,"July 19, 2018",4.8.0.132,4.1 and up,Canada
Netflix,FAMILY,4.4,5453997,Varies with device,"100,000,000+",Free,0,Teen,Entertainment,"July 31, 2018",Varies with device,Varies with device,Canada
Comptia A+ 220-901 & 220-902,FAMILY,4.4,174,5.7M,"10,000+",Free,0,Everyone,Education,"April 19, 2018",2.0.7,4.1 and up,Canada
Create A Superhero HD,FAMILY,3.3,8642,19M,"500,000+",Free,0,Teen,Casual,"December 30, 2017",4.0.4,2.3 and up,Canada
Azar,COMMUNICATION,4.2,1092337,Varies with device,"50,000,000+",Free,0,Mature 17+,Communication,"July 24, 2018",Varies with device,Varies with device,UNITED KINGDOM
Adobe Acrobat Reader,PRODUCTIVITY,4.3,3014548,Varies with device,"100,000,000+",Free,0,Everyone,Productivity,"April 17, 2018",Varies with device,Varies with device,United States
LokLok: Draw on a Lock Screen,COMMUNICATION,4.1,14766,16M,"500,000+",Free,0,Teen,Communication,"September 20, 2017",0.81 beta,4.0.3 and up,UNITED KINGDOM
The Tribez: Build a Village,FAMILY,4.4,1852384,Varies with device,"10,000,000+",Free,0,Everyone,Simulation,"July 13, 2018",9.3.6,4.0.3 and up,Canada
Photo Warp,FAMILY,3.7,353342,13M,"50,000,000+",Free,0,Everyone,Entertainment,"November 24, 2017",2.0.7,4.0 and up,Canada
LEGO® Juniors Create & Cruise,FAMILY,4.1,672089,73M,"50,000,000+",Free,0,Everyone,Educational;Action & Adventure,"January 19, 2018",6.7.5222,4.1 and up,Canada
CompTIA Exam Training,FAMILY,4.8,3053,17M,"50,000+",Free,0,Everyone,Education,"July 3, 2018",1.7,4.2 and up,Canada
WhatsApp Messenger,COMMUNICATION,4.4,69109672,Varies with device,"1,000,000,000+",Free,0,Everyone,Communication,"August 3, 2018",Varies with device,Varies with device,UNITED KINGDOM
My Talking Angela,FAMILY,4.5,9876369,99M,"100,000,000+",Free,0,Everyone,Casual,"July 3, 2018",3.7.2.51,4.1 and up,Canada
YouTube Kids,FAMILY,4.5,469851,Varies with device,"50,000,000+",Free,0,Everyone,Entertainment;Music & Video,"August 3, 2018",3.43.3,4.1 and up,Canada
Colorfy: Coloring Book for Adults - Free,FAMILY,4.5,787107,Varies with device,"10,000,000+",Free,0,Everyone,Entertainment,"June 20, 2018",Varies with device,Varies with device,Canada
Wolfify - Be a Werewolf,FAMILY,3.8,6760,26M,"500,000+",Free,0,Everyone,Entertainment,"June 11, 2015",1.4.6,3.2 and up,Canada
Toca Kitchen 2,FAMILY,4.5,1013465,56M,"50,000,000+",Free,0,Everyone,Educational;Pretend Play,"June 29, 2017",1.2.3-play,4.1 and up,Canada
Gymnastics Superstar - Spin your way to gold!,FAMILY,4.6,305765,34M,"10,000,000+",Free,0,Everyone,Role Playing,"July 31, 2018",1.1.7,4.1 and up,Canada
Fake Call - Fake Caller ID,PRODUCTIVITY,4.3,154668,Varies with device,"10,000,000+",Free,0,Everyone,Productivity,"August 2, 2018",Varies with device,Varies with device,United States
SuperCity: Build a Story,FAMILY,4.4,98324,70M,"1,000,000+",Free,0,Everyone,Simulation,"July 28, 2018",1.19.1,4.1 and up,Canada
Flow Free,FAMILY,4.3,1295293,11M,"100,000,000+",Free,0,Everyone,Puzzle,"April 11, 2018",4.0,4.1 and up,Canada
Like A Boss,FAMILY,4.4,17069,94M,"500,000+",Free,0,Everyone 10+,Role Playing,"August 1, 2018",1.0.17.2,5.0 and up,Canada
AutoCAD - DWG Viewer & Editor,PRODUCTIVITY,4.2,145088,24M,"10,000,000+",Free,0,Everyone,Productivity,"July 23, 2018",4.5.19,4.4 and up,United States
Hungry Hearts Diner: A Tale of Star-Crossed Souls,FAMILY,4.9,46253,56M,"500,000+",Free,0,Everyone 10+,Simulation,"February 7, 2018",1.0.1,4.0 and up,Canada
Microsoft Word,PRODUCTIVITY,4.5,2078744,Varies with device,"500,000,000+",Free,0,Everyone,Productivity,"July 11, 2018",16.0.10325.20043,4.4 and up,United States
Dragon Sim Online: Be A Dragon,FAMILY,4.6,111741,66M,"5,000,000+",Free,0,Teen,Simulation,"February 27, 2018",5.4,4.0 and up,Canada
Bible,BOOKS_AND_REFERENCE,4.7,2440695,Varies with device,"100,000,000+",Free,0,Teen,Books & Reference,"August 2, 2018",Varies with device,Varies with device,UNITED KINGDOM
Cat Sim Online: Play with Cats,FAMILY,4.6,137198,81M,"5,000,000+",Free,0,Everyone 10+,Simulation,"April 22, 2018",3.7,4.0 and up,Canada
Disney Magic Timer by Oral-B,FAMILY,3.9,31061,83M,"1,000,000+",Free,0,Everyone,Health & Fitness;Action & Adventure,"June 16, 2018",4.0.6,4.2 and up,Canada
Block Craft 3D: Building Simulator Games For Free,FAMILY,4.5,944661,57M,"50,000,000+",Free,0,Everyone,Simulation,"March 5, 2018",2.10.2,4.0.3 and up,Canada
B-Dubs®,LIFESTYLE,3.1,3042,Varies with device,"500,000+",Free,0,Everyone,Lifestyle,"July 5, 2018",Varies with device,Varies with device,United States
UC Browser - Fast Download Private & Secure,COMMUNICATION,4.5,17712922,40M,"500,000,000+",Free,0,Teen,Communication,"August 2, 2018",12.8.5.1121,4.0 and up,UNITED KINGDOM
Hay Day,FAMILY,4.5,10053186,94M,"100,000,000+",Free,0,Everyone,Casual,"June 28, 2018",1_39_93,4.0.3 and up,Canada
Diary with lock,LIFESTYLE,4.6,815280,4.4M,"10,000,000+",Free,0,Everyone,Lifestyle,"June 30, 2018",4.90,4.1 and up,United States
Block! Hexa Puzzle™,FAMILY,4.5,472247,Varies with device,"50,000,000+",Free,0,Everyone,Puzzle,"July 31, 2018",1.5.10,4.1 and up,Canada
Cardi B Wallpaper,ART_AND_DESIGN,4.8,253,3.7M,"50,000+",Free,0,Everyone,Art & Design,"November 1, 2017",1.0.0,4.0 and up,United States
Clash of Clans,FAMILY,4.6,44881447,98M,"100,000,000+",Free,0,Everyone 10+,Strategy,"July 15, 2018",10.322.16,4.1 and up,Canada
Clash Royale,FAMILY,4.6,23125280,97M,"100,000,000+",Free,0,Everyone 10+,Strategy,"June 27, 2018",2.3.2,4.1 and up,Canada
C Programming,FAMILY,4.3,22248,1.8M,"1,000,000+",Free,0,Everyone,Education,"June 28, 2015",3.0,2.3 and up,Canada
CppDroid - C/C++ IDE,FAMILY,4.1,29978,Varies with device,"1,000,000+",Free,0,Everyone,Education,"August 17, 2017",Varies with device,Varies with device,Canada
Learn C [NEW],FAMILY,4.5,349,11M,"50,000+",Free,0,Everyone,Education,"March 16, 2018",2.1.1,4.0 and up,Canada
Mobile C [ C/C++ Compiler ],FAMILY,4.3,4624,78M,"100,000+",Free,0,Everyone,Education,"July 7, 2018",2.5.1,4.0.3 and up,Canada
C4droid - C/C++ compiler & IDE,FAMILY,4.7,2890,Varies with device,"50,000+",Paid,$2.99,Everyone,Education,"August 26, 2017",Varies with device,Varies with device,Canada
Candy Crush Saga,FAMILY,4.4,22419455,74M,"500,000,000+",Free,0,Everyone,Casual,"July 5, 2018",1.129.0.2,4.1 and up,Canada
Google Chrome: Fast & Secure,COMMUNICATION,4.3,9642112,Varies with device,"1,000,000,000+",Free,0,Everyone,Communication,"August 1, 2018",Varies with device,Varies with device,UNITED KINGDOM
C Programs and Reference,BOOKS_AND_REFERENCE,4.2,873,2.5M,"50,000+",Free,0,Everyone,Books & Reference,"July 31, 2014",2.2,2.1 and up,UNITED KINGDOM
Learn C++,FAMILY,4.6,73404,5.3M,"1,000,000+",Free,0,Everyone,Education,"December 25, 2017",4.5.2,4.0 and up,Canada
C Programming Zone,FAMILY,4.6,1218,4.0M,"50,000+",Free,0,Everyone,Education,"May 13, 2017",3.0,4.0.3 and up,Canada
C Offline Tutorial,BOOKS_AND_REFERENCE,4.7,88,4.2M,"1,000+",Free,0,Everyone,Books & Reference,"December 8, 2017",1.0.1,4.1 and up,UNITED KINGDOM
All C Programs,FAMILY,4.7,2387,6.9M,"100,000+",Free,0,Everyone,Education,"June 9, 2018",2.5.1,4.1 and up,Canada
C by GE,LIFESTYLE,1.7,686,6.6M,"10,000+",Free,0,Everyone,Lifestyle,"July 11, 2018",4.1.07,4.3 and up,United States
CPlus for Craigslist - Officially Licensed,LIFESTYLE,4.5,8096,16M,"1,000,000+",Free,0,Mature 17+,Lifestyle,"August 3, 2018",1.6.4,4.1 and up,United States
Alt-C,PRODUCTIVITY,4.0,499,4.7M,"10,000+",Free,0,Everyone,Productivity,"January 27, 2017",1.37,4.0 and up,United States
C-SPAN Radio,FAMILY,3.6,608,5.4M,"100,000+",Free,0,Everyone,Entertainment,"May 17, 2018",4.3.2,4.1 and up,Canada
Community by C Space,LIFESTYLE,4.7,707,26M,"5,000+",Free,0,Everyone,Lifestyle,"July 17, 2018",2.2.0,4.4 and up,United States
My C Spire,PRODUCTIVITY,4.1,376,32M,"50,000+",Free,0,Everyone,Productivity,"July 23, 2018",2.15.1,4.4 and up,United States
learn c in hindi,FAMILY,4.3,109,2.7M,"5,000+",Free,0,Everyone,Education,"June 24, 2017",4.1,4.0 and up,Canada
Learn C Programming (Examples) (OFFLINE),FAMILY,4.3,43,3.7M,"10,000+",Free,0,Everyone,Education,"December 16, 2017",1.0.3,4.1 and up,Canada
"C Programming - Learn Code, Theory & Discuss",FAMILY,4.5,2751,7.0M,"100,000+",Free,0,Everyone,Education,"June 15, 2018",3.2.8,4.0.3 and up,Canada
Expert C Programming - Learn C Coding Easily,FAMILY,4.4,77,6.9M,"5,000+",Free,0,Everyone,Education,"January 5, 2018",1.1.9,5.0 and up,Canada
codeEazy - C/C++/JAVA,FAMILY,4.6,130,2.2M,"10,000+",Free,0,Everyone,Education,"April 4, 2016",1.0.3,4.0.3 and up,Canada
Batmobile™ R/C Controller,FAMILY,3.7,452,30M,"100,000+",Free,0,Everyone,Entertainment,"February 2, 2018",1.0.8,4.4 and up,Canada
C Pattern Programs Free,FAMILY,4.5,4115,5.8M,"100,000+",Free,0,Everyone,Education,"July 8, 2018",7.1.0,4.0 and up,Canada
C Programs Handbook,BOOKS_AND_REFERENCE,4.0,459,3.1M,"50,000+",Free,0,Everyone,Books & Reference,"November 16, 2017",2.2.3.3,4.0 and up,UNITED KINGDOM
C Functions,FAMILY,4.8,55,1.5M,"1,000+",Free,0,Everyone,Education,"September 26, 2015",1.0,4.0.3 and up,Canada
Learn C# - .Net - C Sharp Programming Tutorial App,FAMILY,4.0,1320,8.6M,"100,000+",Free,0,Everyone,Education,"June 3, 2018",4.1.0,4.1 and up,Canada
Learn Basic C - For Beginners,FAMILY,4.7,27,772k,"5,000+",Free,0,Everyone,Education,"January 20, 2016",1.0,3.0 and up,Canada
C Prowess,FAMILY,4.8,306,3.3M,"5,000+",Free,0,Everyone,Education,"June 3, 2017",1.2,4.1 and up,Canada
101 C Programming Problems,FAMILY,4.6,498,5.0M,"50,000+",Free,0,Everyone,Education,"October 15, 2017",2.0,4.0.3 and up,Canada
Let us C - Example Programs,FAMILY,4.3,36,1.1M,"5,000+",Free,0,Everyone,Education,"August 30, 2017",1.2,3.0 and up,Canada
C Examples,FAMILY,4.2,1002,4.4M,"10,000+",Free,0,Everyone,Education,"August 31, 2016",3.9,4.0 and up,Canada
C BOOK-C PROGRAMS,FAMILY,4.8,138,2.1M,"10,000+",Free,0,Everyone,Education,"September 22, 2017",1.0,3.0 and up,Canada
100+ C Programs,FAMILY,4.2,20,1.6M,"5,000+",Free,0,Everyone,Education,"January 3, 2017",1.0,4.0 and up,Canada
Discord - Chat for Gamers,COMMUNICATION,4.5,305347,39M,"10,000,000+",Free,0,Teen,Communication,"July 27, 2018",7.1.8,4.1 and up,UNITED KINGDOM
Minion Rush: Despicable Me Official Game,FAMILY,4.5,10214862,Varies with device,"100,000,000+",Free,0,Everyone 10+,Casual;Action & Adventure,"July 12, 2018",Varies with device,Varies with device,Canada
Google Duo - High Quality Video Calls,COMMUNICATION,4.6,2083237,Varies with device,"500,000,000+",Free,0,Everyone,Communication,"July 31, 2018",37.1.206017801.DR37_RC14,4.4 and up,UNITED KINGDOM
Dropbox,PRODUCTIVITY,4.4,1860844,61M,"500,000,000+",Free,0,Everyone,Productivity,"August 1, 2018",Varies with device,Varies with device,United States
Block City Wars + skins export,FAMILY,4.5,762706,28M,"10,000,000+",Free,0,Teen,Simulation,"March 30, 2018",6.7.5,4.0 and up,Canada
Dance School Stories - Dance Dreams Come True,FAMILY,4.4,91171,36M,"1,000,000+",Free,0,Everyone,Role Playing,"August 3, 2018",1.0.8,4.1 and up,Canada
Plants vs. Zombies FREE,FAMILY,4.4,4064868,69M,"100,000,000+",Free,0,Everyone 10+,Strategy,"July 6, 2018",2.2.00,4.1 and up,Canada
Mind Games Pro,FAMILY,4.6,15301,18M,"100,000+",Paid,$2.99,Everyone,Puzzle;Brain Games,"July 18, 2018",3.0.5,2.3 and up,Canada
Bad Piggies,FAMILY,4.3,1168959,66M,"50,000,000+",Free,0,Everyone,Puzzle,"May 3, 2017",2.3.3,4.1 and up,Canada
Broken Screen Prank,FAMILY,3.3,23682,9.8M,"1,000,000+",Free,0,Teen,Casual,"June 14, 2018",6.2,4.0 and up,Canada
Car Parking Game 3D - Real City Driving Challenge,FAMILY,4.4,187892,40M,"5,000,000+",Free,0,Everyone,Simulation,"May 10, 2018",1.2.0,4.0 and up,Canada
E!,FAMILY,3.1,740,20M,"100,000+",Free,0,Teen,Entertainment,"May 24, 2018",3.3.1.41,4.4 and up,Canada
Chuck E.'s Skate Universe,FAMILY,3.9,94910,44M,"10,000,000+",Free,0,Everyone,Action;Action & Adventure,"January 10, 2017",1.12,4.3 and up,Canada
Eventbrite - Discover popular events & nearby fun,FAMILY,4.4,63773,8.8M,"5,000,000+",Free,0,Everyone,Entertainment,"July 30, 2018",5.7.2,5.0 and up,Canada
ES File Explorer File Manager,PRODUCTIVITY,4.6,5378795,16M,"100,000,000+",Free,0,Everyone,Productivity,"August 3, 2018",4.1.8.2.2,4.0 and up,United States
Eternium,FAMILY,4.8,1506783,89M,"10,000,000+",Free,0,Teen,Role Playing,"July 18, 2018",1.2.115,4.0 and up,Canada
Firefox Browser fast & private,COMMUNICATION,4.4,3075096,Varies with device,"100,000,000+",Free,0,Everyone,Communication,"July 10, 2018",Varies with device,Varies with device,UNITED KINGDOM
WWE,FAMILY,4.5,736824,20M,"10,000,000+",Free,0,Teen,Entertainment,"January 19, 2018",3.17.2,4.1 and up,Canada
E-cigarette for free,FAMILY,3.6,1354,4.8M,"500,000+",Free,0,Mature 17+,Entertainment,"October 23, 2017",1.0,2.3 and up,Canada
Moto LED for Moto X & E [Root],LIFESTYLE,3.4,4082,318k,"500,000+",Free,0,Everyone,Lifestyle,"October 16, 2014",1.0,4.2 and up,United States
Mobile Security & Antivirus,PRODUCTIVITY,4.7,564759,Varies with device,"10,000,000+",Free,0,Everyone,Productivity,"July 27, 2018",Varies with device,Varies with device,United States
World History Quick e-Book,FAMILY,4.4,1657,4.9M,"100,000+",Free,0,Everyone,Education;Education,"July 17, 2018",1.35,4.1 and up,Canada
Amazon Kindle,BOOKS_AND_REFERENCE,4.2,814151,Varies with device,"100,000,000+",Free,0,Teen,Books & Reference,"July 27, 2018",Varies with device,Varies with device,UNITED KINGDOM
"Evernote – Organizer, Planner for Notes & Memos",PRODUCTIVITY,4.6,1488289,Varies with device,"100,000,000+",Free,0,Everyone,Productivity,"August 3, 2018",Varies with device,Varies with device,United States
Microsoft Edge,COMMUNICATION,4.3,27156,66M,"5,000,000+",Free,0,Everyone,Communication,"July 28, 2018",42.0.0.2059,4.4 and up,UNITED KINGDOM
Microsoft Outlook,PRODUCTIVITY,4.3,3249518,50M,"100,000,000+",Free,0,Everyone,Productivity,"August 2, 2018",2.2.194,4.4 and up,United States
ClassDojo,FAMILY,4.4,148536,59M,"10,000,000+",Free,0,Everyone,Education;Education,"August 3, 2018",4.21.1,4.1 and up,Canada
EX File Explorer File Manager,PRODUCTIVITY,4.0,4660,5.9M,"1,000,000+",Free,0,Everyone,Productivity,"October 6, 2016",1.0,4.0 and up,United States
Aab e Hayat Full Novel,BOOKS_AND_REFERENCE,4.3,1476,41M,"100,000+",Free,0,Everyone,Books & Reference,"February 21, 2017",1.0,3.0 and up,UNITED KINGDOM
EBookDroid - PDF & DJVU Reader,PRODUCTIVITY,4.5,75951,Varies with device,"5,000,000+",Free,0,Everyone,Productivity,"July 8, 2018",Varies with device,Varies with device,United States
Ebook Reader,BOOKS_AND_REFERENCE,4.1,85842,37M,"5,000,000+",Free,0,Everyone,Books & Reference,"June 25, 2018",5.0.6,4.0 and up,UNITED KINGDOM
Gmail,COMMUNICATION,4.3,4604324,Varies with device,"1,000,000,000+",Free,0,Everyone,Communication,"August 2, 2018",Varies with device,Varies with device,UNITED KINGDOM
Aldiko Book Reader,BOOKS_AND_REFERENCE,4.2,210534,22M,"10,000,000+",Free,0,Everyone,Books & Reference,"June 13, 2018",3.0.58,4.0 and up,UNITED KINGDOM
Messenger – Text and Video Chat for Free,COMMUNICATION,4.0,56642847,Varies with device,"1,000,000,000+",Free,0,Everyone,Communication,"August 1, 2018",Varies with device,Varies with device,UNITED KINGDOM
Messenger Lite: Free Calls & Messages,COMMUNICATION,4.4,1429038,Varies with device,"100,000,000+",Free,0,Everyone,Communication,"July 25, 2018",37.0.0.7.163,2.3 and up,UNITED KINGDOM
Offroad Pickup Truck F,FAMILY,4.3,4551,79M,"500,000+",Free,0,Everyone,Simulation,"December 26, 2017",1.0,2.3 and up,Canada
Talking Tom Cat 2,FAMILY,4.3,3213548,55M,"100,000,000+",Free,0,Everyone 10+,Entertainment,"July 25, 2018",5.3.5.16,4.1 and up,Canada
Inputting Plus: Ctrl + Z/F/C/V,PRODUCTIVITY,4.2,1117,3.0M,"50,000+",Free,0,Everyone,Productivity,"October 18, 2017",1.0.6,5.0 and up,United States
CTRL-F - Search the real world,PRODUCTIVITY,4.4,607,37M,"50,000+",Free,0,Everyone,Productivity,"July 24, 2016",1.1,4.0.3 and up,United States
MHD F-Series,AUTO_AND_VEHICLES,4.9,73,23M,"1,000+",Free,0,Everyone,Auto & Vehicles,"June 5, 2018",version 0.994,3.2 and up,United States
LINE: Free Calls & Messages,COMMUNICATION,4.2,10790092,Varies with device,"500,000,000+",Free,0,Everyone,Communication,"July 26, 2018",Varies with device,Varies with device,UNITED KINGDOM
imo beta free calls and text,COMMUNICATION,4.3,659395,11M,"100,000,000+",Free,0,Everyone,Communication,"June 7, 2018",9.8.000000010492,4.0 and up,UNITED KINGDOM
f'east,LIFESTYLE,3.8,38,4.8M,"5,000+",Free,0,Everyone,Lifestyle,"April 17, 2018",2.6.3,4.0 and up,United States
Dumb Ways to Die 2: The Games,FAMILY,4.2,1671658,Varies with device,"50,000,000+",Free,0,Teen,Casual,"July 12, 2018",Varies with device,Varies with device,Canada
Speech Therapy: F,FAMILY,1.0,1,16M,10+,Paid,$2.99,Everyone,Education,"October 7, 2016",1.0,2.3.3 and up,Canada
RPG End of Aspiration F,FAMILY,4.4,20368,31M,"500,000+",Free,0,Teen,Role Playing,"December 15, 2016",3.0.0fr,2.3 and up,Canada
F-Sim Space Shuttle,FAMILY,4.4,5427,Varies with device,"100,000+",Paid,$4.99,Everyone,Simulation,"January 28, 2014",Varies with device,Varies with device,Canada
Norwegian For Kids & Babies F,FAMILY,,0,14M,5+,Paid,$39.99,Everyone,Education,"September 24, 2015",1.0,4.0 and up,Canada
R+F PULSE,BUSINESS,3.4,58,3.0M,"10,000+",Free,0,Everyone,Business,"April 21, 2017",1.0,4.4 and up,United States
R+F PULSE,BUSINESS,3.4,58,3.0M,"10,000+",Free,0,Everyone,Business,"April 21, 2017",1.0,4.4 and up,CANADA
F-Secure Freedome for Business,BUSINESS,3.8,183,9.9M,"50,000+",Free,0,Everyone,Business,"July 16, 2018",2.5.1.7594.psb,4.0.3 and up,United States
F-Secure Freedome for Business,BUSINESS,3.8,183,9.9M,"50,000+",Free,0,Everyone,Business,"July 16, 2018",2.5.1.7594.psb,4.0.3 and up,CANADA
F-Gas Solutions,BUSINESS,4.2,127,1.4M,"10,000+",Free,0,Everyone,Business,"October 7, 2016",2.1.3,4.0 and up,United States
F-Gas Solutions,BUSINESS,4.2,127,1.4M,"10,000+",Free,0,Everyone,Business,"October 7, 2016",2.1.3,4.0 and up,CANADA
Offroad Car G,FAMILY,4.3,64884,37M,"5,000,000+",Free,0,Everyone,Simulation,"July 12, 2016",1,2.3.3 and up,Canada
Hangouts,COMMUNICATION,4.0,3419464,Varies with device,"1,000,000,000+",Free,0,Everyone,Communication,"July 21, 2018",Varies with device,Varies with device,UNITED KINGDOM
G Cloud Backup,PRODUCTIVITY,4.6,267042,Varies with device,"5,000,000+",Free,0,Everyone,Productivity,"April 29, 2018",Varies with device,Varies with device,United States
Offroad G-Class 2018,FAMILY,4.4,7715,28M,"500,000+",Free,0,Everyone,Simulation,"June 29, 2018",1.7,4.1 and up,Canada
G-SHOCK+,LIFESTYLE,3.0,4710,Varies with device,"100,000+",Free,0,Everyone,Lifestyle,"November 1, 2017",Varies with device,Varies with device,United States
Ramfer - CNC Lathe G-code Tool,PRODUCTIVITY,3.4,5,11M,100+,Paid,$2.99,Everyone,Productivity,"September 26, 2016",2,3.2 and up,United States
G-SHOCK Connected,LIFESTYLE,3.0,543,94M,"50,000+",Free,0,Everyone,Lifestyle,"July 2, 2018",1.4.1(0629A),5.0 and up,United States
Google Drive,PRODUCTIVITY,4.4,2728941,Varies with device,"1,000,000,000+",Free,0,Everyone,Productivity,"July 30, 2018",Varies with device,Varies with device,United States
G-Homa,LIFESTYLE,3.1,777,14M,"50,000+",Free,0,Everyone,Lifestyle,"May 4, 2018",3.0.20,4.0 and up,United States
A41 WatchFace for Android Wear Smart Watch,LIFESTYLE,4.5,231,5.7M,"5,000+",Paid,$0.99,Everyone,Lifestyle,"December 24, 2017",7.0.1,4.3 and up,United States
Offroad Car H,FAMILY,4.2,1960,87M,"100,000+",Free,0,Everyone,Simulation,"October 6, 2017",1.4,2.3 and up,Canada
H&M,LIFESTYLE,3.7,41917,14M,"10,000,000+",Free,0,Everyone,Lifestyle,"July 30, 2018",9.6.3,4.4 and up,United States
Guns - Shot Sounds,FAMILY,3.8,29544,10M,"10,000,000+",Free,0,Everyone,Entertainment,"July 25, 2018",3.15,4.0 and up,Canada
H*nest Meditation,LIFESTYLE,4.9,145,48M,"5,000+",Paid,$1.99,Mature 17+,Lifestyle,"April 7, 2016",1.0,4.0.3 and up,United States
Deaf - Hearing chat device H,COMMUNICATION,4.4,9,51k,500+,Paid,$3.99,Everyone,Communication,"February 8, 2017",3.6,2.2 and up,UNITED KINGDOM
صور حرف H,ART_AND_DESIGN,4.4,13,4.5M,"1,000+",Free,0,Everyone,Art & Design,"March 27, 2018",2.0,4.0.3 and up,United States
H!LooK - Dating,DATING,4.2,46,26M,"10,000+",Free,0,Mature 17+,Dating,"July 29, 2018",2.1.6,5.0 and up,CHINA
most expensive app (H),FAMILY,4.3,6,1.5M,100+,Paid,$399.99,Everyone,Entertainment,"July 16, 2018",1.0,7.0 and up,Canada
AntennaPict β,COMMUNICATION,4.3,15439,2.2M,"1,000,000+",Free,0,Everyone,Communication,"November 7, 2016",2.0.0,2.3 and up,UNITED KINGDOM
Elkhart County 4-H Fair,FAMILY,3.9,38,42M,"5,000+",Free,0,Everyone,Entertainment,"April 6, 2018",5055.524.5,4.1 and up,Canada
H TV,FAMILY,4.3,103064,5.6M,"5,000,000+",Free,0,Everyone,Entertainment,"July 5, 2018",4.6.2,2.3.3 and up,Canada
MJX H,FAMILY,3.7,126,13M,"10,000+",Free,0,Everyone,Entertainment,"August 22, 2017",1.0-build20170819,4.1 and up,Canada
Ohio State Fair 4-H,FAMILY,3.0,4,19M,"1,000+",Free,0,Everyone,Entertainment,"February 7, 2018",3.0.1,4.1 and up,Canada
Larry H Miller Automotive,PRODUCTIVITY,3.1,67,8.3M,"10,000+",Free,0,Everyone,Productivity,"July 18, 2018",3.5.3,4.0.3 and up,United States
Talking Ben the Dog,FAMILY,4.3,1633565,57M,"100,000,000+",Free,0,Everyone,Entertainment,"July 3, 2018",3.5.2.2,4.1 and up,Canada
Add-On: Alcatel (h),PRODUCTIVITY,4.5,107,1.2M,"50,000+",Free,0,Everyone,Productivity,"May 19, 2015",10.0.3148,4.0 and up,United States
My Android Device S/W & H/W,FAMILY,4.5,681,2.8M,"50,000+",Free,0,Everyone,Education,"November 20, 2015",1.1,2.3 and up,Canada
ADMIRALTY H-Note,BUSINESS,4.5,176,19M,"10,000+",Free,0,Everyone,Business,"October 25, 2016",2.0,5.0 and up,United States
ADMIRALTY H-Note,BUSINESS,4.5,176,19M,"10,000+",Free,0,Everyone,Business,"October 25, 2016",2.0,5.0 and up,CANADA
Ulysse Speedometer Pro,AUTO_AND_VEHICLES,4.6,4140,Varies with device,"50,000+",Paid,$1.99,Everyone,Auto & Vehicles,"May 13, 2018",Varies with device,Varies with device,United States
Talking Ginger,FAMILY,4.2,1752017,52M,"100,000,000+",Free,0,Everyone,Entertainment,"July 5, 2018",2.5.6.11,4.1 and up,Canada
imo free video calls and chat,COMMUNICATION,4.3,4785892,11M,"500,000,000+",Free,0,Everyone,Communication,"June 8, 2018",9.8.000000010501,4.0 and up,UNITED KINGDOM
I am Nose Doctor -Save my Nose,FAMILY,4.2,3133,34M,"500,000+",Free,0,Everyone,Casual,"January 4, 2016",1.1.1,3.1 and up,Canada
free video calls and chat,COMMUNICATION,4.2,594720,Varies with device,"50,000,000+",Free,0,Everyone,Communication,"July 19, 2018",7.3(800241),4.4 and up,UNITED KINGDOM
What was I in my Past Life,FAMILY,3.7,7453,6.5M,"1,000,000+",Free,0,Everyone,Entertainment,"December 19, 2017",2.1,4.1 and up,Canada
How Old am I?,FAMILY,2.8,4635,3.9M,"1,000,000+",Free,0,Everyone,Entertainment,"January 1, 2018",1.7,4.0 and up,Canada
Where's My Water? Free,FAMILY,4.4,1372013,57M,"100,000,000+",Free,0,Everyone,Puzzle;Brain Games,"November 21, 2017",1.10.0,4.1 and up,Canada
Skype - free IM & video calls,COMMUNICATION,4.1,10484169,Varies with device,"1,000,000,000+",Free,0,Everyone,Communication,"August 3, 2018",Varies with device,Varies with device,UNITED KINGDOM
LINE I Love Coffee,FAMILY,4.0,250257,50M,"5,000,000+",Free,0,Everyone,Simulation,"November 16, 2016",1.1.5,2.3.3 and up,Canada
"Talkatone: Free Texts, Calls & Phone Number",COMMUNICATION,4.1,132015,25M,"10,000,000+",Free,0,Everyone,Communication,"July 18, 2018",6.1,4.2 and up,UNITED KINGDOM
Textgram - write on photos,ART_AND_DESIGN,4.4,295237,Varies with device,"10,000,000+",Free,0,Everyone,Art & Design,"July 30, 2018",Varies with device,Varies with device,United States
I LOVE PASTA,FAMILY,4.0,83875,43M,"1,000,000+",Free,0,Everyone,Simulation,"September 8, 2017",1.6.1,2.3.3 and up,Canada
Talking Tom Cat,FAMILY,4.3,1838090,Varies with device,"100,000,000+",Free,0,Everyone 10+,Casual,"July 27, 2018",Varies with device,4.1 and up,Canada
J-Novel Club,FAMILY,3.3,162,9.0M,"10,000+",Free,0,Teen,Entertainment,"October 22, 2017",1.2,4.1 and up,Canada
Cook Baked Lasagna,FAMILY,4.2,56259,23M,"10,000,000+",Free,0,Everyone,Casual,"March 14, 2018",4.0,4.0 and up,Canada
Tom's Love Letters,FAMILY,4.1,705805,35M,"50,000,000+",Free,0,Everyone,Entertainment,"April 30, 2018",2.3.1.8,4.1 and up,Canada
Cut the Rope FULL FREE,FAMILY,4.4,2122705,49M,"100,000,000+",Free,0,Everyone,Puzzle,"July 5, 2018",3.7.2,4.1 and up,Canada
J-UFO,FAMILY,3.5,339,Varies with device,"100,000+",Free,0,Everyone,Entertainment,"December 12, 2017",Varies with device,4.0.3 and up,Canada
Cut the Rope GOLD,FAMILY,4.6,61264,43M,"1,000,000+",Paid,$0.99,Everyone,Puzzle,"June 19, 2018",3.7.0,4.1 and up,Canada
Turbo FAST,FAMILY,4.3,1329008,97M,"50,000,000+",Free,0,Everyone,Racing;Action & Adventure,"October 4, 2017",2.1.20,2.3.3 and up,Canada
"The Voice, sing and connect",FAMILY,4.1,405824,Varies with device,"10,000,000+",Free,0,Everyone,Entertainment,"August 4, 2018",7.1.1,4.2 and up,Canada
J Alvarej Moji,COMMUNICATION,,2,13M,10+,Paid,$1.99,Everyone,Communication,"May 3, 2017",1.0,3.2 and up,UNITED KINGDOM
Harris J Lyrics,FAMILY,4.7,36,7.1M,"1,000+",Free,0,Everyone,Entertainment,"March 12, 2018",1.3,4.0.3 and up,Canada
J.ME Fly,FAMILY,3.9,28,98M,"1,000+",Free,0,Everyone,Entertainment,"May 31, 2018",0.4.4,4.4 and up,Canada
2048 BTS J Hope KPop Puzzle Game,FAMILY,4.7,17,2.4M,"1,000+",Free,0,Everyone,Puzzle,"September 26, 2017",1,2.3.3 and up,Canada
J. Polep Plus Mobile,PRODUCTIVITY,,0,44M,100+,Free,0,Everyone,Productivity,"March 26, 2018",1.1.4,5.0 and up,United States
J. Cole Albums (2007-2017),FAMILY,4.6,7,7.3M,"1,000+",Free,0,Mature 17+,Entertainment,"April 11, 2018",1.3,4.0.3 and up,Canada
Kik,COMMUNICATION,4.3,2451136,Varies with device,"100,000,000+",Free,0,Teen,Communication,"August 3, 2018",Varies with device,Varies with device,UNITED KINGDOM
K-@ Mail Pro - Email App,COMMUNICATION,4.2,1603,Varies with device,"10,000+",Paid,$4.99,Everyone,Communication,"July 23, 2016",Varies with device,Varies with device,UNITED KINGDOM
K-@ Mail - Email App,COMMUNICATION,4.1,1760,Varies with device,"100,000+",Free,0,Everyone,Communication,"July 23, 2016",Varies with device,Varies with device,UNITED KINGDOM
Sight Words Pre-K to Grade-3,FAMILY,4.4,1185,40M,"100,000+",Free,0,Everyone,Educational;Education,"June 17, 2018",1.5.1,4.1 and up,Canada
Zapzapmath: K-6 Math Games,FAMILY,4.3,1065,61M,"100,000+",Free,0,Everyone,Educational;Education,"May 13, 2018",4.1.10,4.1 and up,Canada
K.MOJI,FAMILY,4.8,16,8.9M,500+,Paid,$1.99,Everyone,Entertainment,"May 9, 2017",1.0,4.2 and up,Canada
Preschool All-In-One,FAMILY,4.1,9019,44M,"1,000,000+",Free,0,Everyone,Casual;Education,"March 28, 2018",6.6,4.0 and up,Canada
OST),FAMILY,3.7,4444,10M,"500,000+",Free,0,Everyone,Entertainment,"July 6, 2018",3.0.12,4.1 and up,Canada
Kpop Music Quiz (K-pop Game),FAMILY,4.2,6418,59M,"100,000+",Free,0,Everyone,Casual,"May 8, 2017",1.3,4.1 and up,Canada
Radio K - KUOM,FAMILY,4.5,39,7.4M,"1,000+",Free,0,Everyone,Entertainment,"March 9, 2018",3.0.57,4.1 and up,Canada
Math Games for Pre-K - Grade 4,FAMILY,4.6,28,23M,"1,000+",Paid,$1.99,Everyone,Education;Education,"January 13, 2014",1.02,2.2 and up,Canada
Fuzzy Numbers: Pre-K Number Foundation,FAMILY,4.7,21,44M,"1,000+",Paid,$5.99,Everyone,Education;Education,"July 21, 2017",1.3,4.1 and up,Canada
KakaoTalk: Free Calls & Text,COMMUNICATION,4.3,2546549,Varies with device,"100,000,000+",Free,0,Everyone,Communication,"August 3, 2018",Varies with device,Varies with device,UNITED KINGDOM
Speech Therapy: K,FAMILY,,2,15M,"1,000+",Free,0,Everyone,Education,"October 7, 2016",1.0,2.3.3 and up,Canada
K-Otic Universe,FAMILY,4.9,55,40M,"1,000+",Free,0,Everyone,Puzzle,"August 3, 2018",108,4.1 and up,Canada
CASE K-12 Math English Science,FAMILY,4.6,60,2.1M,"10,000+",Free,0,Everyone,Education,"May 1, 2016",1.0,2.2 and up,Canada
Mermaid Princess Pre K Games,FAMILY,,19,31M,"5,000+",Free,0,Everyone,Educational;Education,"June 29, 2018",3.01,4.1 and up,Canada
K-App Mitarbeiter Galeria Kaufhof,PRODUCTIVITY,,0,19M,100+,Free,0,Everyone,Productivity,"July 10, 2018",3.27.1,4.4 and up,United States
"Niche: College, K-12, and Neighborhood Search",LIFESTYLE,4.0,42,26M,"5,000+",Free,0,Everyone,Lifestyle,"July 6, 2018",1.0.1,4.4 and up,United States
"K-Spapp, the K-Space app",FAMILY,4.8,39,3.6M,"1,000+",Free,0,Everyone,Education,"February 9, 2017",1.53,4.0.3 and up,Canada
"Math Quiz Free: Grades K,1,2,3",FAMILY,4.3,159,13M,"10,000+",Free,0,Everyone,Education;Education,"February 3, 2015",1.0,4.0 and up,Canada
K-9 Material (unofficial),COMMUNICATION,4.4,64,4.5M,"5,000+",Free,0,Teen,Communication,"March 27, 2017",5.206,5.0 and up,UNITED KINGDOM
Discovery K!ds Play! Español,FAMILY,4.2,11263,35M,"1,000,000+",Free,0,Everyone,Entertainment;Music & Video,"May 3, 2018",2.1.0.2173,4.0.3 and up,Canada
Anna.K Tarot,FAMILY,4.8,17,23M,100+,Paid,$3.99,Mature 17+,Entertainment,"January 16, 2017",1.4.4,4.0.3 and up,Canada
K-pop Music,FAMILY,4.0,369,3.5M,"10,000+",Free,0,Everyone,Entertainment,"January 11, 2017",2.0.0,2.3 and up,Canada
Daily K-Talk,FAMILY,4.3,264,60M,"10,000+",Free,0,Everyone,Education,"July 31, 2018",v8[1.0.10],2.3 and up,Canada
"L.POINT - 엘포인트 [ 포인트, 멤버십, 적립, 사용, 모바일 카드, 쿠폰, 롯데]",LIFESTYLE,4.0,45224,49M,"5,000,000+",Free,0,Everyone,Lifestyle,"August 1, 2018",6.5.1,4.1 and up,United States
Love Balls,FAMILY,4.2,357049,40M,"50,000,000+",Free,0,Everyone,Puzzle,"July 31, 2018",1.2.7,4.1 and up,Canada
SpongeBob Diner Dash,FAMILY,4.0,576210,48M,"50,000,000+",Free,0,Everyone,Casual,"August 22, 2013",3.25.3,2.3.3 and up,Canada
Tom Loves Angela,FAMILY,4.1,1111915,50M,"100,000,000+",Free,0,Everyone,Entertainment,"April 30, 2018",2.2.1.3,4.1 and up,Canada
EXO-L,FAMILY,4.6,67410,865k,"1,000,000+",Free,0,Everyone,Entertainment,"November 2, 2017",1.0.9,2.2 and up,Canada
Lie Detector,FAMILY,3.1,306,2.9M,"50,000+",Free,0,Everyone,Simulation,"April 4, 2017",1.2.1,4.0.3 and up,Canada
Calculator L,PRODUCTIVITY,4.5,2965,2.4M,"100,000+",Free,0,Everyone,Productivity,"May 10, 2015",1.1.3,4.3 and up,United States
My Teacher - Classroom Play,FAMILY,4.0,155276,61M,"10,000,000+",Free,0,Everyone,Role Playing;Pretend Play,"June 18, 2018",1.1.0,4.1 and up,Canada
Emoji Android L Keyboard,PRODUCTIVITY,4.0,11535,6.8M,"1,000,000+",Free,0,Everyone,Productivity,"December 7, 2017",1.42,4.0 and up,United States
French to English Speaking - Apprendre l' Anglais,FAMILY,4.5,4251,13M,"1,000,000+",Free,0,Everyone,Education,"April 27, 2018",23.0,4.0.3 and up,Canada
Lie Detector Test Prank,FAMILY,4.4,222308,6.9M,"10,000,000+",Free,0,Everyone,Entertainment,"July 31, 2018",3.0.2,4.4 and up,Canada
Xbox,FAMILY,4.3,556659,46M,"10,000,000+",Free,0,Everyone,Entertainment,"June 20, 2018",1805.0618.1637,4.1 and up,Canada
Je Parle ANGLAIS - Apprendre l’anglais Audio cours,FAMILY,4.4,499,27M,"100,000+",Free,0,Everyone,Education,"March 13, 2018",2.4,4.0.3 and up,Canada
"Mobizen Screen Recorder - Record, Capture, Edit",PRODUCTIVITY,4.3,1827212,Varies with device,"50,000,000+",Free,0,Everyone,Productivity,"July 31, 2018",3.6.0.28,4.4 and up,United States
Minecraft,FAMILY,4.5,2375336,Varies with device,"10,000,000+",Paid,$6.99,Everyone 10+,Arcade;Action & Adventure,"July 24, 2018",1.5.2.1,Varies with device,Canada
MapleStory M,FAMILY,3.5,31538,82M,"1,000,000+",Free,0,Everyone 10+,Role Playing,"July 24, 2018",1.2703.273,4.4 and up,Canada
M-Files,BUSINESS,4.4,236,44M,"10,000+",Free,0,Everyone,Business,"June 26, 2018",3.1.1,4.4 and up,United States
M-Files,BUSINESS,4.4,236,44M,"10,000+",Free,0,Everyone,Business,"June 26, 2018",3.1.1,4.4 and up,CANADA
MEGA,PRODUCTIVITY,4.0,549214,Varies with device,"50,000,000+",Free,0,Everyone,Productivity,"July 4, 2018",Varies with device,Varies with device,United States
m>notes notepad,PRODUCTIVITY,4.3,184,Varies with device,"1,000+",Paid,$2.99,Everyone,Productivity,"December 4, 2015",Varies with device,2.2 and up,United States
💎 I'm rich,LIFESTYLE,3.8,718,26M,"10,000+",Paid,$399.99,Everyone,Lifestyle,"March 11, 2018",1.0.0,4.4 and up,United States
M star Dialer,COMMUNICATION,3.5,400,4.2M,"100,000+",Free,0,Everyone,Communication,"March 20, 2017",3.8.8,2.2 and up,UNITED KINGDOM
I'm Rich - Trump Edition,LIFESTYLE,3.6,275,7.3M,"10,000+",Paid,$400.00,Everyone,Lifestyle,"May 3, 2018",1.0.1,4.1 and up,United States
Free WiFi Connect,COMMUNICATION,3.9,167229,9.7M,"10,000,000+",Free,0,Everyone,Communication,"March 31, 2018",8.1,4.1 and up,UNITED KINGDOM
m:go BiH,COMMUNICATION,3.2,559,6.0M,"10,000+",Free,0,Everyone,Communication,"July 25, 2018",3.4,3.0 and up,UNITED KINGDOM
m.ride - your motorcycle app,AUTO_AND_VEHICLES,4.5,189,16M,"10,000+",Free,0,Everyone,Auto & Vehicles,"July 3, 2018",1.1.6,6.0 and up,United States
Dino in City-Dinosaur N Police,FAMILY,3.7,10035,30M,"1,000,000+",Free,0,Teen,Simulation,"May 23, 2018",2.07,4.1 and up,Canada
Hands 'n Guns Simulator,FAMILY,3.9,19727,76M,"1,000,000+",Free,0,Teen,Simulation,"July 3, 2018",32,4.1 and up,Canada
Cook'n Recipe App,LIFESTYLE,3.4,552,22M,"10,000+",Free,0,Everyone,Lifestyle,"August 2, 2018",3.0.4,4.4 and up,United States
Tap N Pay,PRODUCTIVITY,4.4,253,8.2M,"10,000+",Free,0,Everyone,Productivity,"July 31, 2018",0.1.22,4.1 and up,United States
N-Com Wizard,COMMUNICATION,3.3,960,3.8M,"50,000+",Free,0,Everyone,Communication,"September 21, 2017",2.1.2,2.3.3 and up,UNITED KINGDOM
Dual N-Back - Brain game,FAMILY,4.3,817,28M,"100,000+",Free,0,Everyone,Educational,"May 25, 2018",2.4.2,4.1 and up,Canada
N Files - File Manager & Explorer,PRODUCTIVITY,4.3,369,11M,"10,000+",Free,0,Everyone,Productivity,"July 18, 2018",2.9.5,4.1 and up,United States
Guns'n'Glory Zombies Premium,FAMILY,4.1,313,34M,"5,000+",Paid,$2.99,Everyone 10+,Strategy,"July 15, 2016",1.1.5,2.3.3 and up,Canada
Guns'n'Glory Premium,FAMILY,4.4,3570,21M,"100,000+",Paid,$2.99,Everyone 10+,Strategy,"September 22, 2017",1.8.1,2.3.3 and up,Canada
Madagascar Surf n' Slides Free,FAMILY,3.8,48929,45M,"5,000,000+",Free,0,Everyone,Educational;Education,"September 8, 2017",1.5.0,4.0 and up,Canada
Guns'n'Glory,FAMILY,4.4,89947,22M,"5,000,000+",Free,0,Everyone 10+,Strategy,"February 9, 2018",1.8.2,4.0 and up,Canada
Read Unlimitedly! Kids'n Books,FAMILY,3.8,7462,31M,"1,000,000+",Free,0,Everyone,Education;Music & Video,"February 16, 2018",3.42,2.3 and up,Canada
Fantastic Chefs: Match 'n Cook,FAMILY,4.7,8600,91M,"500,000+",Free,0,Everyone,Puzzle,"July 27, 2018",1.0.7,4.0.3 and up,Canada
Guns'n'Glory Heroes Premium,FAMILY,4.3,923,Varies with device,"10,000+",Paid,$2.99,Everyone,Strategy,"November 9, 2017",Varies with device,Varies with device,Canada
Eat'n Park,LIFESTYLE,3.5,292,20M,"50,000+",Free,0,Everyone,Lifestyle,"December 18, 2017",3.1.3,4.0 and up,United States
Car Parking Crane N Drifting,FAMILY,4.2,106,71M,"50,000+",Free,0,Everyone,Simulation,"February 26, 2018",1.8,4.0.3 and up,Canada
Age of Conquest: N. America,FAMILY,4.5,659,3.3M,"10,000+",Paid,$3.99,Everyone,Strategy,"August 4, 2018",1.0.28,1.5 and up,Canada
Guns'n'Glory WW2 Premium,FAMILY,4.5,4656,20M,"100,000+",Paid,$2.99,Everyone 10+,Strategy,"December 8, 2017",1.4.11,4.0 and up,Canada
Cook 'n Learn Smart Kitchen,FAMILY,3.5,205,62M,"50,000+",Free,0,Everyone,Educational;Education,"March 6, 2017",1.0.4,4.3 and up,Canada
N-Back,FAMILY,4.1,413,930k,"10,000+",Free,0,Everyone,Puzzle,"February 15, 2016",1.6,2.1 and up,Canada
Knights N Squires,FAMILY,4.4,148826,49M,"1,000,000+",Free,0,Teen,Role Playing,"June 19, 2018",1.4.9,4.0.3 and up,Canada
Opera Mini - fast web browser,COMMUNICATION,4.5,5150801,Varies with device,"100,000,000+",Free,0,Everyone,Communication,"July 19, 2018",Varies with device,Varies with device,UNITED KINGDOM
Opera Browser: Fast and Secure,COMMUNICATION,4.4,2473795,Varies with device,"100,000,000+",Free,0,Everyone,Communication,"July 31, 2018",47.1.2249.129326,Varies with device,UNITED KINGDOM
The Noise-O-Meter,FAMILY,4.0,1699,72M,"100,000+",Free,0,Everyone,Entertainment;Music & Video,"October 18, 2017",1.0.1.24,4.3 and up,Canada
Opera Mini browser beta,COMMUNICATION,4.4,401530,Varies with device,"10,000,000+",Free,0,Everyone,Communication,"August 3, 2018",Varies with device,Varies with device,UNITED KINGDOM
Stand O’Food® (Full),FAMILY,4.4,925,40M,"10,000+",Paid,$1.99,Everyone,Casual,"December 26, 2014",1.5,2.3.3 and up,Canada
WiFi-o-Matic,PRODUCTIVITY,4.0,736,6.8M,"50,000+",Free,0,Everyone,Productivity,"February 1, 2018",1.80.03,4.1 and up,United States
Detect-O-Gromit (D.O.G 2),FAMILY,3.8,45,47M,"10,000+",Paid,$2.49,Everyone,Entertainment,"July 16, 2018",1.2,5.0 and up,Canada
Multiling O Keyboard + emoji,PRODUCTIVITY,4.3,30443,540k,"1,000,000+",Free,0,Everyone,Productivity,"July 3, 2018",0.54.2.4,2.1 and up,United States
Google I/O 2018,BOOKS_AND_REFERENCE,4.3,22401,4.6M,"500,000+",Free,0,Everyone,Books & Reference,"May 7, 2018",6.1.2,5.0 and up,UNITED KINGDOM
Band O'Clock,LIFESTYLE,3.8,1140,746k,"100,000+",Free,0,Everyone,Lifestyle,"December 3, 2011",0.11,2.1 and up,United States
O-Star,DATING,4.4,59,38M,"5,000+",Free,0,Everyone,Dating,"July 19, 2018",1.0.1,4.3 and up,CHINA
O-Level Past Papers & Solution (up to 2017),FAMILY,3.8,589,28M,"100,000+",Free,0,Everyone,Education,"June 11, 2018",8.3.2,4.0.3 and up,Canada
Psiphon Pro - The Internet Freedom VPN,COMMUNICATION,4.3,298041,Varies with device,"10,000,000+",Free,0,Everyone,Communication,"July 3, 2018",Varies with device,Varies with device,UNITED KINGDOM
pretty Easy privacy p≡p,COMMUNICATION,3.7,21,20M,500+,Paid,$0.99,Everyone,Communication,"July 30, 2018",1.0.100rc1.withoutKeysync,5.0 and up,UNITED KINGDOM
P Icon Pack,FAMILY,,0,21M,10+,Paid,$0.99,Everyone,Entertainment,"July 16, 2018",1.0.6,4.0.3 and up,Canada
Fossil Q,LIFESTYLE,2.9,6627,18M,"500,000+",Free,0,Everyone,Lifestyle,"August 1, 2018",2.5.1,4.4 and up,United States
Q,FAMILY,4.2,69126,60M,"1,000,000+",Free,0,Everyone,Puzzle,"April 19, 2018",2.9.4,4.0 and up,Canada
"Official QR Code® Reader ""Q""",PRODUCTIVITY,4.4,3031,Varies with device,"500,000+",Free,0,Everyone,Productivity,"March 23, 2018",Varies with device,Varies with device,United States
Q MINDshare Mobile,BUSINESS,3.4,24,Varies with device,"10,000+",Free,0,Everyone,Business,"April 2, 2018",Varies with device,Varies with device,United States
Q MINDshare Mobile,BUSINESS,3.4,24,Varies with device,"10,000+",Free,0,Everyone,Business,"April 2, 2018",Varies with device,Varies with device,CANADA
Fossil Q Legacy,LIFESTYLE,2.6,680,60M,"50,000+",Free,0,Everyone,Lifestyle,"September 19, 2017",1.0.1,4.4 and up,United States
Offroad Car Q,FAMILY,4.1,24668,40M,"1,000,000+",Free,0,Everyone,Simulation,"August 4, 2016",1.0.2,2.3.3 and up,Canada
FaceQ,FAMILY,4.4,591411,19M,"10,000,000+",Free,0,Teen,Entertainment,"May 16, 2017",3.4.1,3.0 and up,Canada
Q Actions - Digital Assistant,PRODUCTIVITY,,0,Varies with device,500+,Free,0,Everyone,Productivity,"July 20, 2018",Varies with device,Varies with device,United States
Q Link Wireless Zone,PRODUCTIVITY,4.0,2194,17M,"500,000+",Free,0,Everyone,Productivity,"March 8, 2018",2.0.4,4.4 and up,United States
Q Avatar (Avatar Maker),COMICS,4.4,2012,3.6M,"100,000+",Free,0,Everyone,Comics,"March 4, 2017",1.3.5,2.3 and up,AUSTRALIA
Q downloader : download your social media videos,FAMILY,4.1,41,4.5M,"1,000+",Free,0,Everyone,Entertainment,"June 21, 2018",1.1.2.1,4.0.3 and up,Canada
Q Avatar Pro,FAMILY,4.8,4,3.6M,100+,Paid,$1.49,Teen,Entertainment,"March 4, 2017",1.3.5,2.3 and up,Canada
Q Wunder,FAMILY,3.8,156,43M,"10,000+",Free,0,Everyone,Education;Education,"June 30, 2018",2.0.13,4.1 and up,Canada
ICQ — Video Calls & Chat Messenger,COMMUNICATION,4.4,697939,Varies with device,"10,000,000+",Free,0,Everyone,Communication,"July 18, 2018",7.3(823181),4.4 and up,UNITED KINGDOM
Q Operator,BUSINESS,4.6,60,Varies with device,"1,000+",Free,0,Everyone,Business,"November 8, 2016",1.10.4,4.3 and up,United States
Q Operator,BUSINESS,4.6,60,Varies with device,"1,000+",Free,0,Everyone,Business,"November 8, 2016",1.10.4,4.3 and up,CANADA
Q Quiz SK,FAMILY,3.9,159,39M,"5,000+",Free,0,Everyone,Education,"December 8, 2015",2.3,2.3 and up,Canada
ROBLOX,FAMILY,4.5,4443407,67M,"100,000,000+",Free,0,Everyone 10+,Adventure;Action & Adventure,"July 31, 2018",2.347.225742,4.1 and up,Canada
"DataCamp - Learn R, Python & SQL",FAMILY,4.4,944,12M,"100,000+",Free,0,Everyone,Education,"August 1, 2018",3.1.0,4.1 and up,Canada
R Language Reference Guide,BOOKS_AND_REFERENCE,3.9,54,2.8M,"10,000+",Free,0,Everyone,Books & Reference,"December 24, 2017",1.11,4.0 and up,UNITED KINGDOM
Run R Script - Online Statistical Data Analysis,FAMILY,3.9,8,6.2M,"1,000+",Free,0,Everyone,Education,"April 4, 2018",1.1 Build 226,2.2 and up,Canada
R Programming Language,FAMILY,3.8,39,2.9M,"1,000+",Free,0,Everyone,Education,"December 21, 2017",1.0,4.2 and up,Canada
R Programming,FAMILY,,2,5.9M,"1,000+",Free,0,Everyone,Education,"November 21, 2017",1.0,4.0.3 and up,Canada
R. Physics Puzzle Game,FAMILY,4.2,5369,60M,"500,000+",Free,0,Everyone,Puzzle,"April 19, 2018",1.0.16,4.3 and up,Canada
R Instructor,FAMILY,4.1,135,4.9M,"1,000+",Paid,$4.84,Everyone,Education,"February 21, 2014",2.03,3.0 and up,Canada
GT-R R35 Drift Simulator,FAMILY,4.4,1852,62M,"100,000+",Free,0,Everyone,Simulation,"October 31, 2017",1.0,2.3 and up,Canada
Offroad Pickup Truck R,FAMILY,4.4,6367,96M,"1,000,000+",Free,0,Everyone,Simulation,"July 14, 2017",1.4,2.3 and up,Canada
Learn R Programming Full,BOOKS_AND_REFERENCE,,11,9.2M,"5,000+",Free,0,Everyone,Books & Reference,"January 30, 2018",1.5,5.0 and up,UNITED KINGDOM
R Programming Tutorial,FAMILY,,5,2.8M,"1,000+",Free,0,Everyone,Education,"May 14, 2017",1.0,4.0.3 and up,Canada
R Programing Offline Tutorial,BOOKS_AND_REFERENCE,5.0,4,3.9M,"1,000+",Free,0,Everyone,Books & Reference,"March 15, 2018",1.0.0,4.1 and up,UNITED KINGDOM
Learn R Language Easy Way,FAMILY,4.1,17,2.2M,"10,000+",Free,0,Everyone,Education,"September 24, 2017",1.22,4.0.3 and up,Canada
Guide for R Programming,BOOKS_AND_REFERENCE,,0,3.7M,5+,Free,0,Everyone,Books & Reference,"May 25, 2018",1.0.0,4.1 and up,UNITED KINGDOM
R Programming Solution,FAMILY,3.9,169,7.7M,"10,000+",Free,0,Everyone,Education,"June 20, 2016",1.0.3,4.0 and up,Canada
Learn R - Programming Concepts,FAMILY,3.5,6,2.9M,"1,000+",Free,0,Everyone,Education,"April 25, 2017",1.0.1,4.0.3 and up,Canada
Learn R Programming,BOOKS_AND_REFERENCE,,0,29M,10+,Free,0,Everyone,Books & Reference,"April 28, 2018",1.0,4.1 and up,UNITED KINGDOM
Car Parking Nissan GT-R R35 Simulator,FAMILY,3.2,513,34M,"100,000+",Free,0,Everyone,Simulation,"December 5, 2017",1.0,4.0 and up,Canada
R Quick Reference Big Data,BOOKS_AND_REFERENCE,,6,3.6M,"1,000+",Free,0,Everyone,Books & Reference,"May 29, 2017",1.2,2.3 and up,UNITED KINGDOM
Learn R Programming Free EBook,FAMILY,,1,5.7M,50+,Free,0,Everyone,Education,"March 23, 2018",1.0.0,4.0 and up,Canada
RMEduS - 음성인식을 활용한 R 프로그래밍 실습 시스템,FAMILY,,4,64M,1+,Free,0,Everyone,Education,"July 17, 2018",1.0.1,4.4 and up,Canada
R Programming Language (Paperset 2) MCQ Quiz,FAMILY,,0,3.4M,10+,Free,0,Everyone,Education,"March 19, 2018",1.0,4.0.3 and up,Canada
R-net for Android,PRODUCTIVITY,3.3,48,58k,"5,000+",Free,0,Everyone,Productivity,"August 7, 2013",1.0,3.1 and up,United States
Day R Premium,FAMILY,4.8,51068,57M,"100,000+",Paid,$4.99,Teen,Role Playing,"June 21, 2018",1.574,4.0.3 and up,Canada
Elemental Knights R Platinum,FAMILY,3.8,2925,93M,"50,000+",Paid,$4.77,Teen,Role Playing,"August 1, 2018",6.2.1,4.1 and up,Canada
Wonder5 Masters R,FAMILY,4.1,1655,83M,"100,000+",Free,0,Everyone,Role Playing,"August 2, 2018",1.1.52,4.3 and up,Canada
Mat|r viewer,PRODUCTIVITY,,5,28M,100+,Free,0,Everyone,Productivity,"July 27, 2018",1.0.5,5.0 and up,United States
R. Lee Ermey's Official Sound,FAMILY,4.2,1696,2.7M,"100,000+",Free,0,Mature 17+,Entertainment,"September 19, 2012",1.4,2.1 and up,Canada
Tutorials for R Programming Offline,FAMILY,,2,4.4M,500+,Free,0,Everyone,Education,"December 4, 2017",1.0,4.0 and up,Canada
R Programming Language (Paperset 1) MCQ Quiz,FAMILY,,1,3.4M,10+,Free,0,Everyone,Education,"March 19, 2018",1.0,4.0.3 and up,Canada
Offroad Pickup Truck S,FAMILY,4.2,5178,20M,"1,000,000+",Free,0,Everyone,Simulation,"October 10, 2017",1.7,2.3 and up,Canada
Type S LED,LIFESTYLE,3.5,628,Varies with device,"100,000+",Free,0,Everyone,Lifestyle,"August 14, 2017",Varies with device,4.3 and up,United States
S Note,PRODUCTIVITY,4.1,12435,31M,"10,000,000+",Free,0,Everyone,Productivity,"September 26, 2017",Varies with device,6.0 and up,United States
S’more - Earn Cash Rewards,PRODUCTIVITY,4.1,15097,14M,"1,000,000+",Free,0,Everyone,Productivity,"July 23, 2018",1.6.0,4.2 and up,United States
Five Nights at Freddy's 2 Demo,FAMILY,4.3,1503544,40M,"50,000,000+",Free,0,Teen,Strategy,"November 15, 2014",1.07,2.3 and up,Canada
SH Script Runner,PRODUCTIVITY,3.9,334,3.7M,"50,000+",Free,0,Everyone,Productivity,"January 2, 2018",1.07,4.1 and up,United States
City Taxi Driver sim 2016: Cab simulator Game-s,FAMILY,4.1,16111,57M,"1,000,000+",Free,0,Everyone,Simulation,"June 12, 2018",1.11,4.1 and up,Canada
Tinder,LIFESTYLE,4.0,2789775,68M,"100,000,000+",Free,0,Mature 17+,Lifestyle,"August 2, 2018",9.5.0,4.4 and up,United States
Twitch: Livestream Multiplayer Games & Esports,FAMILY,4.6,2133047,Varies with device,"50,000,000+",Free,0,Teen,Entertainment,"July 31, 2018",Varies with device,Varies with device,Canada
Telegram,COMMUNICATION,4.4,3128611,Varies with device,"100,000,000+",Free,0,Mature 17+,Communication,"July 27, 2018",Varies with device,Varies with device,UNITED KINGDOM
myAT&T,PRODUCTIVITY,3.7,80816,Varies with device,"50,000,000+",Free,0,Everyone,Productivity,"July 18, 2018",Varies with device,5.0 and up,United States
AT&T U-verse,FAMILY,3.7,38606,96M,"1,000,000+",Free,0,Everyone,Entertainment,"June 13, 2018",5.9.0.0031,4.1 and up,Canada
AT&T Messages for Tablet,COMMUNICATION,3.3,3044,Varies with device,"1,000,000+",Free,0,Everyone,Communication,"April 3, 2017",Varies with device,Varies with device,UNITED KINGDOM
T Uploader,FAMILY,4.1,75,2.2M,"10,000+",Free,0,Everyone,Education,"November 24, 2017",0.1.5,4.0 and up,Canada
T-Mobile DIGITS,COMMUNICATION,3.0,1820,33M,"100,000+",Free,0,Everyone,Communication,"February 15, 2018",1.1.50,4.4 and up,UNITED KINGDOM
AT&T Digital Life,LIFESTYLE,4.1,10067,Varies with device,"1,000,000+",Free,0,Everyone,Lifestyle,"December 7, 2017",Varies with device,4.3 and up,United States
DIRECTV Remote App,FAMILY,3.0,480,19M,"1,000,000+",Free,0,Everyone,Entertainment,"August 31, 2017",2.40,6.0 and up,Canada
AT&T Smart Limits℠,LIFESTYLE,3.8,2300,Varies with device,"10,000,000+",Free,0,Everyone,Lifestyle,"March 7, 2017",Varies with device,Varies with device,United States
T-Mobile Tuesdays,LIFESTYLE,4.0,53144,21M,"5,000,000+",Free,0,Everyone,Lifestyle,"July 13, 2018",4.8.0,5.0 and up,United States
"Truecaller: Caller ID, SMS spam blocking & Dialer",COMMUNICATION,4.5,7820775,Varies with device,"100,000,000+",Free,0,Everyone,Communication,"August 1, 2018",Varies with device,Varies with device,UNITED KINGDOM
AT&T Mobile Transfer,PRODUCTIVITY,4.6,22775,26M,"10,000,000+",Free,0,Everyone,Productivity,"July 31, 2018",3.8.2,4.4 and up,United States
T-Mobile Content Transfer,PRODUCTIVITY,4.1,370,29M,"500,000+",Free,0,Everyone,Productivity,"January 25, 2018",2.1.5,4.0 and up,United States
Portable Wi-Fi hotspot,COMMUNICATION,3.9,138129,2.1M,"10,000,000+",Free,0,Everyone,Communication,"May 6, 2018",1.5.2.4-23,2.3 and up,UNITED KINGDOM
Showtime Anytime,FAMILY,3.7,18522,Varies with device,"1,000,000+",Free,0,Teen,Entertainment,"July 2, 2018",Varies with device,Varies with device,Canada
AT&T Call Protect,COMMUNICATION,4.2,6454,15M,"5,000,000+",Free,0,Everyone,Communication,"May 3, 2018",1.5.13-3598,5.0 and up,UNITED KINGDOM
"Please, Don't Touch Anything",FAMILY,4.4,1771,46M,"10,000+",Paid,$4.99,Teen,Puzzle,"April 20, 2016",1.1.0,2.3 and up,Canada
Please Don't Touch Anything 3D,FAMILY,4.2,146,20M,"5,000+",Paid,$5.99,Teen,Puzzle,"December 7, 2016",1.1,4.4 and up,Canada
Don't Panic with Andrew J.,BOOKS_AND_REFERENCE,4.5,124,Varies with device,"5,000+",Paid,$2.99,Everyone,Books & Reference,"August 25, 2015",Varies with device,Varies with device,UNITED KINGDOM
Jurassic Life: T Rex Simulator,FAMILY,4.2,1088,35M,"10,000+",Paid,$0.99,Everyone 10+,Simulation,"August 19, 2014",1.2,2.0.1 and up,Canada
T-Mobile SyncUP DRIVE,AUTO_AND_VEHICLES,4.0,1981,18M,"100,000+",Free,0,Everyone,Auto & Vehicles,"August 1, 2018",2.15.1.4,5.0 and up,United States
T-shirt design - Snaptee,LIFESTYLE,4.2,29756,45M,"1,000,000+",Free,0,Everyone,Lifestyle,"July 19, 2018",1.1.6.1,4.1 and up,United States
Můj T-Mobile Business,PRODUCTIVITY,3.7,10490,5.8M,"1,000,000+",Free,0,Everyone,Productivity,"July 24, 2018",3.1.7,4.1 and up,United States
"U - Webinars, Meetings & Messenger",COMMUNICATION,4.1,6601,31M,"500,000+",Free,0,Everyone,Communication,"July 2, 2018",4.7.0,4.1 and up,UNITED KINGDOM
Hollywood U: Rising Stars,FAMILY,4.2,233588,74M,"5,000,000+",Free,0,Teen,Simulation,"April 21, 2017",3.8.0,4.0.3 and up,Canada
U-Dictionary: Best English Learning Dictionary,FAMILY,4.5,166886,21M,"10,000,000+",Free,0,Everyone 10+,Education,"July 29, 2018",3.6.2,4.0.3 and up,Canada
UC Browser Mini -Tiny Fast Private & Secure,COMMUNICATION,4.4,3648765,3.3M,"100,000,000+",Free,0,Teen,Communication,"July 18, 2018",11.4.0,4.0 and up,UNITED KINGDOM
ENCHANT U,FAMILY,4.3,83977,11M,"500,000+",Free,0,Everyone,Casual,"November 8, 2012",1.2.2,2.1 and up,Canada
/u/app,COMMUNICATION,4.7,573,53M,"10,000+",Free,0,Mature 17+,Communication,"July 3, 2018",4.2.4,4.1 and up,UNITED KINGDOM
Kicker U,LIFESTYLE,4.1,124,37M,"5,000+",Paid,$3.99,Everyone,Lifestyle,"June 13, 2018",3.04,4.0.3 and up,United States
Kicker U Lite,LIFESTYLE,4.1,438,26M,"50,000+",Free,0,Everyone,Lifestyle,"September 27, 2013",2.0.0,2.1 and up,United States
Channel U,FAMILY,4.6,34,14M,"1,000+",Free,0,Everyone,Entertainment,"May 21, 2018",1.3,4.1 and up,Canada
U Pull It Auto Dismantler,BUSINESS,3.1,71,1.9M,"10,000+",Free,0,Everyone,Business,"May 14, 2013",1.0,1.6 and up,United States
U Pull It Auto Dismantler,BUSINESS,3.1,71,1.9M,"10,000+",Free,0,Everyone,Business,"May 14, 2013",1.0,1.6 and up,CANADA
Wii U Simulator,FAMILY,3.4,1178,38M,"100,000+",Free,0,Everyone 10+,Simulation,"April 8, 2018",1.0.1,5.0 and up,Canada
DRC Sim - Wii U Gamepad,FAMILY,2.4,210,4.0M,"10,000+",Free,0,Everyone,Casual,"June 25, 2017",2.0,2.3 and up,Canada
[verify-U] VideoIdent,COMMUNICATION,2.9,83,13M,"10,000+",Free,0,Everyone,Communication,"April 26, 2018",2.4.0,5.0 and up,UNITED KINGDOM
U Assist - Screen Mirroring & Sharing App,PRODUCTIVITY,4.0,198,3.5M,"50,000+",Free,0,Everyone,Productivity,"January 26, 2017",2.0.16,2.3 and up,United States
U+Box,PRODUCTIVITY,3.8,24517,22M,"10,000,000+",Free,0,Everyone,Productivity,"May 23, 2018",4.2.17,5.0 and up,United States
Wi u Emulator,FAMILY,2.4,468,7.2M,"10,000+",Free,0,Everyone,Entertainment,"March 3, 2018",0.0.1,4.1 and up,Canada
U-Craft Mobile,FAMILY,4.2,11404,30M,"100,000+",Free,0,Everyone,Strategy,"September 11, 2017",1.0.14,4.0.3 and up,Canada
Alarmy (Sleep If U Can) - Pro,LIFESTYLE,4.8,10249,Varies with device,"10,000+",Paid,$2.49,Everyone,Lifestyle,"July 30, 2018",Varies with device,Varies with device,United States
U-Disco,FAMILY,3.6,906,196k,"100,000+",Free,0,Everyone,Entertainment,"February 5, 2014",1.7.3,2.3 and up,Canada
SAY-U,FAMILY,3.2,1011,Varies with device,"100,000+",Free,0,Teen,Entertainment,"July 13, 2018",Varies with device,4.1 and up,Canada
Be U Salons Hair-Beauty Deals In Delhi & Bangalore,LIFESTYLE,4.0,889,16M,"100,000+",Free,0,Everyone,Lifestyle,"August 2, 2018",1.1.4.38,4.2 and up,United States
Pocket U ASW,FAMILY,3.9,93,28M,"10,000+",Free,0,Everyone,Education,"July 25, 2018",3.0.6,4.2 and up,Canada
V LIVE - Star Live App,FAMILY,4.4,397147,Varies with device,"10,000,000+",Free,0,Teen,Entertainment,"August 2, 2018",Varies with device,Varies with device,Canada
V Made,BOOKS_AND_REFERENCE,4.3,241,20M,"100,000+",Free,0,Everyone,Books & Reference,"February 13, 2018",1.0,4.0.3 and up,UNITED KINGDOM
Grand Theft Auto V: The Manual,FAMILY,4.1,182103,6.9M,"5,000,000+",Free,0,Teen,Entertainment,"July 31, 2018",5.0.12,3.0 and up,Canada
Viber Messenger,COMMUNICATION,4.3,11335481,Varies with device,"500,000,000+",Free,0,Everyone,Communication,"July 18, 2018",Varies with device,Varies with device,UNITED KINGDOM
Vimeo,FAMILY,3.9,85578,Varies with device,"10,000,000+",Free,0,Teen,Entertainment,"August 1, 2018",Varies with device,Varies with device,Canada
"Vault-Hide SMS,Pics & Videos,App Lock,Cloud backup",BUSINESS,4.5,984451,Varies with device,"50,000,000+",Free,0,Everyone,Business,"August 2, 2018",Varies with device,Varies with device,United States
"Vault-Hide SMS,Pics & Videos,App Lock,Cloud backup",BUSINESS,4.5,984451,Varies with device,"50,000,000+",Free,0,Everyone,Business,"August 2, 2018",Varies with device,Varies with device,CANADA
V-CUBE Seminar Mobile,BUSINESS,4.3,542,30M,"100,000+",Free,0,Everyone,Business,"April 17, 2018",1.23.0,4.0 and up,United States
V-CUBE Seminar Mobile,BUSINESS,4.3,542,30M,"100,000+",Free,0,Everyone,Business,"April 17, 2018",1.23.0,4.0 and up,CANADA
Mod GTA V for MCPE,FAMILY,3.3,4288,10M,"500,000+",Free,0,Everyone,Entertainment,"April 23, 2018",1.2.3.4.5,4.0.3 and up,Canada
The Grand Bike V,FAMILY,3.8,3478,95M,"1,000,000+",Free,0,Everyone,Simulation,"February 24, 2018",4.0,4.1 and up,Canada
FINAL FANTASY V,FAMILY,4.5,15924,4.2M,"100,000+",Paid,$7.99,Teen,Role Playing,"March 15, 2017",1.2.1,4.0 and up,Canada
FORD V SERIES CALC - NO LIMIT,AUTO_AND_VEHICLES,,2,17M,50+,Paid,$9.99,Everyone,Auto & Vehicles,"June 25, 2018",3.0.0,4.0 and up,United States
Cheats for GTA V,FAMILY,4.2,450,5.9M,"100,000+",Free,0,Everyone,Entertainment,"July 29, 2018",6,4.0 and up,Canada
V for Vampire - Free,FAMILY,4.3,2772,35M,"500,000+",Free,0,Teen,Puzzle,"September 20, 2014",1.0.1,2.1 and up,Canada
Get Free V-bucks_fortnite Hints,FAMILY,4.7,1997,1.8M,"5,000+",Free,0,Everyone,Entertainment,"July 21, 2018",1.0,4.4 and up,Canada
v-view,FAMILY,3.6,309,19M,"10,000+",Free,0,Everyone,Entertainment,"June 22, 2017",1.1.0.0402,4.2 and up,Canada
Cheat Codes for GTA V,FAMILY,4.3,589,3.6M,"100,000+",Free,0,Mature 17+,Entertainment,"September 3, 2017",1.8.0,4.0 and up,Canada
DRAGON QUEST V,FAMILY,4.7,1667,17M,"10,000+",Paid,$14.99,Teen,Role Playing,"August 1, 2018",1.0.3,2.3 and up,Canada
WeChat,COMMUNICATION,4.2,5387631,Varies with device,"100,000,000+",Free,0,Everyone,Communication,"July 31, 2018",Varies with device,Varies with device,UNITED KINGDOM
Easy V-Bux free,FAMILY,4.6,856,2.9M,"5,000+",Free,0,Everyone,Entertainment,"July 17, 2018",1.0,2.1 and up,Canada
Wattpad 📖 Free Books,BOOKS_AND_REFERENCE,4.6,2915189,Varies with device,"100,000,000+",Free,0,Teen,Books & Reference,"August 1, 2018",Varies with device,Varies with device,UNITED KINGDOM
"WPS Office - Word, Docs, PDF, Note, Slide & Sheet",PRODUCTIVITY,4.5,1507205,37M,"100,000,000+",Free,0,Everyone,Productivity,"July 30, 2018",11.1.3,4.0 and up,United States
Fantasy Squad W,FAMILY,4.3,2142,47M,"50,000+",Free,0,Everyone 10+,Role Playing,"April 16, 2018",1.5.4,4.1 and up,Canada
LINE WEBTOON - Free Comics,COMICS,4.5,1013944,Varies with device,"10,000,000+",Free,0,Teen,Comics,"July 31, 2018",Varies with device,Varies with device,AUSTRALIA
WhatsApp Business,COMMUNICATION,4.4,137144,32M,"10,000,000+",Free,0,Everyone,Communication,"July 30, 2018",2.18.116,4.0.3 and up,UNITED KINGDOM
IRS W-9 form,BUSINESS,4.8,492,27M,"10,000+",Free,0,Everyone,Business,"July 26, 2018",1.7.11,5.0 and up,United States
IRS W-9 form,BUSINESS,4.8,492,27M,"10,000+",Free,0,Everyone,Business,"July 26, 2018",1.7.11,5.0 and up,CANADA
WowBox,LIFESTYLE,4.4,101957,8.2M,"5,000,000+",Free,0,Everyone,Lifestyle,"April 23, 2018",2.11.0,4.0.3 and up,United States
WhatsCall Free Global Phone Call App & Cheap Calls,COMMUNICATION,4.6,1130966,27M,"10,000,000+",Free,0,Everyone,Communication,"June 6, 2018",1.9.1.013,4.0 and up,UNITED KINGDOM
Dictionary - WordWeb,BOOKS_AND_REFERENCE,4.6,124970,Varies with device,"5,000,000+",Free,0,Teen,Books & Reference,"May 26, 2018",Varies with device,Varies with device,UNITED KINGDOM
X Launcher: With OS11 Style Theme & Control Center,ART_AND_DESIGN,4.7,5754,4.4M,"100,000+",Free,0,Everyone,Art & Design,"July 30, 2018",2.1.2,4.1 and up,United States
Nose Doctor X: Booger Mania,FAMILY,3.2,37584,34M,"5,000,000+",Free,0,Everyone,Casual;Pretend Play,"August 31, 2016",1.0.8,4.1 and up,Canada
X Browser,COMMUNICATION,4.0,142,2.5M,"50,000+",Free,0,Everyone,Communication,"December 31, 2017",1.1.1,4.0 and up,UNITED KINGDOM
"X Launcher Pro: PhoneX Theme, OS11 Control Center",ART_AND_DESIGN,4.7,801,3.5M,"5,000+",Paid,$1.99,Everyone,Art & Design,"July 30, 2018",2.1.2,4.1 and up,United States
X Launcher Pro - IOS Style Theme & Control Center,ART_AND_DESIGN,4.8,1216,8.6M,"10,000+",Paid,$1.99,Everyone,Art & Design,"June 26, 2018",1.0.0,4.1 and up,United States
Xray Scanner Prank,FAMILY,3.3,355837,3.7M,"10,000,000+",Free,0,Everyone,Entertainment,"December 7, 2016",14.0,2.3 and up,Canada
X Launcher Prime: With OS Style Theme & No Ads,ART_AND_DESIGN,4.7,149,3.5M,"1,000+",Paid,$1.99,Everyone,Art & Design,"July 30, 2018",1.2.2,4.1 and up,United States
The X-Files: Deep State - Hidden Object Adventure,FAMILY,4.5,22018,53M,"500,000+",Free,0,Teen,Casual,"July 18, 2018",2.6.1,5.0 and up,Canada
X-Plane 10 Flight Simulator,FAMILY,4.2,63197,11M,"1,000,000+",Free,0,Everyone,Simulation,"June 27, 2018",Varies with device,Varies with device,Canada
Guide (for X-MEN),BOOKS_AND_REFERENCE,4.6,586,17M,"100,000+",Free,0,Everyone,Books & Reference,"May 8, 2017",1.1.1,3.0 and up,UNITED KINGDOM
Flight Simulator X 2016 Free,FAMILY,3.8,44636,Varies with device,"1,000,000+",Free,0,Everyone,Simulation,"January 23, 2017",Varies with device,Varies with device,Canada
X-ray scanner simulator,FAMILY,2.7,1616,3.0M,"500,000+",Free,0,Everyone,Casual,"January 8, 2017",7.0,2.1 and up,Canada
X Construction,FAMILY,4.5,18612,8.5M,"100,000+",Paid,$1.49,Everyone,Puzzle,"July 28, 2015",1.57,2.3 and up,Canada
PLAYBULB X,LIFESTYLE,2.9,2160,15M,"100,000+",Free,0,Everyone,Lifestyle,"June 25, 2018",1.6.5,4.3 and up,United States
X-Wing Squadron Builder,FAMILY,4.6,5898,50M,"100,000+",Free,0,Everyone,Entertainment,"August 1, 2017",3.3.8.03082017,1.6 and up,Canada
YouTube TV - Watch & Record Live TV,FAMILY,4.4,38517,17M,"1,000,000+",Free,0,Teen,Entertainment,"August 2, 2018",2.29.2,5.0 and up,Canada
JW Caleb y Sofia,FAMILY,4.6,5227,1.9M,"500,000+",Free,0,Everyone,Education,"November 20, 2015",1.0,4.0.3 and up,Canada
Boomerang Make and Race,FAMILY,4.4,281448,70M,"10,000,000+",Free,0,Everyone,Racing;Action & Adventure,"June 1, 2018",1.5.0,4.0 and up,Canada
Talking Tom & Ben News,FAMILY,4.4,1131937,41M,"100,000,000+",Free,0,Everyone,Entertainment,"April 30, 2018",2.4.0.7,4.1 and up,Canada
Vegas Crime Simulator,FAMILY,4.2,721646,99M,"50,000,000+",Free,0,Teen,Simulation,"August 2, 2018",2.7,4.1 and up,Canada
PewDiePie's Tuber Simulator,FAMILY,4.8,1499466,96M,"10,000,000+",Free,0,Teen,Casual,"July 24, 2018",1.25.0,4.1 and up,Canada
Yahoo Mail – Stay Organized,COMMUNICATION,4.3,4188345,16M,"100,000,000+",Free,0,Everyone,Communication,"July 18, 2018",5.29.3,4.4 and up,UNITED KINGDOM
PBS KIDS Video,FAMILY,4.2,36214,Varies with device,"5,000,000+",Free,0,Everyone,Education;Music & Video,"July 12, 2018",Varies with device,Varies with device,Canada
YouTube Gaming,FAMILY,4.2,130549,Varies with device,"5,000,000+",Free,0,Teen,Entertainment,"June 27, 2018",2.08.78.2,4.1 and up,Canada
NQ Mobile Security & Antivirus,PRODUCTIVITY,4.4,427185,Varies with device,"10,000,000+",Free,0,Teen,Productivity,"June 8, 2018",Varies with device,Varies with device,United States
yHomework - Math Solver,FAMILY,4.2,50771,Varies with device,"1,000,000+",Free,0,Everyone,Education,"May 12, 2016",Varies with device,Varies with device,Canada
Z Origins - (Z The Game),FAMILY,4.6,4421,37M,"50,000+",Paid,$2.99,Teen,Strategy,"November 5, 2014",1.77,2.2 and up,Canada
War Z 2,FAMILY,4.5,97071,87M,"5,000,000+",Free,0,Teen,Strategy,"April 3, 2018",0.1.219,2.3.3 and up,Canada
Last Empire - War Z: Strategy,FAMILY,4.2,853495,78M,"50,000,000+",Free,0,Teen,Strategy,"August 2, 2018",1.0.208,4.0.3 and up,Canada
Z Day: Hearts of Heroes,FAMILY,3.9,5894,67M,"1,000,000+",Free,0,Everyone 10+,Strategy,"July 11, 2018",1.0.2,4.0.3 and up,Canada
Empire Z: Endless War,FAMILY,4.2,367951,76M,"5,000,000+",Free,0,Teen,Strategy,"July 16, 2018",2.2.8,4.0.3 and up,Canada
Z War-Zombie Modern Combat,FAMILY,4.2,62301,72M,"5,000,000+",Free,0,Teen,Strategy,"August 1, 2018",1.60,4.1 and up,Canada
Z App,LIFESTYLE,2.8,405,25M,"50,000+",Free,0,Everyone,Lifestyle,"June 22, 2018",4.2.45,4.4 and up,United States
Z City,FAMILY,4.3,3976,98M,"100,000+",Free,0,Teen,Strategy,"January 29, 2018",1.1.6,4.0 and up,Canada
Z-Empire: Dead Strike,FAMILY,4.6,99,19M,"10,000+",Free,0,Teen,Strategy,"June 8, 2018",1.8.7,4.0.3 and up,Canada
Z PIVOT,COMMUNICATION,,0,5.7M,10+,Paid,$19.99,Everyone,Communication,"July 11, 2018",1.3,4.2 and up,UNITED KINGDOM
Toy Battle Z,FAMILY,4.1,133,48M,"10,000+",Free,0,Everyone,Casual,"July 23, 2018",1.0.4,4.0 and up,Canada
Angry Birds Blast,FAMILY,4.6,253115,99M,"10,000,000+",Free,0,Everyone,Puzzle,"July 27, 2018",1.6.4,4.4 and up,Canada
ab,FAMILY,3.8,10,22M,"1,000+",Free,0,Everyone,Casual,"October 27, 2016",1.0,4.0 and up,Canada
Angry Birds Evolution,FAMILY,4.5,384602,88M,"10,000,000+",Free,0,Everyone,Role Playing,"July 30, 2018",1.21.1,5.0 and up,Canada
Angry Birds Match,FAMILY,4.7,227401,91M,"5,000,000+",Free,0,Everyone,Puzzle,"July 19, 2018",1.5.0,5.0 and up,Canada
Angry Birds POP Bubble Shooter,FAMILY,4.5,596628,99M,"10,000,000+",Free,0,Everyone,Casual,"August 2, 2018",3.39.0,4.1 and up,Canada
Angry Birds 2,FAMILY,4.6,3881752,57M,"100,000,000+",Free,0,Everyone,Casual,"July 26, 2018",2.21.1,4.1 and up,Canada
Angry Birds Epic RPG,FAMILY,4.5,2634605,63M,"10,000,000+",Free,0,Everyone,Role Playing,"July 18, 2018",3.0.27430.4799,4.4 and up,Canada
AB Blast Match 3,FAMILY,4.3,111,48M,"10,000+",Free,0,Everyone,Puzzle,"June 19, 2018",1.13,4.1 and up,Canada
Math games for kids : times tables - AB Math,FAMILY,3.9,2371,8.3M,"500,000+",Free,0,Everyone,Educational;Education,"July 27, 2018",3.9.3,4.0.3 and up,Canada
AB Crush Match 3,FAMILY,4.3,96,54M,"10,000+",Free,0,Everyone,Casual,"February 23, 2017",1.1,2.3 and up,Canada
AB Match,FAMILY,4.2,9,30M,"1,000+",Free,0,Everyone,Casual,"May 19, 2018",1.0.4,4.1 and up,Canada
Math games for kids : times tables training,FAMILY,4.5,630,8.3M,"10,000+",Paid,$1.59,Everyone,Educational;Education,"July 27, 2018",3.9.3,4.0.3 and up,Canada
Best Blood Type AB: Food Diet & Personality,LIFESTYLE,,3,37M,"1,000+",Free,0,Everyone,Lifestyle,"July 11, 2018",1.2,4.0.3 and up,United States
Chatime AB Rewards,FAMILY,,9,22M,"1,000+",Free,0,Everyone,Entertainment,"June 22, 2018",2.7.0621,4.2 and up,Canada
AC Freedom,BUSINESS,3.5,537,Varies with device,"100,000+",Free,0,Everyone,Business,"May 25, 2018",Varies with device,Varies with device,United States
AC Freedom,BUSINESS,3.5,537,Varies with device,"100,000+",Free,0,Everyone,Business,"May 25, 2018",Varies with device,Varies with device,CANADA
Smart-AC Universal Remote Free,FAMILY,1.8,3270,1.8M,"500,000+",Free,0,Everyone,Entertainment,"August 18, 2015",1.0,2.2 and up,Canada
AC REMOTE UNIVERSAL-PRO,FAMILY,1.6,402,1.7M,"100,000+",Free,0,Everyone,Entertainment,"December 11, 2015",1.0,2.2 and up,Canada
Kenmore Smart AC,LIFESTYLE,1.9,71,24M,"5,000+",Free,0,Everyone,Lifestyle,"May 8, 2017",1.0.11,4.4 and up,United States
"AC Air condition Troubleshoot,Repair,Maintenance",BOOKS_AND_REFERENCE,4.2,27,3.1M,"5,000+",Free,0,Everyone,Books & Reference,"February 7, 2018",1.1,4.0 and up,UNITED KINGDOM
Air Conditioner Maintenance,PRODUCTIVITY,4.0,11,220k,"5,000+",Free,0,Everyone,Productivity,"November 27, 2015",airConditionerMaintenance_13112015,2.3.3 and up,United States
LG AC Smart Diagnosis,LIFESTYLE,3.4,377,6.1M,"100,000+",Free,0,Everyone,Lifestyle,"March 21, 2017",1.1.4,4.0 and up,United States
A/C REFRIGERANT CAPACITY,BUSINESS,1.7,84,2.1M,"10,000+",Free,0,Everyone,Business,"October 28, 2014",1.0,4.1 and up,United States
A/C REFRIGERANT CAPACITY,BUSINESS,1.7,84,2.1M,"10,000+",Free,0,Everyone,Business,"October 28, 2014",1.0,4.1 and up,CANADA
Remote Control For All AC - Universal Remote,PRODUCTIVITY,2.4,166,6.1M,"10,000+",Free,0,Everyone,Productivity,"July 28, 2018",1.1,4.0.3 and up,United States
All Type Ac Repair & Services,LIFESTYLE,4.3,45,2.2M,"10,000+",Free,0,Everyone,Lifestyle,"December 26, 2017",0.8,4.1 and up,United States
AC Remote Control Simulator,FAMILY,3.3,353,2.3M,"100,000+",Free,0,Everyone,Entertainment,"December 4, 2017",1.0,4.0.3 and up,Canada
Universal AC Remote Control Simulator,FAMILY,3.0,119,3.9M,"50,000+",Free,0,Everyone,Entertainment,"December 22, 2017",1.0,4.0 and up,Canada
Free Adblocker Browser - Adblock & Popup Blocker,COMMUNICATION,4.4,152470,Varies with device,"10,000,000+",Free,0,Everyone,Communication,"July 19, 2018",Varies with device,Varies with device,UNITED KINGDOM
Ad Detect Plugin - Handy Tool,PRODUCTIVITY,3.8,5107,1.4M,"500,000+",Free,0,Everyone,Productivity,"December 28, 2015",1.6.3,2.3 and up,United States
Adblock Browser for Android,COMMUNICATION,4.1,121113,39M,"10,000,000+",Free,0,Everyone,Communication,"July 11, 2018",1.4.0,4.1 and up,UNITED KINGDOM
"CM Browser - Ad Blocker , Fast Download , Privacy",COMMUNICATION,4.6,2265084,6.1M,"50,000,000+",Free,0,Everyone,Communication,"July 31, 2018",5.22.18.0006,4.0 and up,UNITED KINGDOM
Adblock Plus for Samsung Internet - Browse safe.,COMMUNICATION,4.0,8769,2.1M,"1,000,000+",Free,0,Everyone,Communication,"April 5, 2018",1.1.4,5.0 and up,UNITED KINGDOM
Safe Notes - Secure Ad-free notepad,PRODUCTIVITY,4.6,3362,756k,"50,000+",Free,0,Everyone,Productivity,"November 21, 2017",1.7,4.0 and up,United States
Adblock Fast,PRODUCTIVITY,4.1,9914,3.2M,"1,000,000+",Free,0,Everyone,Productivity,"May 17, 2017",1.4.0,5.0 and up,United States
2000 AD Comics and Judge Dredd,COMICS,3.7,705,20M,"50,000+",Free,0,Teen,Comics,"July 19, 2018",1.3.0,4.0.3 and up,AUSTRALIA
Ad Blocker Turbo - Adblocker Browser,COMMUNICATION,3.9,107,44M,"10,000+",Free,0,Everyone,Communication,"January 29, 2018",1.0.5,4.1 and up,UNITED KINGDOM
Google AdSense,PRODUCTIVITY,4.3,52677,2.9M,"1,000,000+",Free,0,Everyone,Productivity,"December 13, 2017",3.3,4.0 and up,United States
Ad-free Triangle Solver,FAMILY,4.5,118,24M,"10,000+",Free,0,Everyone,Education,"August 20, 2015",6.3.1,4.2 and up,Canada
Best Applock - Locker & No Ads,PRODUCTIVITY,4.7,10672,6.9M,"100,000+",Free,0,Everyone,Productivity,"June 23, 2018",2.1.1,4.1 and up,United States
Local Services ads by Google,BUSINESS,4.1,7,12M,"1,000+",Free,0,Everyone,Business,"July 17, 2018",3.3.270,4.0 and up,United States
Local Services ads by Google,BUSINESS,4.1,7,12M,"1,000+",Free,0,Everyone,Business,"July 17, 2018",3.3.270,4.0 and up,CANADA
Ad Removal: thereisonlywe,PRODUCTIVITY,3.4,16,293k,100+,Paid,$6.49,Everyone,Productivity,"May 3, 2014",1.0,2.2 and up,United States
Brave Browser: Fast AdBlocker,COMMUNICATION,4.3,40241,Varies with device,"5,000,000+",Free,0,Everyone,Communication,"June 30, 2018",1.0.52,4.1 and up,UNITED KINGDOM
Ad Remove Plugin for App2SD,PRODUCTIVITY,4.1,66,17k,"1,000+",Paid,$1.29,Everyone,Productivity,"September 25, 2013",1.0.0,2.2 and up,United States
"Digital Clock : Simple, Tiny, Ad-free Desk Clock.",LIFESTYLE,4.4,317,74k,"50,000+",Free,0,Everyone,Lifestyle,"December 21, 2016",3.0,2.3 and up,United States
Google Ads,BUSINESS,4.3,29331,20M,"5,000,000+",Free,0,Everyone,Business,"July 30, 2018",1.12.0,4.0.3 and up,United States
Google Ads,BUSINESS,4.3,29331,20M,"5,000,000+",Free,0,Everyone,Business,"July 30, 2018",1.12.0,4.0.3 and up,CANADA
Bing Ads,BUSINESS,4.1,1828,13M,"100,000+",Free,0,Everyone,Business,"July 20, 2018",2.13.2,4.1 and up,United States
Bing Ads,BUSINESS,4.1,1828,13M,"100,000+",Free,0,Everyone,Business,"July 20, 2018",2.13.2,4.1 and up,CANADA
My baby firework (Remove ad),FAMILY,4.1,30,14k,"1,000+",Paid,$0.99,Everyone,Entertainment,"April 25, 2013",Varies with device,Varies with device,Canada
TIMBER AD FILTER - Very useful ad block app,PRODUCTIVITY,3.8,1343,9.0M,"100,000+",Free,0,Everyone,Productivity,"March 12, 2018",1.0.26,5.0 and up,United States
Alchemy Classic Ad Free,FAMILY,4.6,20178,9.0M,"100,000+",Free,0,Everyone,Puzzle,"May 26, 2014",1.7.3,1.6 and up,Canada
A&E - Watch Full Episodes of TV Shows,FAMILY,4.0,29708,19M,"1,000,000+",Free,0,Teen,Entertainment,"July 16, 2018",3.1.4,4.4 and up,Canada
Shortcuts for After Effects,FAMILY,3.7,464,1.9M,"50,000+",Free,0,Everyone,Education,"August 9, 2014",1.0,2.3 and up,Canada
AE Sudoku,FAMILY,4.3,2171,12M,"100,000+",Free,0,Everyone,Puzzle,"July 29, 2015",1.1.0,2.2 and up,Canada
ESS Mobile for AE,PRODUCTIVITY,1.9,63,1.8M,"5,000+",Free,0,Everyone,Productivity,"September 27, 2016",2.0.1027,3.0 and up,United States
AE Bubble:Offline Bubble Games,FAMILY,4.2,6973,Varies with device,"100,000+",Free,0,Everyone,Casual,"October 20, 2017",Varies with device,Varies with device,Canada
AE Roundy POP,FAMILY,4.4,5262,26M,"100,000+",Free,0,Everyone,Casual,"March 23, 2016",1.1.2,2.3 and up,Canada
TV.AE,FAMILY,3.9,109,7.5M,"10,000+",Free,0,Everyone,Entertainment,"September 21, 2017",1.0.4,4.4 and up,Canada
AE Garage,AUTO_AND_VEHICLES,4.4,64,66M,"1,000+",Free,0,Everyone,Auto & Vehicles,"June 27, 2017",1.0,4.1 and up,United States
AE Bulletins,BOOKS_AND_REFERENCE,4.5,14,30M,"1,000+",Free,0,Everyone,Books & Reference,"July 18, 2018",2.2.5,4.0.3 and up,UNITED KINGDOM
Ae Allah na Dai (Rasa),BOOKS_AND_REFERENCE,4.7,263,9.1M,"10,000+",Free,0,Everyone,Books & Reference,"January 1, 2015",2.0,2.1 and up,UNITED KINGDOM
Dashboard AE,AUTO_AND_VEHICLES,,0,13M,10+,Free,0,Everyone,Auto & Vehicles,"May 16, 2018",1255162018,6.0 and up,United States
Nasihat - Chalo ae Pyaara,FAMILY,4.7,557,6.7M,"10,000+",Free,0,Everyone,Education,"October 9, 2015",1.0,2.1 and up,Canada
Ivanti AE Agent,BUSINESS,,1,2.9M,"1,000+",Free,0,Everyone,Business,"May 10, 2018",11.0.0,4.0.3 and up,United States
Ivanti AE Agent,BUSINESS,,1,2.9M,"1,000+",Free,0,Everyone,Business,"May 10, 2018",11.0.0,4.0.3 and up,CANADA
Gunship III Vietnam People AF,FAMILY,4.3,726,19M,"5,000+",Paid,$4.99,Everyone,Simulation,"December 9, 2016",3.8.4,2.3.3 and up,Canada
AF Comics Reader - Free,COMICS,2.8,5,4.1M,100+,Free,0,Everyone,Comics,"November 10, 2017",1.0,4.1 and up,AUSTRALIA
Flim Af Somali Hindi Fanproj,FAMILY,3.9,12,3.5M,"1,000+",Free,0,Everyone,Entertainment,"June 22, 2018",1.0,4.0 and up,Canada
iFunny :),FAMILY,4.4,503757,Varies with device,"10,000,000+",Free,0,Mature 17+,Entertainment,"August 2, 2018",Varies with device,Varies with device,Canada
AF Legendary 2017,BUSINESS,,0,11M,50+,Free,0,Teen,Business,"September 30, 2017",v2.7.11.6,4.1 and up,United States
AF Legendary 2017,BUSINESS,,0,11M,50+,Free,0,Teen,Business,"September 30, 2017",v2.7.11.6,4.1 and up,CANADA
Tafsiir Quraan MP3 Af Soomaali Quraanka Kariimka,LIFESTYLE,5.0,7,3.4M,"1,000+",Free,0,Everyone,Lifestyle,"June 9, 2018",1.4,4.0 and up,United States
AF Our Time to Shine,BUSINESS,,0,11M,100+,Free,0,Everyone,Business,"July 17, 2017",v2.7.10.6,4.1 and up,United States
AF Our Time to Shine,BUSINESS,,0,11M,100+,Free,0,Everyone,Business,"July 17, 2017",v2.7.10.6,4.1 and up,CANADA
"9GAG: Funny Gifs, Pics, Memes & Videos for IGTV",FAMILY,4.6,1450632,Varies with device,"10,000,000+",Free,0,Teen,Entertainment,"August 3, 2018",Varies with device,Varies with device,Canada
AF Johannesburg,FAMILY,,3,11M,100+,Free,0,Everyone,Education,"May 2, 2017",1.0.3,4.1 and up,Canada
50000 Free eBooks & Free AudioBooks,BOOKS_AND_REFERENCE,4.1,52312,11M,"5,000,000+",Free,0,Teen,Books & Reference,"May 19, 2018",5.3.4,4.4 and up,UNITED KINGDOM
King of Avalon: Dragon Warfare,FAMILY,4.2,306652,64M,"10,000,000+",Free,0,Everyone 10+,Strategy,"July 31, 2018",4.6.4,4.0.3 and up,Canada
What's Up,LIFESTYLE,4.1,23453,10M,"1,000,000+",Free,0,Everyone,Lifestyle,"October 26, 2017",2.0,4.0 and up,United States
"AG Contacts, Premium edition",COMMUNICATION,4.5,88,3.7M,500+,Paid,$4.99,Everyone,Communication,"May 18, 2018",8.05.18.14250,4.0.3 and up,UNITED KINGDOM
Ag PhD Field Guide,BOOKS_AND_REFERENCE,4.1,114,6.3M,"10,000+",Free,0,Everyone,Books & Reference,"May 25, 2015",2.0,2.3 and up,UNITED KINGDOM
"AG Contacts, Lite edition",COMMUNICATION,4.5,185,3.7M,"5,000+",Free,0,Everyone,Communication,"May 18, 2018",8.05.18.14250,4.0.3 and up,UNITED KINGDOM
Trimble Ag Mobile,PRODUCTIVITY,4.1,85,44M,"10,000+",Free,0,Everyone,Productivity,"August 2, 2018",2.7.8,4.1 and up,United States
Ag PhD Deficiencies,BOOKS_AND_REFERENCE,3.9,20,9.7M,"10,000+",Free,0,Everyone,Books & Reference,"June 21, 2016",1.0,4.0.3 and up,UNITED KINGDOM
AG Subway Simulator Mobile,FAMILY,4.5,623,47M,"5,000+",Paid,$0.99,Everyone,Simulation,"June 2, 2018",1.3.0.6,4.1 and up,Canada
AG Subway Simulator Lite,FAMILY,4.4,6738,56M,"100,000+",Free,0,Everyone,Simulation,"June 8, 2018",1.2.6,4.1 and up,Canada
Elim AG,LIFESTYLE,,7,Varies with device,100+,Free,0,Everyone,Lifestyle,"March 31, 2017",1.0,4.2 and up,United States
AG Subway Simulator Pro,FAMILY,,0,Varies with device,"1,000+",Free,0,Everyone,Simulation,"July 27, 2018",Varies with device,Varies with device,Canada
Oklahoma Ag Co-op Council,COMMUNICATION,,0,4.9M,10+,Free,0,Everyone,Communication,"July 23, 2018",2.2.3,4.0.3 and up,UNITED KINGDOM
AG Fast Service Automotive,AUTO_AND_VEHICLES,,5,1.7M,100+,Free,0,Everyone,Auto & Vehicles,"June 12, 2018",1.0.8,4.4 and up,United States
Ag PhD Soils,PRODUCTIVITY,2.3,3,16M,"1,000+",Free,0,Everyone,Productivity,"July 16, 2018",1.24.1,4.4 and up,United States
Safe Ag Systems™,BUSINESS,4.7,3,36M,100+,Free,0,Everyone,Business,"July 22, 2018",2.0.3,4.0.3 and up,United States
Safe Ag Systems™,BUSINESS,4.7,3,36M,100+,Free,0,Everyone,Business,"July 22, 2018",2.0.3,4.0.3 and up,CANADA
Ag PhD Planting Population Calculator,BOOKS_AND_REFERENCE,,0,5.2M,"1,000+",Free,0,Everyone,Books & Reference,"June 9, 2017",2.0,4.0.3 and up,UNITED KINGDOM
Ag Trucking Mobile App,PRODUCTIVITY,,0,43M,100+,Free,0,Everyone,Productivity,"May 17, 2017",8.0,4.0.3 and up,United States
Lakeside AG Moultrie,LIFESTYLE,5.0,3,8.6M,50+,Free,0,Everyone,Lifestyle,"May 23, 2017",1.0,4.1 and up,United States
Ag Guardian,PRODUCTIVITY,,1,2.0M,100+,Free,0,Everyone,Productivity,"December 28, 2015",1.0.0,4.0 and up,United States
Ag Across America,FAMILY,,0,15M,10+,Free,0,Everyone,Educational;Education,"May 15, 2018",1.0.0,4.1 and up,Canada
Border Ag & Energy,BUSINESS,,0,12M,50+,Free,0,Everyone,Business,"April 30, 2018",2.1,4.3 and up,United States
Border Ag & Energy,BUSINESS,,0,12M,50+,Free,0,Everyone,Business,"April 30, 2018",2.1,4.3 and up,CANADA
Ag-Pro Companies,BUSINESS,,0,45M,50+,Free,0,Everyone,Business,"March 6, 2018",2.3.0,4.4 and up,United States
Ag-Pro Companies,BUSINESS,,0,45M,50+,Free,0,Everyone,Business,"March 6, 2018",2.3.0,4.4 and up,CANADA
My Ag Report,PRODUCTIVITY,,1,3.2M,50+,Free,0,Everyone,Productivity,"June 18, 2018",1.2,5.1 and up,United States
AG EMS Tour,FAMILY,,3,62M,500+,Free,0,Everyone,Entertainment,"May 5, 2017",1.35,4.0 and up,Canada
Mix Tank – Tank Mixing Ag App,PRODUCTIVITY,3.6,64,15M,"10,000+",Free,0,Everyone,Productivity,"October 16, 2017",4.2,4.4 and up,United States
West Central Ag,BUSINESS,,3,1.7M,100+,Free,0,Everyone,Business,"January 16, 2017",1.2,4.0 and up,United States
West Central Ag,BUSINESS,,3,1.7M,100+,Free,0,Everyone,Business,"January 16, 2017",1.2,4.0 and up,CANADA
Ag PhD Soybean Diseases,BOOKS_AND_REFERENCE,,0,5.9M,"1,000+",Free,0,Everyone,Books & Reference,"May 8, 2017",1.0.3,4.0.3 and up,UNITED KINGDOM
United Ag Cooperative,BUSINESS,,0,4.2M,5+,Free,0,Everyone,Business,"April 27, 2018",30.0.0,4.4 and up,United States
United Ag Cooperative,BUSINESS,,0,4.2M,5+,Free,0,Everyone,Business,"April 27, 2018",30.0.0,4.4 and up,CANADA
Ag Valley Cooperative,BUSINESS,5.0,6,74M,500+,Free,0,Everyone,Business,"June 26, 2017",2.3,4.0 and up,United States
Ag Valley Cooperative,BUSINESS,5.0,6,74M,500+,Free,0,Everyone,Business,"June 26, 2017",2.3,4.0 and up,CANADA
Michael's AG Sound Board,FAMILY,,0,1.7M,1+,Paid,$0.99,Everyone,Entertainment,"December 12, 2017",1.1,1.6 and up,Canada
Ag-Power,BUSINESS,,0,47M,10+,Free,0,Everyone,Business,"July 13, 2018",2.4.3,4.4 and up,United States
Ag-Power,BUSINESS,,0,47M,10+,Free,0,Everyone,Business,"July 13, 2018",2.4.3,4.4 and up,CANADA
Fertilizer Removal By Crop,BOOKS_AND_REFERENCE,4.1,295,6.9M,"50,000+",Free,0,Everyone,Books & Reference,"June 20, 2017",2.0.3,4.0.3 and up,UNITED KINGDOM
Denis Brogniart - AH !,FAMILY,4.5,2931,818k,"100,000+",Free,0,Everyone,Entertainment,"August 4, 2017",1.1,4.2 and up,Canada
Denis Brogniart - AH 2 !,FAMILY,,4,14M,100+,Free,0,Everyone,Entertainment,"October 28, 2017",1.0,2.1 and up,Canada
Ah! Cutie,FAMILY,3.9,536,10M,"10,000+",Free,0,Everyone,Casual,"June 27, 2017",2.0.0,4.0 and up,Canada
Ah! Monster,FAMILY,4.1,1998,9.8M,"100,000+",Free,0,Everyone,Casual,"June 21, 2017",4.0.0,4.0 and up,Canada
The Ah Yeah! Button,FAMILY,3.0,30,318k,"5,000+",Free,0,Everyone,Entertainment,"October 1, 2013",1.2,2.3 and up,Canada
Bee'ah Employee App,COMMUNICATION,4.0,4,5.4M,100+,Free,0,Teen,Communication,"December 24, 2017",2.26.5.0,5.0 and up,UNITED KINGDOM
Ah Bailar,FAMILY,,10,3.0M,100+,Free,0,Everyone,Entertainment,"April 14, 2018",1.0,5.0 and up,Canada
Ah !,FAMILY,,3,22M,50+,Free,0,Everyone,Entertainment,"December 27, 2017",1.1.2,5.0 and up,Canada
Ah Ha Block,FAMILY,,2,16M,100+,Free,0,Everyone,Casual,"July 9, 2017",1.0,4.0 and up,Canada
AH! Soundboard,FAMILY,,11,2.0M,100+,Free,0,Everyone,Entertainment,"September 21, 2017",1.1,4.1 and up,Canada
Replika,FAMILY,4.5,45458,35M,"1,000,000+",Free,0,Mature 17+,Entertainment,"August 3, 2018",1.5.49,4.4 and up,Canada
Ai illustrator viewer,ART_AND_DESIGN,3.4,486,5.9M,"100,000+",Free,0,Everyone,Art & Design,"July 26, 2018",5.7,5.0 and up,United States
Real AI,FAMILY,3.8,949,1.2M,"50,000+",Free,0,Everyone,Entertainment,"July 22, 2018",4.9,4.0 and up,Canada
The Artificial Intelligence Project (A.I. Chat),FAMILY,3.0,76,39M,"5,000+",Paid,$1.99,Everyone,Simulation,"March 29, 2018",1.2,2.3 and up,Canada
Virtual Assistant DataBot: Artificial Intelligence,FAMILY,4.4,80927,27M,"1,000,000+",Free,0,Everyone,Entertainment,"July 31, 2018",7.2.5,4.0 and up,Canada
ALPHA - Artificial Intelligence,FAMILY,4.0,51,3.2M,"1,000+",Free,0,Everyone,Entertainment,"June 3, 2018",1.3.4,4.0 and up,Canada
Artificial Intelligence,FAMILY,3.9,339,4.2M,"50,000+",Free,0,Everyone,Education,"April 5, 2018",6.2,4.0 and up,Canada
Orbita AI — Exciting mobile puzzles & riddles,FAMILY,4.6,116973,31M,"1,000,000+",Free,0,Everyone,Puzzle,"March 29, 2018",1.1.9.1,4.1 and up,Canada
ChatBot AI Talking Girl,FAMILY,3.8,3597,25M,"100,000+",Free,0,Everyone 10+,Entertainment,"July 31, 2018",1.0.16,4.0.3 and up,Canada
Extreme- Personal Voice Assistant,PRODUCTIVITY,4.4,25627,9.8M,"1,000,000+",Free,0,Everyone,Productivity,"August 5, 2018",132,5.0 and up,United States
AI Face Beauty Analysis - IntelliFace (Free),BEAUTY,3.1,40,13M,"10,000+",Free,0,Everyone,Beauty,"April 11, 2018",20,4.1 and up,INDIA
Learn Artificial Intelligence,FAMILY,4.6,27,4.2M,"10,000+",Free,0,Everyone,Education,"July 14, 2018",1.1.4,4.1 and up,Canada
Tomo A.i. Pet Chat Bot,FAMILY,3.3,40,3.6M,"1,000+",Free,0,Everyone,Entertainment,"May 15, 2017",1.0,4.0.3 and up,Canada
Puck AI Personal Assistant Robot,PRODUCTIVITY,4.1,22,26M,"1,000+",Free,0,Everyone,Productivity,"November 2, 2017",1.5,4.0.3 and up,United States
Builder (by Engineer.ai),PRODUCTIVITY,3.6,8,3.2M,100+,Free,0,Everyone,Productivity,"November 4, 2017",1.2-Release,4.1 and up,United States
Chat With Artificial Intelligence,FAMILY,3.2,32,2.8M,"1,000+",Free,0,Everyone,Entertainment,"May 10, 2018",1.0,4.0 and up,Canada
Friday: Smart Personal Assistant,PRODUCTIVITY,4.4,2087,8.3M,"100,000+",Free,0,Everyone,Productivity,"June 24, 2018",20,5.0 and up,United States
Lyra Virtual Assistant,PRODUCTIVITY,4.5,41624,3.4M,"1,000,000+",Free,0,Everyone,Productivity,"May 24, 2018",1.2.4,4.0.3 and up,United States
2048(AI),FAMILY,4.3,20,3.5M,"1,000+",Free,0,Everyone,Casual,"June 3, 2015",0.33,2.3 and up,Canada
AI with Python Tutorial,FAMILY,4.4,8,3.3M,"5,000+",Free,0,Everyone,Education,"June 5, 2018",1.0.4,4.1 and up,Canada
ai.Bot Box,PRODUCTIVITY,,0,Varies with device,"10,000+",Free,0,Everyone,Productivity,"March 1, 2017",Varies with device,Varies with device,United States
ChatBolo - AI Chatbot Online,FAMILY,3.3,1407,1.4M,"100,000+",Free,0,Everyone,Entertainment,"September 25, 2015",2.1,2.2 and up,Canada
Artificial intelligence,FAMILY,,3,1.8M,100+,Free,0,Everyone,Entertainment,"March 5, 2018",2.2,4.1 and up,Canada
MiAI (Artificial Intelligence) Assistant,PRODUCTIVITY,3.7,3,7.5M,100+,Free,0,Everyone,Productivity,"March 1, 2018",11.04,4.1 and up,United States
Turbo AI™ - Personal assistant,PRODUCTIVITY,2.6,91,2.8M,"5,000+",Free,0,Everyone,Productivity,"July 16, 2018",0.0.52,4.0.3 and up,United States
AI Sight,PRODUCTIVITY,3.5,43,48M,"1,000+",Free,0,Everyone,Productivity,"June 18, 2018",1.2,4.0.3 and up,United States
Jarvis artificial intelligent,FAMILY,3.9,253,14M,"10,000+",Free,0,Everyone,Entertainment,"March 28, 2018",1.1,2.3 and up,Canada
Age of AI: War Strategy,FAMILY,4.6,71,5.7M,500+,Paid,$2.49,Everyone,Strategy,"March 14, 2018",1.8,4.0 and up,Canada
DREAM-e: Dream Analysis A.I.,LIFESTYLE,3.8,89,939k,"10,000+",Free,0,Everyone,Lifestyle,"February 18, 2013",2.3,2.1 and up,United States
Animal Jam - Play Wild!,FAMILY,4.6,361734,58M,"5,000,000+",Free,0,Everyone,Casual;Pretend Play,"August 2, 2018",28.0.14,4.1 and up,Canada
AJ Academy: Amazing Animals,FAMILY,4.5,1564,35M,"50,000+",Free,0,Everyone,Educational;Education,"May 25, 2018",1.1.0,4.1 and up,Canada
Dash Tag - Fun Endless Runner!,FAMILY,4.5,6750,43M,"100,000+",Free,0,Everyone,Casual,"June 13, 2018",2.0.3,4.3 and up,Canada
Tunnel Town,FAMILY,4.4,74744,60M,"1,000,000+",Free,0,Everyone,Strategy,"July 26, 2018",1.5.6,4.1 and up,Canada
tournaments and more.aj.2,COMMUNICATION,,0,4.2M,100+,Free,0,Teen,Communication,"September 25, 2017",4.3,2.3 and up,UNITED KINGDOM
Club Penguin Island,FAMILY,2.8,107441,32M,"1,000,000+",Free,0,Everyone,Casual;Action & Adventure,"July 10, 2018",1.10.5,4.4 and up,Canada
AJ Official,FAMILY,4.6,31,7.3M,500+,Free,0,Everyone,Education,"May 3, 2017",0.1,2.3 and up,Canada
Hey AJ! It's Saturday!,BOOKS_AND_REFERENCE,5.0,12,50M,100+,Paid,$3.99,Everyone,Books & Reference,"June 13, 2016",1.0.0,2.2 and up,UNITED KINGDOM
Bonza Poly Art - Tenkyu Animal Jam for Kids,FAMILY,4.1,22,31M,"1,000+",Free,0,Everyone,Puzzle,"August 3, 2018",1.0.9,4.1 and up,Canada
Hey AJ! It's Bedtime!,FAMILY,5.0,1,63M,10+,Paid,$4.99,Everyone,Education,"April 4, 2018",1.0.59,2.3 and up,Canada
AJ AUTO,AUTO_AND_VEHICLES,,0,7.7M,10+,Free,0,Everyone,Auto & Vehicles,"February 27, 2017",1.0.0,4.0.3 and up,United States
Aj.Petra,COMMUNICATION,,5,14M,100+,Free,0,Everyone,Communication,"September 29, 2017",1.0.1,4.1 and up,UNITED KINGDOM
AJ Men's Grooming,LIFESTYLE,5.0,2,22M,100+,Free,0,Everyone,Lifestyle,"August 28, 2017",5,4.1 and up,United States
AJ Rafael Music Lyrics,FAMILY,,0,8.4M,50+,Free,0,Everyone 10+,Entertainment,"January 3, 2018",2.0,4.0.3 and up,Canada
AJ Styles HD Wallpapers,ART_AND_DESIGN,4.8,48,25M,"5,000+",Free,0,Everyone,Art & Design,"August 4, 2018",1.1.1,4.1 and up,United States
AJ and Alyssa,LIFESTYLE,,0,475k,100+,Free,0,Everyone,Lifestyle,"June 1, 2017",1.0.0,2.3.3 and up,United States
A.J. Green Wallpapers 4 Fans,LIFESTYLE,,0,4.3M,5+,Free,0,Everyone,Lifestyle,"May 26, 2018",1.0,4.0 and up,United States
AJ Styles Wallpaper 2018 - AJ Styles HD Wallpaper,ART_AND_DESIGN,4.0,18,3.6M,"1,000+",Free,0,Everyone,Art & Design,"March 22, 2018",1.1,4.0 and up,United States
A-J Media Vault,BOOKS_AND_REFERENCE,,1,24M,50+,Free,0,Everyone,Books & Reference,"January 4, 2017",5.62.1,4.0.3 and up,UNITED KINGDOM
Little Pets Animal Guardians,FAMILY,4.6,18893,91M,"100,000+",Free,0,Everyone,Casual;Pretend Play,"June 9, 2018",1.4.1,4.0.3 and up,Canada
AJ Tracey Music and Lyrics,FAMILY,,0,2.7M,5+,Free,0,Teen,Entertainment,"June 7, 2018",1.0,4.0.3 and up,Canada
My Wild Pet: Online Animal Sim,FAMILY,4.5,26916,67M,"500,000+",Free,0,Everyone,Casual;Pretend Play,"March 17, 2017",2.7,4.0.3 and up,Canada
AJ Rafael Music Lessons,FAMILY,5.0,1,8.2M,10+,Free,0,Everyone,Entertainment,"November 29, 2017",1.2.1,4.1 and up,Canada
How it works: AK-74N,FAMILY,4.4,1031,48M,"100,000+",Free,0,Everyone,Entertainment,"January 9, 2018",2.1.9f0,4.0.3 and up,Canada
AK-47: Simulator and Shooting,FAMILY,4.0,345,14M,"100,000+",Free,0,Everyone 10+,Simulation,"November 11, 2016",1.3.0,3.0 and up,Canada
AK-47 Simulation and Info,FAMILY,,2,18M,100+,Free,0,Everyone,Entertainment,"May 5, 2018",2.0.0,5.0 and up,Canada
AK-47 Sounds,FAMILY,3.9,656,2.9M,"500,000+",Free,0,Everyone 10+,Entertainment,"September 14, 2016",2.0,2.3.3 and up,Canada
AK Interactive,FAMILY,4.3,734,13M,"10,000+",Free,0,Everyone,Entertainment,"July 12, 2018",2.5,4.0 and up,Canada
AK-47 sounds,FAMILY,3.9,7,3.8M,"1,000+",Free,0,Everyone,Entertainment,"June 18, 2018",568,4.0 and up,Canada
AK-47 Assault Rifle,FAMILY,3.7,165,25M,"10,000+",Free,0,Teen,Entertainment,"April 26, 2015",1.0,2.3 and up,Canada
Book of AK-47,LIFESTYLE,3.8,6,3.4M,500+,Free,0,Everyone,Lifestyle,"March 1, 2016",1.0.2,4.0.3 and up,United States
Weapon stripping 3D,FAMILY,4.6,23971,24M,"1,000,000+",Free,0,Everyone,Simulation,"August 4, 2018",39.231,4.1 and up,Canada
Shoot M-16 vs AK-47 : realistic weapon simulator,FAMILY,3.0,2,33M,100+,Free,0,Everyone,Simulation,"July 18, 2018",1.0,4.1 and up,Canada
Weapons simulator AK-47,FAMILY,4.1,21,26M,"5,000+",Free,0,Everyone,Simulation,"May 15, 2017",1,4.1 and up,Canada
Gun AK 47,FAMILY,,3,6.2M,"1,000+",Free,0,Everyone,Entertainment,"April 18, 2017",1.0,2.3 and up,Canada
AK-47 guns Sounds,FAMILY,,2,5.1M,100+,Free,0,Everyone,Entertainment,"June 28, 2018",666,4.0 and up,Canada
AK Phone,COMMUNICATION,4.4,9,4.2M,"5,000+",Free,0,Everyone,Communication,"May 29, 2017",3.8.8,2.2 and up,UNITED KINGDOM
Gun Mod: Guns in Minecraft PE,FAMILY,3.6,33812,12M,"5,000,000+",Free,0,Teen,Entertainment,"July 30, 2018",2.5,4.1 and up,Canada
Kymco AK 550,AUTO_AND_VEHICLES,4.3,47,58M,"1,000+",Free,0,Everyone,Auto & Vehicles,"November 11, 2016",1.0,2.3 and up,United States
AK Math Coach,FAMILY,3.6,283,18M,"50,000+",Free,0,Everyone,Education,"May 19, 2015",1.3,2.3.3 and up,Canada
University of Alabama,FAMILY,4.5,302,3.0M,"50,000+",Free,0,Everyone,Education,"November 30, 2017",3.3,4.1 and up,Canada
Alabama DMV Permit Test - AL,FAMILY,4.3,218,29M,"10,000+",Free,0,Everyone,Education,"February 15, 2018",6.0.3,4.4 and up,Canada
Al-Quran (Free),BOOKS_AND_REFERENCE,4.6,218451,4.7M,"10,000,000+",Free,0,Everyone,Books & Reference,"May 20, 2018",3.2.3,4.0 and up,UNITED KINGDOM
Al Quran (Tafsir & by Word),BOOKS_AND_REFERENCE,4.8,57400,14M,"500,000+",Free,0,Everyone,Books & Reference,"July 30, 2018",1.6.5,4.0 and up,UNITED KINGDOM
Al-Moazin Lite (Prayer Times),LIFESTYLE,4.6,284670,Varies with device,"10,000,000+",Free,0,Everyone,Lifestyle,"July 24, 2018",Varies with device,Varies with device,United States
Al Quran Indonesia,BOOKS_AND_REFERENCE,4.8,445756,16M,"10,000,000+",Free,0,Everyone,Books & Reference,"May 15, 2018",2.6.22,4.0 and up,UNITED KINGDOM
Al'Quran Bahasa Indonesia,BOOKS_AND_REFERENCE,4.6,361780,9.7M,"10,000,000+",Free,0,Everyone,Books & Reference,"May 30, 2018",4.1,2.3 and up,UNITED KINGDOM
Al Quran Al karim,BOOKS_AND_REFERENCE,4.6,41608,49M,"1,000,000+",Free,0,Everyone,Books & Reference,"November 5, 2017",1.1.7,2.2 and up,UNITED KINGDOM
Al jazeera TV,FAMILY,4.6,9952,3.7M,"100,000+",Free,0,Teen,Entertainment,"July 5, 2016",1.0.0,4.0.3 and up,Canada
Al-Muhaffiz,BOOKS_AND_REFERENCE,4.7,2319,27M,"50,000+",Free,0,Everyone,Books & Reference,"April 22, 2018",10.10,4.1 and up,UNITED KINGDOM
Al Quran Audio (Full 30 Juz),FAMILY,4.7,7878,3.6M,"1,000,000+",Free,0,Everyone,Education,"May 29, 2017",4.0,2.3 and up,Canada
Quran for All (Al-Huda Int.),FAMILY,4.8,6696,5.3M,"100,000+",Free,0,Everyone,Education,"February 7, 2018",3.1.0,4.0 and up,Canada
AL Voice Recorder,PRODUCTIVITY,3.6,4832,2.4M,"1,000,000+",Free,0,Everyone,Productivity,"November 22, 2016",2.1.7.3,3.0 and up,United States
Ayat - Al Quran,FAMILY,4.7,173394,8.5M,"5,000,000+",Free,0,Everyone,Education,"March 13, 2018",2.9.1,4.0 and up,Canada
Quran Juz-30 - Mahad al Zahra,FAMILY,4.6,2654,6.7M,"100,000+",Free,0,Everyone,Education,"November 2, 2016",1.10.0,2.2 and up,Canada
Al Quran : EAlim - Translations & MP3 Offline,BOOKS_AND_REFERENCE,4.5,96419,Varies with device,"5,000,000+",Free,0,Everyone,Books & Reference,"May 5, 2018",Varies with device,Varies with device,UNITED KINGDOM
Al-Quran Al-Muallim,FAMILY,4.5,199,266k,"10,000+",Free,0,Everyone,Education,"September 11, 2013",1.0beta,2.2 and up,Canada
Al-Quran 30 Juz free copies,BOOKS_AND_REFERENCE,4.5,12322,27M,"500,000+",Free,0,Everyone,Books & Reference,"December 17, 2016",3.0,2.3 and up,UNITED KINGDOM
Koran Read &MP3 30 Juz Offline,BOOKS_AND_REFERENCE,4.8,29551,67M,"1,000,000+",Free,0,Everyone,Books & Reference,"April 6, 2018",1.0.7,4.0.3 and up,UNITED KINGDOM
Al Quran MP3 - Quran Reading®,FAMILY,4.7,47463,22M,"1,000,000+",Free,0,Everyone,Education,"April 24, 2018",4.4,4.0.3 and up,Canada
Al'Quran Bahasa Indonesia PRO,BOOKS_AND_REFERENCE,4.7,1340,11M,"10,000+",Paid,$4.49,Everyone,Books & Reference,"May 16, 2018",4.0.5,2.2 and up,UNITED KINGDOM
Hafizi Quran 15 lines per page,BOOKS_AND_REFERENCE,4.7,55011,68M,"1,000,000+",Free,0,Everyone,Books & Reference,"November 2, 2017",1.1.3,4.1 and up,UNITED KINGDOM
Al-Quran Ahmad Saud Offline,FAMILY,4.7,7116,40M,"100,000+",Free,0,Everyone,Education,"August 9, 2016",1.0,2.3.3 and up,Canada
12 Step Meditations & Sober Prayers AA NA AL-ANON,LIFESTYLE,4.7,759,15M,"50,000+",Free,0,Everyone 10+,Lifestyle,"January 22, 2018",1.4.5,4.1 and up,United States
Quran for Android,BOOKS_AND_REFERENCE,4.7,497826,Varies with device,"10,000,000+",Free,0,Everyone,Books & Reference,"May 30, 2018",Varies with device,Varies with device,UNITED KINGDOM
Al Quran Free - القرآن (Islam),BOOKS_AND_REFERENCE,4.7,1777,23M,"50,000+",Free,0,Everyone,Books & Reference,"February 15, 2015",1.1,2.2 and up,UNITED KINGDOM
Taha Al Junaid Quran Mp3,LIFESTYLE,4.6,518,4.2M,"50,000+",Free,0,Everyone,Lifestyle,"March 25, 2017",1.1,2.3.3 and up,United States
Surah Al-Waqiah,BOOKS_AND_REFERENCE,4.7,1201,2.9M,"100,000+",Free,0,Everyone,Books & Reference,"June 24, 2015",1.0,2.3.3 and up,UNITED KINGDOM
"Muslim Pro - Prayer Times, Azan, Quran & Qibla",LIFESTYLE,4.7,1133393,Varies with device,"10,000,000+",Free,0,Everyone,Lifestyle,"July 3, 2018",Varies with device,Varies with device,United States
Hisnul Al Muslim - Hisn Invocations & Adhkaar,BOOKS_AND_REFERENCE,4.6,3234,85M,"100,000+",Free,0,Everyone,Books & Reference,"December 26, 2017",1.7.22,4.1 and up,UNITED KINGDOM
I am rich,LIFESTYLE,3.8,3547,1.8M,"100,000+",Paid,$399.99,Everyone,Lifestyle,"January 12, 2018",2.0,4.0.3 and up,United States
I AM RICH,FAMILY,3.9,1455,1.1M,"10,000+",Free,0,Everyone,Entertainment,"October 11, 2017",1.0,2.3 and up,Canada
I am Rich Plus,FAMILY,4.0,856,8.7M,"10,000+",Paid,$399.99,Everyone,Entertainment,"May 19, 2018",3.0,4.4 and up,Canada
I am rich VIP,LIFESTYLE,3.8,411,2.6M,"10,000+",Paid,$299.99,Everyone,Lifestyle,"July 21, 2018",1.1.1,4.3 and up,United States
I am extremely Rich,LIFESTYLE,2.9,41,2.9M,"1,000+",Paid,$379.99,Everyone,Lifestyle,"July 1, 2018",1.0,4.0 and up,United States
I am Rich Person,LIFESTYLE,4.2,134,1.8M,"1,000+",Paid,$37.99,Everyone,Lifestyle,"July 18, 2017",1.0,4.0.3 and up,United States
I Am Rich Pro,FAMILY,4.4,201,2.7M,"5,000+",Paid,$399.99,Everyone,Entertainment,"May 30, 2017",1.54,1.6 and up,Canada
i am rich,BUSINESS,3.9,213,2.9M,"1,000+",Free,0,Everyone,Business,"June 9, 2018",1.0,4.0 and up,United States
i am rich,BUSINESS,3.9,213,2.9M,"1,000+",Free,0,Everyone,Business,"June 9, 2018",1.0,4.0 and up,CANADA
I Am Rich,FAMILY,3.6,217,4.9M,"10,000+",Paid,$389.99,Everyone,Entertainment,"June 22, 2018",1.5,4.2 and up,Canada
I am Millionaire - Richest guy in the town,LIFESTYLE,3.6,126,1.4M,"5,000+",Paid,$2.49,Everyone,Lifestyle,"June 22, 2018",8,4.1 and up,United States
I Am Wizard,FAMILY,4.2,1493,57M,"100,000+",Free,0,Everyone,Strategy,"April 1, 2018",1.0.9,4.1 and up,Canada
Anno: Build an Empire,FAMILY,3.5,33944,28M,"1,000,000+",Free,0,Everyone 10+,Strategy,"March 10, 2016",2.0.0,4.1 and up,Canada
Final Fantasy XV: A New Empire,FAMILY,4.0,484858,Varies with device,"10,000,000+",Free,0,Everyone 10+,Strategy,"June 15, 2018",3.30.4.83,4.1 and up,Canada
Trell: An app for Explorers | Best Wanderlust App,LIFESTYLE,4.6,8004,34M,"100,000+",Free,0,Teen,Lifestyle,"July 31, 2018",3.4.8,4.1 and up,United States
Virtual Families 2,FAMILY,4.2,636228,Varies with device,"10,000,000+",Free,0,Everyone,Casual,"July 19, 2018",Varies with device,Varies with device,Canada
The Sims™ FreePlay,FAMILY,4.3,931503,31M,"10,000,000+",Free,0,Teen,Simulation,"July 16, 2018",5.39.1,4.0.3 and up,Canada
My Emma :),FAMILY,4.1,245839,76M,"10,000,000+",Free,0,Everyone,Casual,"April 3, 2017",2.7.0,4.1 and up,Canada
My Horse,FAMILY,4.5,1333338,8.7M,"10,000,000+",Free,0,Everyone,Casual,"May 23, 2018",1.34.1,2.3.3 and up,Canada
My Boo - Your Virtual Pet Game,FAMILY,4.4,899748,80M,"10,000,000+",Free,0,Everyone,Casual,"August 3, 2018",2.11,4.1 and up,Canada
Create apps fast with beautiful design and no code,BUSINESS,3.7,23729,24M,"1,000,000+",Free,0,Everyone,Business,"May 14, 2018",7.2,4.4 and up,United States
Create apps fast with beautiful design and no code,BUSINESS,3.7,23729,24M,"1,000,000+",Free,0,Everyone,Business,"May 14, 2018",7.2,4.4 and up,CANADA
Diary with lock password,LIFESTYLE,4.3,179139,9.7M,"5,000,000+",Free,0,Everyone,Lifestyle,"November 1, 2017",3.5.3,4.0.3 and up,United States
Girls Craft: Exploration,FAMILY,3.8,130689,57M,"5,000,000+",Free,0,Everyone 10+,Simulation,"August 3, 2018",1.32,4.2 and up,Canada
The PCH App,LIFESTYLE,4.5,234971,81M,"1,000,000+",Free,0,Everyone,Lifestyle,"July 25, 2018",2.8.7.78579,4.4 and up,United States
"Resume Builder Free, 5 Minute CV Maker & Templates",BUSINESS,4.4,72202,6.7M,"1,000,000+",Free,0,Everyone,Business,"June 25, 2018",6.0,4.0.3 and up,United States
"Resume Builder Free, 5 Minute CV Maker & Templates",BUSINESS,4.4,72202,6.7M,"1,000,000+",Free,0,Everyone,Business,"June 25, 2018",6.0,4.0.3 and up,CANADA
ao,FAMILY,3.5,14145,5.9M,"1,000,000+",Free,0,Everyone,Strategy,"June 8, 2016",1.0.9,4.0 and up,Canada
AO-EVENT,BUSINESS,,0,42M,100+,Free,0,Everyone,Business,"May 28, 2018",6.2.6,4.1 and up,United States
AO-EVENT,BUSINESS,,0,42M,100+,Free,0,Everyone,Business,"May 28, 2018",6.2.6,4.1 and up,CANADA
PlacarTv Futebol Ao Vivo,COMMUNICATION,4.1,2063,4.5M,"100,000+",Free,0,Everyone,Communication,"June 3, 2018",1.0.3,4.0 and up,UNITED KINGDOM
Virtual lover,FAMILY,4.6,45771,28M,"1,000,000+",Free,0,Mature 17+,Entertainment,"June 8, 2018",1.39,4.1 and up,Canada
The Hunt for the Lost Treasure,FAMILY,4.6,7148,8.1M,"100,000+",Paid,$2.99,Everyone,Adventure;Brain Games,"September 13, 2017",1.8,4.0.3 and up,Canada
Attack the Light,FAMILY,4.7,19209,21M,"100,000+",Paid,$2.99,Everyone,Role Playing;Action & Adventure,"February 23, 2016",1.1.4,4.0 and up,Canada
Princess Closet : Otome games free dating sim,FAMILY,4.5,29495,56M,"1,000,000+",Free,0,Teen,Simulation,"May 24, 2018",1.11.0,4.0.3 and up,Canada
Heroes of Order & Chaos,FAMILY,4.2,690148,25M,"10,000,000+",Free,0,Teen,Strategy,"October 27, 2017",Varies with device,Varies with device,Canada
High School Simulator 2017,FAMILY,4.2,123136,80M,"5,000,000+",Free,0,Mature 17+,Simulation,"June 25, 2018",1.0,4.0 and up,Canada
Virtual Cigarette Smoking (prank),FAMILY,3.7,29838,Varies with device,"5,000,000+",Free,0,Mature 17+,Entertainment,"June 28, 2018",2.2,Varies with device,Canada
Scanning body and undressing people,FAMILY,3.4,1012,12M,"100,000+",Free,0,Teen,Entertainment,"February 24, 2018",2.0,3.0 and up,Canada
Legion of Heroes,FAMILY,4.3,143087,69M,"1,000,000+",Free,0,Everyone 10+,Role Playing,"July 12, 2018",1.9.22,4.0 and up,Canada
virtual lover 3D,FAMILY,4.6,5195,64M,"100,000+",Free,0,Mature 17+,Entertainment,"April 18, 2018",1.3,4.1 and up,Canada
Can Your Pet? : Returns - Teen,FAMILY,4.3,45370,14M,"1,000,000+",Free,0,Teen,Simulation,"August 2, 2018",2.59.8,2.3 and up,Canada
Bubbu – My Virtual Pet,FAMILY,4.7,394842,75M,"10,000,000+",Free,0,Everyone,Casual;Pretend Play,"August 4, 2018",1.50,4.1 and up,Canada
Start the Hunt for the Lost Treasure,FAMILY,3.8,302,8.1M,"10,000+",Free,0,Everyone,Puzzle;Brain Games,"September 13, 2017",1.4,4.0.3 and up,Canada
Treasure Hunt Hidden Objects Adventure Game,FAMILY,4.3,1231,Varies with device,"100,000+",Free,0,Everyone,Puzzle,"May 24, 2018",2.2,4.1 and up,Canada
Scanning under clothes (prank),FAMILY,3.7,1443,20M,"100,000+",Free,0,Mature 17+,Entertainment,"January 18, 2018",3.0,2.3 and up,Canada
3D Holograms Joke,FAMILY,2.9,31596,31M,"5,000,000+",Free,0,Teen,Simulation,"December 23, 2016",1.5,2.3 and up,Canada
Weaphones™ Gun Sim Free Vol 1,FAMILY,4.3,598975,39M,"10,000,000+",Free,0,Everyone,Simulation,"January 17, 2018",2.4.0,4.0 and up,Canada
Hidden Objects Treasure Hunt Adventure Games,FAMILY,4.3,275,29M,"10,000+",Free,0,Everyone,Puzzle,"July 9, 2018",1.0.1,4.4 and up,Canada
Body scanner (prank),FAMILY,3.3,16063,3.8M,"1,000,000+",Free,0,Teen,Casual,"June 2, 2016",3.0,2.3 and up,Canada
AP ENPS Mobile,PRODUCTIVITY,4.1,22,545k,"5,000+",Free,0,Everyone,Productivity,"March 8, 2016",8.0.0130,4.4 and up,United States
AP® Guide,FAMILY,5.0,3,2.1M,"1,000+",Free,0,Everyone,Education,"July 31, 2017",1.3,4.0.3 and up,Canada
WiFi Access Point (hotspot),COMMUNICATION,3.9,684,61k,"100,000+",Free,0,Everyone,Communication,"May 14, 2015",1.1.2,2.3 and up,UNITED KINGDOM
AP Mobile,FAMILY,4.6,117,13M,"10,000+",Free,0,Everyone,Education,"November 21, 2017",1.03,6.0 and up,Canada
Access Point Finder,LIFESTYLE,4.0,22,2.5M,"10,000+",Free,0,Everyone,Lifestyle,"September 6, 2016",1.0,3.0 and up,United States
AP English Language: Practice Tests and Flashcards,FAMILY,4.5,19,5.4M,"5,000+",Free,0,Everyone,Education,"July 3, 2018",1.6.7.1,4.1 and up,Canada
AP Mobile 104,BUSINESS,,0,14M,100+,Free,0,Everyone,Business,"December 13, 2017",1.2.2.0,4.0 and up,United States
AP Mobile 104,BUSINESS,,0,14M,100+,Free,0,Everyone,Business,"December 13, 2017",1.2.2.0,4.0 and up,CANADA
AP Planner,FAMILY,2.9,45,1.3M,"5,000+",Free,0,Everyone,Education,"August 3, 2015",1.1,2.1 and up,Canada
Study AP World History,FAMILY,4.6,513,1.6M,"10,000+",Free,0,Everyone,Education,"July 18, 2016",1.1.2,4.0.3 and up,Canada
AP Government Review,FAMILY,4.7,3,1.5M,"1,000+",Paid,$2.99,Everyone,Education,"March 14, 2017",1.1,4.0.3 and up,Canada
AP Chemistry Prep: Practice Tests and Flashcards,FAMILY,4.7,55,5.4M,"10,000+",Free,0,Everyone,Education,"July 3, 2018",1.6.7.1,4.1 and up,Canada
AP Flashcards,FAMILY,3.7,88,41M,"10,000+",Free,0,Everyone,Education,"August 30, 2015",1.3.14,3.1 and up,Canada
AP World History: Practice Tests and Flashcards,FAMILY,4.8,21,5.4M,"5,000+",Free,0,Everyone,Education,"July 3, 2018",1.6.7.1,4.1 and up,Canada
Access Point Names,COMMUNICATION,4.0,138,2.4M,"10,000+",Free,0,Everyone,Communication,"August 12, 2014",1.0,2.3.3 and up,UNITED KINGDOM
"AP Biology Prep: Practice Tests, Flashcards",FAMILY,4.6,87,5.4M,"10,000+",Free,0,Everyone,Education,"July 3, 2018",1.6.7.1,4.1 and up,Canada
AP Biology Study Guide + Quiz,FAMILY,4.4,105,9.0M,"10,000+",Free,0,Everyone,Education,"March 22, 2016",1.5.1,4.1 and up,Canada
500 AP World History Questions,FAMILY,4.7,7,1.2M,100+,Paid,$9.99,Everyone,Education,"November 1, 2013",1.2,1.6 and up,Canada
AP Physics 1 Prep: Practice Tests and Flashcards,FAMILY,4.4,29,5.3M,"5,000+",Free,0,Everyone,Education,"July 3, 2018",1.6.7.1,4.1 and up,Canada
iScore5 AP Psych,FAMILY,2.9,10,73M,100+,Paid,$4.99,Everyone,Educational,"April 25, 2017",2.0,4.0.3 and up,Canada
AP Psychology Prep: Practice Tests and Flashcards,FAMILY,4.5,242,5.4M,"50,000+",Free,0,Everyone,Education,"July 3, 2018",1.6.7.1,4.1 and up,Canada
meStudying: AP English Lit,FAMILY,5.0,1,655k,10+,Paid,$4.99,Everyone,Education,"August 31, 2013",1.3,2.0.1 and up,Canada
AP Math & Computer Science,FAMILY,3.7,37,9.5M,"5,000+",Free,0,Everyone,Education,"July 19, 2015",2.16,2.3 and up,Canada
AP Series Solution Pro,FAMILY,,0,7.4M,0+,Paid,$1.99,Everyone,Education,"July 30, 2017",1.3,4.0 and up,Canada
AP Statistics Prep: Practice Tests and Flashcards,FAMILY,4.2,19,5.4M,"5,000+",Free,0,Everyone,Education,"July 3, 2018",1.6.7.1,4.1 and up,Canada
AP Art History Flashcards,FAMILY,5.0,1,96M,10+,Paid,$29.99,Mature 17+,Education,"January 19, 2016",3.30,4.0 and up,Canada
AP European History: Practice Tests and Flashcards,FAMILY,4.7,7,5.4M,"1,000+",Free,0,Everyone,Education,"July 3, 2018",1.6.7.1,4.1 and up,Canada
AdventureQuest 3D MMO,FAMILY,4.3,22667,35M,"1,000,000+",Free,0,Teen,Role Playing,"July 26, 2018",1.10.1,4.4 and up,Canada
AdventureQuest Dragons,FAMILY,3.9,10114,48M,"100,000+",Free,0,Everyone,Casual,"June 13, 2018",1.0.63,4.0 and up,Canada
AQ: First Contact,FAMILY,,0,Varies with device,"50,000+",Free,0,Everyone,Strategy,"July 26, 2018",Varies with device,Varies with device,Canada
Battle Gems (AdventureQuest),FAMILY,4.4,48427,Varies with device,"500,000+",Free,0,Everyone 10+,Puzzle,"March 31, 2018",Varies with device,Varies with device,Canada
AQ Service,BUSINESS,,4,17M,10+,Free,0,Everyone,Business,"August 28, 2017",1.0,4.4 and up,United States
AQ Service,BUSINESS,,4,17M,10+,Free,0,Everyone,Business,"August 28, 2017",1.0,4.4 and up,CANADA
AQ Math Facts,FAMILY,,1,16M,1+,Paid,$2.99,Everyone,Educational,"May 17, 2017",1.0.3,4.0 and up,Canada
Adventure Quest World Mobile Quiz,FAMILY,4.6,28,26M,500+,Free,0,Everyone,Puzzle,"January 16, 2018",3.1.6z,4.0.3 and up,Canada
Aqw&3d Design Notes Manager,FAMILY,4.5,11,2.9M,500+,Free,0,Everyone,Entertainment,"August 15, 2017",3.0,4.0.3 and up,Canada
Puffin Web Browser,COMMUNICATION,4.3,541661,Varies with device,"10,000,000+",Free,0,Everyone,Communication,"July 9, 2018",7.5.3.20547,4.1 and up,UNITED KINGDOM
AQ Ria Retail,FAMILY,5.0,4,52M,50+,Free,0,Everyone,Education,"April 3, 2018",1.1,4.1 and up,Canada
Accounting Quiz (AQ) Malaysia,FAMILY,5.0,25,Varies with device,"1,000+",Free,0,Everyone,Education,"January 29, 2018",Varies with device,4.0 and up,Canada
AQ Guards,PRODUCTIVITY,,0,3.2M,10+,Free,0,Everyone,Productivity,"July 6, 2018",2.1.22,4.4 and up,United States
Wowkwis aq Ka'qaquj,FAMILY,5.0,1,49M,10+,Free,0,Everyone,Education;Education,"February 16, 2018",1.0,4.0.3 and up,Canada
中国語 AQリスニング,FAMILY,,21,17M,"5,000+",Free,0,Everyone,Education,"June 22, 2016",2.4.0,4.0 and up,Canada
ClanHQ,COMMUNICATION,2.7,560,37M,"10,000+",Free,0,Everyone,Communication,"July 25, 2018",1.0.21,4.4 and up,UNITED KINGDOM
QR Droid,PRODUCTIVITY,4.1,349151,Varies with device,"50,000,000+",Free,0,Everyone,Productivity,"August 1, 2018",Varies with device,Varies with device,United States
Dungeon Boss – Strategy RPG,FAMILY,4.4,218881,37M,"5,000,000+",Free,0,Everyone 10+,Role Playing,"March 28, 2018",0.5.10011,4.0.3 and up,Canada
Questland: Turn Based RPG,FAMILY,4.6,31134,48M,"1,000,000+",Free,0,Everyone 10+,Role Playing,"August 2, 2018",1.10.6,4.1 and up,Canada
Order & Chaos 2: 3D MMO RPG,FAMILY,4.1,242722,54M,"10,000,000+",Free,0,Teen,Role Playing,"July 9, 2018",3.1.2b,4.0.3 and up,Canada
Dungeon Quest,FAMILY,4.5,244039,46M,"5,000,000+",Free,0,Everyone 10+,Role Playing,"June 4, 2018",3.0.5.2,4.0 and up,Canada
Dungeon Hunter 5 – Action RPG,FAMILY,4.2,720685,51M,"10,000,000+",Free,0,Teen,Role Playing,"June 21, 2018",3.6.1a,4.0.3 and up,Canada
"Grow Stone Online : 2d pixel RPG, MMORPG game",FAMILY,4.7,84389,48M,"1,000,000+",Free,0,Everyone,Role Playing,"August 5, 2018",1.375,4.0.3 and up,Canada
Megatramp - a Story of Success!,FAMILY,4.3,322976,Varies with device,"5,000,000+",Free,0,Teen,Simulation,"June 13, 2018",Varies with device,4.2 and up,Canada
Knightfall™ AR,FAMILY,4.2,254,25M,"10,000+",Free,0,Teen,Strategy,"March 17, 2018",1.0,7.0 and up,Canada
Jurassic World™ Alive,FAMILY,4.3,308944,70M,"5,000,000+",Free,0,Everyone 10+,Simulation,"August 2, 2018",1.3.15,4.4 and up,Canada
Sketchfab,FAMILY,4.3,906,9.2M,"50,000+",Free,0,Mature 17+,Entertainment,"March 9, 2018",0.46.0,4.4 and up,Canada
My Tamagotchi Forever,FAMILY,4.3,28735,91M,"1,000,000+",Free,0,Everyone,Casual,"August 1, 2018",1.12.0.1654,4.2 and up,Canada
"Egg, Inc.",FAMILY,4.7,580160,29M,"5,000,000+",Free,0,Everyone,Simulation,"June 13, 2018",1.7.5,4.0.3 and up,Canada
Monster Park AR - Jurassic Dinosaurs in Real World,FAMILY,3.7,128,20M,"10,000+",Free,0,Everyone,Entertainment,"March 8, 2018",1.2.2.122,7.0 and up,Canada
AR Remote Car,FAMILY,3.2,1354,30M,"100,000+",Free,0,Everyone,Simulation,"August 12, 2017",2.14,4.0 and up,Canada
Solar System AR ( ARCore ),FAMILY,4.0,211,37M,"10,000+",Free,0,Everyone,Entertainment,"July 23, 2018",0.8.6,7.0 and up,Canada
Super AR,FAMILY,3.8,410,28M,"10,000+",Free,0,Teen,Entertainment,"December 18, 2017",2.1,4.0 and up,Canada
Spacecraft AR,FAMILY,4.4,83,85M,"10,000+",Free,0,Everyone,Education,"June 28, 2018",1.2,7.0 and up,Canada
Assemblr - Create 3D Models (Sandbox AR),FAMILY,3.8,1745,Varies with device,"1,000,000+",Free,0,Everyone,Simulation,"July 17, 2018",2.25,5.0 and up,Canada
MCRAFT AR - EDITOR,FAMILY,3.4,131,22M,"5,000+",Free,0,Everyone,Simulation,"June 24, 2018",1.0,4.1 and up,Canada
Jenga® AR,FAMILY,2.9,53,82M,"10,000+",Free,0,Everyone,Puzzle,"March 17, 2018",1.0.1,7.0 and up,Canada
Augment - 3D Augmented Reality,BUSINESS,4.1,25195,21M,"1,000,000+",Free,0,Everyone,Business,"February 26, 2018",v3.4.0-3,4.0.3 and up,United States
Augment - 3D Augmented Reality,BUSINESS,4.1,25195,21M,"1,000,000+",Free,0,Everyone,Business,"February 26, 2018",v3.4.0-3,4.0.3 and up,CANADA
Satellite AR,BOOKS_AND_REFERENCE,4.1,9636,93k,"1,000,000+",Free,0,Everyone,Books & Reference,"September 22, 2011",2.4,2.1 and up,UNITED KINGDOM
Figment AR,FAMILY,3.7,22,90M,"5,000+",Free,0,Everyone,Entertainment,"July 10, 2018",1.0,7.0 and up,Canada
AR Dragon Pet,FAMILY,,0,Varies with device,"50,000+",Free,0,Everyone,Casual,"November 9, 2017",Varies with device,Varies with device,Canada
Paint Space AR,FAMILY,3.0,17,32M,"1,000+",Free,0,Everyone,Entertainment,"March 7, 2018",1.1,7.0 and up,Canada
"Just a Line - Draw Anywhere, with AR",FAMILY,4.1,1152,2.7M,"100,000+",Free,0,Everyone,Entertainment,"May 30, 2018",2.0.0,7.0 and up,Canada
AR Toybox - Augmented Reality Demos,FAMILY,3.8,20,36M,"1,000+",Free,0,Everyone,Simulation,"August 17, 2017",1.0.2,4.1 and up,Canada
"Mind Map AR, Augmented Reality ARCore Mind Mapping",PRODUCTIVITY,4.2,29,35M,"5,000+",Free,0,Everyone,Productivity,"July 26, 2018",1.23,7.0 and up,United States
【Miku AR Camera】Mikuture,FAMILY,4.4,36268,41M,"1,000,000+",Free,0,Teen,Entertainment,"April 25, 2017",3.0.15,4.2 and up,Canada
AR Toys: Playground Sandbox | Remote Car,FAMILY,4.5,153,Varies with device,"10,000+",Free,0,Everyone,Simulation,"August 3, 2018",0.8,7.0 and up,Canada
Summer Camp Island AR,FAMILY,3.6,740,71M,"50,000+",Free,0,Everyone,Simulation,"July 5, 2018",1.0.2,4.4 and up,Canada
AR Sport Cars,FAMILY,3.6,284,70M,"10,000+",Free,0,Everyone,Simulation,"June 10, 2017",1.0,4.1 and up,Canada
SleepCloud Backup for Sleep as Android,LIFESTYLE,4.2,2563,Varies with device,"100,000+",Free,0,Everyone,Lifestyle,"June 26, 2018",Varies with device,Varies with device,United States
Sleep as Android Unlock,LIFESTYLE,4.5,23966,872k,"1,000,000+",Paid,$5.99,Everyone,Lifestyle,"June 27, 2018",20180608,4.0 and up,United States
"Sleep as Android: Sleep cycle tracker, smart alarm",LIFESTYLE,4.3,246201,Varies with device,"10,000,000+",Free,0,Everyone,Lifestyle,"July 23, 2018",Varies with device,Varies with device,United States
The Aether: Life as a God,FAMILY,4.1,1407,3.4M,"100,000+",Free,0,Everyone 10+,Role Playing,"March 12, 2018",1.0.5,4.0 and up,Canada
CAPTCHA Pack for Sleep as Android,LIFESTYLE,4.0,448,3.1M,"50,000+",Free,0,Everyone,Lifestyle,"June 8, 2018",1.3,2.3 and up,United States
Sleep as Microsoft Band Add-On,LIFESTYLE,3.5,28,121k,"1,000+",Free,0,Everyone,Lifestyle,"January 23, 2016",1.0.0.8,4.2 and up,United States
Ear Agent: Super Hearing,COMMUNICATION,3.7,42329,Varies with device,"5,000,000+",Free,0,Everyone,Communication,"June 4, 2018",Varies with device,Varies with device,UNITED KINGDOM
Ninja Turtles: Legends,FAMILY,4.3,344283,95M,"10,000,000+",Free,0,Teen,Role Playing,"December 18, 2017",1.11.39,4.1 and up,Canada
Timely Alarm Clock,LIFESTYLE,4.3,258717,9.4M,"10,000,000+",Free,0,Everyone,Lifestyle,"September 25, 2017",1.3.1,4.0.3 and up,United States
PDF Viewer & Book Reader,PRODUCTIVITY,4.1,40437,Varies with device,"5,000,000+",Free,0,Everyone,Productivity,"February 6, 2018",Varies with device,Varies with device,United States
Google Voice,COMMUNICATION,4.2,171052,Varies with device,"10,000,000+",Free,0,Everyone,Communication,"August 3, 2018",Varies with device,Varies with device,UNITED KINGDOM
Choices: Stories You Play,FAMILY,4.6,807155,93M,"10,000,000+",Free,0,Teen,Simulation,"July 30, 2018",2.3.5,4.0.3 and up,Canada
Maleficent Free Fall,FAMILY,4.4,450013,37M,"10,000,000+",Free,0,Everyone,Puzzle,"July 11, 2018",5.9.0,4.2 and up,Canada
Star Wars™: Force Arena,FAMILY,4.4,228130,70M,"5,000,000+",Free,0,Everyone 10+,Strategy,"July 19, 2018",3.1.4,4.1 and up,Canada
Alarm Clock Plus★,LIFESTYLE,4.4,155693,Varies with device,"5,000,000+",Free,0,Everyone,Lifestyle,"September 30, 2014",Varies with device,Varies with device,United States
PS4 Second Screen,FAMILY,2.4,11773,3.3M,"1,000,000+",Free,0,Everyone,Entertainment,"June 13, 2018",18.6.2,4.1 and up,Canada
Alarm Clock: Stopwatch & Timer,PRODUCTIVITY,4.5,870928,16M,"50,000,000+",Free,0,Everyone,Productivity,"June 8, 2018",5.9.6,4.1 and up,United States
Seen,FAMILY,4.5,118285,22M,"1,000,000+",Free,0,Teen,Simulation,"May 24, 2018",1.2.1,4.1 and up,Canada
Google Allo,COMMUNICATION,4.3,347086,Varies with device,"10,000,000+",Free,0,Everyone,Communication,"January 23, 2018",Varies with device,4.1 and up,UNITED KINGDOM
Plants vs. Zombies™ Heroes,FAMILY,4.4,379245,68M,"10,000,000+",Free,0,Everyone,Casual;Action & Adventure,"June 26, 2018",1.28.01,4.1 and up,Canada
CM FILE MANAGER HD,PRODUCTIVITY,4.3,144873,Varies with device,"10,000,000+",Free,0,Everyone,Productivity,"January 24, 2016",3.5.0,Varies with device,United States
AT&T THANKS®,FAMILY,3.4,2445,34M,"500,000+",Free,0,Everyone,Entertainment,"July 11, 2018",1.4.0,5.0 and up,Canada
Galaxy at War Online,FAMILY,3.9,65119,46M,"1,000,000+",Free,0,Everyone 10+,Strategy,"May 22, 2018",2.1.0,3.0 and up,Canada
Kingdoms at War: Hardcore PVP,FAMILY,4.3,34898,92M,"1,000,000+",Free,0,Teen,Strategy,"June 28, 2018",4.05,4.0.3 and up,Canada
Fandom: Five Nights at Freddys,FAMILY,4.4,17945,9.5M,"1,000,000+",Free,0,Mature 17+,Entertainment,"June 6, 2018",2.9.8,4.4 and up,Canada
World at War: WW2 Strategy MMO,FAMILY,4.3,107765,78M,"5,000,000+",Free,0,Everyone 10+,Strategy,"May 25, 2018",3.1.9,4.1 and up,Canada
Five Tries At Love Dating Sim,FAMILY,4.2,37165,22M,"1,000,000+",Free,0,Teen,Simulation,"February 14, 2018",5.1.0,2.3 and up,Canada
Rivals at War: 2084,FAMILY,4.0,174127,48M,"5,000,000+",Free,0,Teen,Simulation,"October 3, 2016",1.3,3.0 and up,Canada
Five Nights at Freddy's 2,FAMILY,4.6,73919,40M,"500,000+",Paid,$2.99,Teen,Strategy,"November 15, 2014",1.07,2.3 and up,Canada
Coloring Book at Five Nights,FAMILY,4.0,532,6.5M,"100,000+",Free,0,Everyone,Educational,"June 6, 2017",1.6,2.3 and up,Canada
Five nights at Minecraft,FAMILY,3.5,9335,12M,"1,000,000+",Free,0,Everyone,Entertainment,"November 26, 2017",1.2,4.0.3 and up,Canada
Nights at Cube Pizzeria 3D – 3,FAMILY,4.0,15875,40M,"1,000,000+",Free,0,Teen,Simulation,"March 3, 2017",1.5,4.2 and up,Canada
DIRECTV,FAMILY,4.1,235486,63M,"10,000,000+",Free,0,Teen,Entertainment,"June 1, 2018",5.9.006,4.1 and up,Canada
DIRECTV for Tablets,FAMILY,3.9,24123,69M,"1,000,000+",Free,0,Teen,Entertainment,"June 1, 2018",5.9.006,4.1 and up,Canada
au,FAMILY,3.2,9126,5.8M,"1,000,000+",Free,0,Everyone,Strategy,"June 8, 2016",1.0.9,4.0 and up,Canada
Audiobooks from Audible,BOOKS_AND_REFERENCE,4.5,568922,Varies with device,"100,000,000+",Free,0,Teen,Books & Reference,"August 1, 2018",Varies with device,Varies with device,UNITED KINGDOM
Au Pair Legend,LIFESTYLE,4.4,28,8.8M,"1,000+",Free,0,Everyone,Lifestyle,"July 19, 2018",3.5,5.0 and up,United States
AU Results - AU COE Corner,FAMILY,4.0,664,2.1M,"100,000+",Free,0,Everyone,Education,"December 14, 2017",2.2.5,4.1 and up,Canada
"view.com.au - Buy, Rent or Research Real Estate",LIFESTYLE,3.1,212,12M,"50,000+",Free,0,Everyone,Lifestyle,"September 26, 2017",2.1.4,4.1 and up,United States
AU Spark,FAMILY,3.7,681,8.2M,"10,000+",Free,0,Everyone,Education,"August 1, 2018",5.06,4.4 and up,Canada
Learners Test Free: AU Driver Knowledge Test (DKT),FAMILY,3.9,623,8.5M,"100,000+",Free,0,Everyone,Education,"March 26, 2018",3.5,4.1 and up,Canada
STUCOR - AU,FAMILY,4.5,1827,12M,"100,000+",Free,0,Everyone,Education,"June 5, 2018",1.3,4.1 and up,Canada
AU Students Zone (Result 2016),FAMILY,4.0,97,3.9M,"10,000+",Free,0,Everyone,Education,"July 1, 2016",1.1,4.0 and up,Canada
AU Results 2017 Auzone,FAMILY,3.8,762,4.1M,"100,000+",Free,0,Everyone,Education,"February 1, 2017",2.0,4.0 and up,Canada
AU Call Blocker - Block Unwanted Calls Texts 2018,COMMUNICATION,4.2,16,3.3M,"1,000+",Free,0,Everyone,Communication,"April 24, 2018",1.0.4,4.1 and up,UNITED KINGDOM
realcommercial.com.au,BUSINESS,4.4,128,6.7M,"50,000+",Free,0,Everyone,Business,"June 26, 2018",2.6.1,5.0 and up,United States
realcommercial.com.au,BUSINESS,4.4,128,6.7M,"50,000+",Free,0,Everyone,Business,"June 26, 2018",2.6.1,5.0 and up,CANADA
Dance On Mobile,FAMILY,4.1,23609,31M,"1,000,000+",Free,0,Teen,Casual,"April 13, 2018",1.26,4.0 and up,Canada
Alerte au gogol,FAMILY,,14,2.0M,"1,000+",Free,0,Everyone,Entertainment,"February 9, 2018",1.0.0.0,4.0 and up,Canada
Neuvaine au Saint-Esprit,LIFESTYLE,4.7,57,5.8M,"10,000+",Free,0,Everyone,Lifestyle,"September 18, 2017",1.1,4.0 and up,United States
Neuvaines et prières au Coeur Sacré de Jésus,LIFESTYLE,,17,3.7M,"5,000+",Free,0,Everyone,Lifestyle,"September 5, 2017",1.1,4.0 and up,United States
SMS Au revoir,FAMILY,,17,1.7M,"5,000+",Free,0,Everyone,Entertainment,"January 15, 2018",2.0.0,4.0 and up,Canada
Jobs in Canada - Emplois au Canada,BUSINESS,5.0,2,14M,"1,000+",Free,0,Teen,Business,"August 5, 2018",1.1,4.2 and up,United States
Jobs in Canada - Emplois au Canada,BUSINESS,5.0,2,14M,"1,000+",Free,0,Teen,Business,"August 5, 2018",1.1,4.2 and up,CANADA
Romance et Mystères au Lycée,FAMILY,,350,6.4M,"10,000+",Free,0,Teen,Entertainment,"February 23, 2017",1.0.0,4.0.3 and up,Canada
Au Rubis les bijoutiers,LIFESTYLE,,0,10M,100+,Free,0,Everyone,Lifestyle,"July 24, 2018",1.00.33,4.1 and up,United States
Job'Of - Emploi au Cameroun,BUSINESS,4.1,294,9.8M,"10,000+",Free,0,Everyone,Business,"July 5, 2018",4.1.2,4.0 and up,United States
Job'Of - Emploi au Cameroun,BUSINESS,4.1,294,9.8M,"10,000+",Free,0,Everyone,Business,"July 5, 2018",4.1.2,4.0 and up,CANADA
Total AV,PRODUCTIVITY,3.4,617,46M,"100,000+",Free,0,Everyone,Productivity,"April 17, 2018",1.5.3,4.1 and up,United States
日本AV历史,BOOKS_AND_REFERENCE,4.1,215,30M,"10,000+",Free,0,Teen,Books & Reference,"March 6, 2018",1.2,4.0 and up,UNITED KINGDOM
AV Buddy Free,FAMILY,4.1,25,47M,"5,000+",Free,0,Everyone,Education,"March 8, 2017",1.2,4.1 and up,Canada
AV HD Video Player,FAMILY,3.8,6,23M,"1,000+",Free,0,Everyone,Entertainment,"January 19, 2018",1.0,4.4 and up,Canada
Avakin Life - 3D virtual world,FAMILY,4.4,1275373,91M,"10,000,000+",Free,0,Teen,Role Playing,"July 3, 2018",1.021.10,4.1 and up,Canada
Baby Monitor AV,COMMUNICATION,3.3,1434,9.5M,"100,000+",Free,0,Everyone,Communication,"March 6, 2014",1.2.5,2.3 and up,UNITED KINGDOM
Gogo Vision (Biz Av),FAMILY,3.3,11,7.3M,"1,000+",Free,0,Teen,Entertainment,"August 23, 2017",3.4.0,4.1 and up,Canada
AV Phone,COMMUNICATION,,4,3.7M,"1,000+",Free,0,Everyone,Communication,"July 9, 2018",2.1.9,5.1 and up,UNITED KINGDOM
AV Pro Voice Changer,FAMILY,3.5,174,5.6M,"50,000+",Free,0,Everyone,Entertainment,"June 29, 2016",1.0.3,4.0 and up,Canada
AV Phonetics,FAMILY,4.3,259,49M,"10,000+",Free,0,Everyone,Education,"February 22, 2017",1.3.2,4.0 and up,Canada
AV MAX,LIFESTYLE,4.1,9,8.7M,"1,000+",Free,0,Everyone,Lifestyle,"July 18, 2018",7.2.2,4.1 and up,United States
"Mobile Security: Antivirus, Web Scan & App Lock",PRODUCTIVITY,4.4,574719,20M,"10,000,000+",Free,0,Everyone,Productivity,"July 16, 2018",5.0.0.1442,4.1 and up,United States
MyAV Remote for Denon & Marantz AV Receivers,LIFESTYLE,3.8,250,7.3M,"50,000+",Free,0,Everyone,Lifestyle,"July 31, 2018",Cow V3.15,4.3 and up,United States
Kinot & Eichah for Tisha B'Av,BOOKS_AND_REFERENCE,4.4,98,6.3M,"10,000+",Free,0,Everyone,Books & Reference,"August 4, 2014",1.5,2.2 and up,UNITED KINGDOM
Professional AV Solution & Products information,PRODUCTIVITY,4.5,24,22M,"1,000+",Free,0,Everyone,Productivity,"July 12, 2017",2.0.1,4.2 and up,United States
AV High School District,FAMILY,3.5,91,25M,"10,000+",Free,0,Everyone,Education,"April 5, 2018",5.2.002,4.1 and up,Canada
Kinot Tisha'a Be'av - Ashkenaz,LIFESTYLE,4.5,82,8.7M,"5,000+",Free,0,Everyone,Lifestyle,"July 26, 2015",2.1,2.3.3 and up,United States
AW - free video calls and chat,COMMUNICATION,4.0,7317,Varies with device,"1,000,000+",Free,0,Teen,Communication,"July 4, 2018",1.0.08.73,4.0.3 and up,UNITED KINGDOM
Aw Restaurant,FAMILY,4.8,4,43M,100+,Free,0,Everyone,Casual,"February 6, 2018",1.0,4.0 and up,Canada
AW Tozer Devotionals - Daily,BOOKS_AND_REFERENCE,4.2,8,3.9M,"5,000+",Free,0,Everyone,Books & Reference,"October 7, 2016",1.0,2.3 and up,UNITED KINGDOM
AW Toolbox,BUSINESS,,3,13M,100+,Paid,$19.90,Everyone,Business,"December 22, 2016",1.6.2,4.0 and up,United States
AW Toolbox,BUSINESS,,3,13M,100+,Paid,$19.90,Everyone,Business,"December 22, 2016",1.6.2,4.0 and up,CANADA
AW Training,FAMILY,4.6,11,17M,"1,000+",Free,0,Everyone,Education,"July 5, 2018",3.3.2,4.0.3 and up,Canada
AW Connect,FAMILY,,0,26M,10+,Free,0,Everyone,Education,"June 26, 2018",3.0.10,4.0.3 and up,Canada
AW,FAMILY,,0,Varies with device,5+,Free,0,Everyone 10+,Strategy,"August 28, 2015",Varies with device,Varies with device,Canada
AW Radio,FAMILY,,1,1.7M,100+,Free,0,Teen,Entertainment,"June 24, 2015",2,2.2 and up,Canada
AirWatch Agent,BUSINESS,3.1,20973,31M,"5,000,000+",Free,0,Everyone,Business,"August 1, 2018",8.2.0.84,4.0 and up,United States
AirWatch Agent,BUSINESS,3.1,20973,31M,"5,000,000+",Free,0,Everyone,Business,"August 1, 2018",8.2.0.84,4.0 and up,CANADA
Tozer Devotional -Series 1,BOOKS_AND_REFERENCE,5.0,5,4.3M,"1,000+",Free,0,Everyone,Books & Reference,"October 8, 2016",1.0,2.3 and up,UNITED KINGDOM
HCP Anywhere,BUSINESS,4.7,114,8.6M,"5,000+",Free,0,Everyone,Business,"March 30, 2018",3.1.0.2,4.3 and up,United States
HCP Anywhere,BUSINESS,4.7,114,8.6M,"5,000+",Free,0,Everyone,Business,"March 30, 2018",3.1.0.2,4.3 and up,CANADA
Advanced Warfare Guns,FAMILY,2.9,2079,5.6M,"100,000+",Free,0,Everyone,Entertainment,"June 6, 2015",1.2.2,3.0 and up,Canada
AirWatch Inbox,BUSINESS,2.7,8346,Varies with device,"1,000,000+",Free,0,Everyone,Business,"September 20, 2017",Varies with device,4.0 and up,United States
AirWatch Inbox,BUSINESS,2.7,8346,Varies with device,"1,000,000+",Free,0,Everyone,Business,"September 20, 2017",Varies with device,4.0 and up,CANADA
Bits Watch Face,PRODUCTIVITY,4.0,6205,Varies with device,"100,000+",Free,0,Everyone,Productivity,"February 5, 2018",Varies with device,Varies with device,United States
The Pursuit of God,BOOKS_AND_REFERENCE,4.8,6,1.6M,"1,000+",Free,0,Everyone,Books & Reference,"February 14, 2017",5.0,3.0 and up,UNITED KINGDOM
F05WatchFace for Android Wear,PRODUCTIVITY,3.9,127,5.9M,"1,000+",Paid,$0.99,Everyone,Productivity,"December 24, 2017",7.0.1,4.3 and up,United States
Anime Expo 2018,FAMILY,4.7,54,44M,"10,000+",Free,0,Everyone,Entertainment,"June 8, 2018",2.1,5.0 and up,Canada
Adventure Xpress,FAMILY,4.2,24775,30M,"100,000+",Free,0,Everyone 10+,Puzzle,"October 12, 2015",1.2.1,2.3.3 and up,Canada
Dynamics AX,BUSINESS,3.7,244,976k,"10,000+",Free,0,Everyone,Business,"October 26, 2015",3.3,2.3.3 and up,United States
Dynamics AX,BUSINESS,3.7,244,976k,"10,000+",Free,0,Everyone,Business,"October 26, 2015",3.3,2.3.3 and up,CANADA
Armani Exchange Connected,LIFESTYLE,4.1,305,44M,"10,000+",Free,0,Everyone,Lifestyle,"July 4, 2017",1.5.0,4.4 and up,United States
Katalogen.ax,COMMUNICATION,,1,172k,100+,Free,0,Everyone,Communication,"October 2, 2014",1.0.0,2.2 and up,UNITED KINGDOM
Axe,FAMILY,,18,24M,"1,000+",Free,0,Everyone,Simulation,"December 1, 2017",1.0,4.1 and up,Canada
Tips Microsoft Dynamics Ax,PRODUCTIVITY,,1,2.3M,500+,Free,0,Everyone,Productivity,"July 8, 2017",1.0,4.1 and up,United States
AX Timesheets App for Dynamics,BUSINESS,,0,9.0M,10+,Free,0,Everyone,Business,"February 15, 2018",1.0.5,4.4 and up,United States
AX Timesheets App for Dynamics,BUSINESS,,0,9.0M,10+,Free,0,Everyone,Business,"February 15, 2018",1.0.5,4.4 and up,CANADA
Axe Spinner,FAMILY,3.0,2,Varies with device,10+,Free,0,Everyone,Casual,"January 4, 2018",1.0.0,4.1 and up,Canada
INTERACTIVE CALCULUS PRO,FAMILY,,0,3.3M,10+,Paid,$0.99,Everyone,Education,"February 22, 2018",1.2,4.0.3 and up,Canada
Workflow Approvals App AX 2012,BUSINESS,,2,3.0M,100+,Free,0,Everyone,Business,"July 12, 2018",1.6(3)-demo,4.0.3 and up,United States
Workflow Approvals App AX 2012,BUSINESS,,2,3.0M,100+,Free,0,Everyone,Business,"July 12, 2018",1.6(3)-demo,4.0.3 and up,CANADA
Tips & Tricks Dynamics AX 365,PRODUCTIVITY,,1,2.2M,100+,Free,0,Everyone,Productivity,"July 14, 2017",1.0,4.0.3 and up,United States
Throw Knife,FAMILY,3.7,291,37M,"100,000+",Free,0,Everyone,Simulation,"September 14, 2017",2.04,4.1 and up,Canada
INTERACTIVE CALCULUS FOR MATHS AND PHYSICS,FAMILY,4.8,53,4.4M,"1,000+",Free,0,Everyone,Education,"February 28, 2018",1.3,4.0.3 and up,Canada
AX!OM,LIFESTYLE,,5,28M,50+,Free,0,Everyone,Lifestyle,"February 16, 2017",1.3,4.1 and up,United States
AX Selfie,LIFESTYLE,4.6,10,3.4M,500+,Free,0,Everyone,Lifestyle,"August 31, 2015",1.0.0,4.0 and up,United States
Axe Clicker,FAMILY,4.3,10446,64M,"500,000+",Free,0,Everyone,Casual,"July 13, 2018",1.0.142,4.0.3 and up,Canada
AY Sing,BOOKS_AND_REFERENCE,4.8,111,10M,"5,000+",Free,0,Everyone,Books & Reference,"May 21, 2018",1.6.2,4.1 and up,UNITED KINGDOM
Ay Up,FAMILY,4.5,11,7.2M,100+,Free,0,Everyone,Entertainment,"October 27, 2015",3.0.0,2.1 and up,Canada
¡Ay Caramba!,FAMILY,,0,549k,1+,Paid,$1.99,Everyone,Education,"June 13, 2014",1.2,3.0 and up,Canada
25 Mins Ako ay may lobo Etc Pinoy Kid Song Offline,FAMILY,,0,42M,10+,Free,0,Mature 17+,Entertainment,"July 29, 2018",3.0,2.3 and up,Canada
Ako ay may lobo Pinoy Kid Song Offline,FAMILY,,0,9.7M,1+,Free,0,Mature 17+,Entertainment,"July 30, 2018",3.0,2.3 and up,Canada
Ay Telekom Oim,LIFESTYLE,,6,13M,100+,Free,0,Everyone,Lifestyle,"February 17, 2018",1.0.2,4.1 and up,United States
Holy Quran Mehmet Emin Ay,LIFESTYLE,,649,55M,"10,000+",Free,0,Everyone,Lifestyle,"March 14, 2017",1.3.1,4.0.3 and up,United States
Ay Hasnain k Nana Milad Naat,BOOKS_AND_REFERENCE,4.3,72,1.9M,"10,000+",Free,0,Everyone,Books & Reference,"December 21, 2015",1.0,2.3 and up,UNITED KINGDOM
Mehmet Emin Ay İlahileri,FAMILY,,0,5.1M,10+,Free,0,Everyone,Entertainment,"July 13, 2018",1.0,4.1 and up,Canada
Lunar Calendar,LIFESTYLE,4.5,484,Varies with device,"1,000+",Paid,$4.99,Mature 17+,Lifestyle,"July 17, 2018",Varies with device,Varies with device,United States
Pinoy Kid Song Ako ay may Lobo,FAMILY,4.6,23,17M,"10,000+",Free,0,Everyone,Education,"September 12, 2016",1.0,2.2 and up,Canada
Lunar Calendar Lite,LIFESTYLE,4.1,2954,Varies with device,"100,000+",Free,0,Mature 17+,Lifestyle,"July 17, 2018",Varies with device,Varies with device,United States
Ay Mohabbat Teri Khatir Novel,BOOKS_AND_REFERENCE,4.2,27,4.3M,"10,000+",Free,0,Everyone,Books & Reference,"January 30, 2018",1.0,4.0 and up,UNITED KINGDOM
AY Recruitment,BUSINESS,,1,4.0M,10+,Free,0,Everyone,Business,"May 22, 2018",1.1.1,4.4 and up,United States
AY Recruitment,BUSINESS,,1,4.0M,10+,Free,0,Everyone,Business,"May 22, 2018",1.1.1,4.4 and up,CANADA
Quran Khmer Offline AY,FAMILY,5.0,41,4.0M,"1,000+",Free,0,Everyone,Education,"December 13, 2017",10.6,4.2 and up,Canada
AY EMLAK,BUSINESS,,8,1.2M,10+,Free,0,Teen,Business,"July 11, 2018",1.0,4.0.3 and up,United States
AY EMLAK,BUSINESS,,8,1.2M,10+,Free,0,Teen,Business,"July 11, 2018",1.0,4.0.3 and up,CANADA
Google Play Games,FAMILY,4.3,7168735,Varies with device,"1,000,000,000+",Free,0,Teen,Entertainment,"July 16, 2018",Varies with device,Varies with device,Canada
Ay Peruk,BUSINESS,,0,3.4M,1+,Free,0,Everyone,Business,"October 31, 2017",1.1.0,4.0 and up,United States
Ay Peruk,BUSINESS,,0,3.4M,1+,Free,0,Everyone,Business,"October 31, 2017",1.1.0,4.0 and up,CANADA
Masha and The Bear,FAMILY,4.0,39779,19M,"5,000,000+",Free,0,Everyone,Video Players & Editors;Music & Video,"August 5, 2016",4.0.1,4.0.3 and up,Canada
Gangster Town: Vice District,FAMILY,4.3,65146,100M,"10,000,000+",Free,0,Mature 17+,Simulation,"May 31, 2018",2.1,4.0 and up,Canada
AZ Browser. Private & Download,COMMUNICATION,4.4,1520,5.2M,"100,000+",Free,0,Everyone,Communication,"December 31, 2016",1.4,4.4 and up,UNITED KINGDOM
AZ Lottery Players Club,FAMILY,4.2,97,8.9M,"10,000+",Free,0,Everyone,Entertainment,"July 9, 2018",2.0.0(9),4.0.3 and up,Canada
Kids A-Z,FAMILY,4.2,26426,30M,"1,000,000+",Free,0,Everyone,Education;Education,"August 2, 2018",4.1.0,4.4 and up,Canada
A-Z App Store,PRODUCTIVITY,3.2,2728,4.4M,"500,000+",Free,0,Everyone,Productivity,"October 5, 2016",1.0.5,4.1 and up,United States
Permit Test AZ Arizona MVD DOT,FAMILY,4.6,227,11M,"10,000+",Free,0,Everyone,Education,"October 12, 2017",2.9.0,4.1 and up,Canada
Long Realty AZ Home Search,LIFESTYLE,4.4,132,33M,"10,000+",Free,0,Everyone,Lifestyle,"March 6, 2018",5.805.180306,4.1 and up,United States
Alphabet A-Z,FAMILY,3.9,306,Varies with device,"100,000+",Free,0,Everyone,Casual,"April 17, 2014",Varies with device,Varies with device,Canada
Az Content,FAMILY,3.5,24,13M,"10,000+",Free,0,Everyone,Entertainment,"June 5, 2018",1.0.15,4.1 and up,Canada
Catalyst AZ,FAMILY,4.8,12,8.4M,500+,Free,0,Teen,Education,"June 27, 2018",3.8.0,4.1 and up,Canada
Graffiti Letters (A-Z),LIFESTYLE,3.9,386,7.9M,"50,000+",Free,0,Everyone,Lifestyle,"February 18, 2017",2.1.5,4.0 and up,United States
Arizona Mobile,FAMILY,4.3,285,6.2M,"10,000+",Free,0,Everyone,Education,"November 7, 2017",4.7,4.1 and up,Canada
AZ Mobile Gizmo,BUSINESS,4.4,16,3.7M,"1,000+",Free,0,Everyone,Business,"April 2, 2018",3.4.4,4.2 and up,United States
AZ Mobile Gizmo,BUSINESS,4.4,16,3.7M,"1,000+",Free,0,Everyone,Business,"April 2, 2018",3.4.4,4.2 and up,CANADA
Az Video Status,FAMILY,4.8,13,6.0M,100+,Free,0,Everyone,Entertainment,"August 2, 2018",1.0.4,4.1 and up,Canada
"Arizona Statutes, ARS (AZ Law)",BOOKS_AND_REFERENCE,3.9,9,8.8M,"1,000+",Free,0,Everyone,Books & Reference,"October 18, 2017",1.6,4.4 and up,UNITED KINGDOM
Arizona DMV Permit Test - AZ,FAMILY,4.2,109,30M,"10,000+",Free,0,Everyone,Education,"February 15, 2018",6.0.3,4.4 and up,Canada
Oxford A-Z of English Usage,BOOKS_AND_REFERENCE,4.0,5300,11M,"1,000,000+",Free,0,Everyone,Books & Reference,"November 28, 2017",9.1.284,4.1 and up,UNITED KINGDOM
AZ Practice Test & Questions,FAMILY,4.4,13,3.4M,"1,000+",Free,0,Everyone,Education,"March 23, 2017",1.0,2.3.3 and up,Canada
Ultrasound A-Z,FAMILY,4.5,112,39M,"10,000+",Free,0,Everyone,Education,"June 5, 2018",1.5,4.0 and up,Canada
A-Z Punjabi Songs & Music Videos 2018,FAMILY,4.3,367,5.1M,"100,000+",Free,0,Everyone,Entertainment,"May 17, 2018",1.0.19,4.1 and up,Canada
Manga AZ - Manga Comic Reader,COMICS,3.3,126,4.7M,"5,000+",Free,0,Teen,Comics,"July 24, 2018",1.0.4,4.0.3 and up,AUSTRALIA
Barista Coffee Dictionary A-Z,LIFESTYLE,4.3,127,5.5M,"10,000+",Free,0,Everyone,Lifestyle,"June 3, 2016",3.0.0,4.1 and up,United States
BA4You,BUSINESS,2.1,87,26M,"5,000+",Free,0,Everyone,Business,"April 26, 2018",1.6.0.0,4.0 and up,United States
BA4You,BUSINESS,2.1,87,26M,"5,000+",Free,0,Everyone,Business,"April 26, 2018",1.6.0.0,4.0 and up,CANADA
BA Calculator,PRODUCTIVITY,4.1,22,2.4M,"5,000+",Free,0,Everyone,Productivity,"July 22, 2018",1.2.1,4.0.3 and up,United States
ba,FAMILY,3.1,1734,5.8M,"500,000+",Free,0,Everyone,Strategy,"June 8, 2016",1.0.3,4.0 and up,Canada
BA SALES,COMMUNICATION,,0,2.9M,1+,Free,0,Everyone,Communication,"January 31, 2018",1.0,4.0.3 and up,UNITED KINGDOM
Goody.ba,FAMILY,4.7,303,42M,"10,000+",Free,0,Everyone,Entertainment,"July 22, 2018",2.0.5,4.1 and up,Canada
Alif Ba Ta Bullseye,FAMILY,,1,16M,5+,Paid,$1.99,Everyone,Educational,"May 30, 2016",1.1,2.2 and up,Canada
Learn alif ba ta,FAMILY,4.8,23,35M,"10,000+",Free,0,Everyone,Educational;Education,"November 28, 2017",1.0.2,2.3 and up,Canada
Learn Quran with Elif Ba,FAMILY,,3,12M,100+,Paid,$1.49,Everyone,Education,"March 3, 2017",1.2,2.3 and up,Canada
Arabic Alif Ba Ta For Kids,FAMILY,4.5,226,26M,"100,000+",Free,0,Everyone,Education;Education,"May 30, 2017",1.0.0,2.3 and up,Canada
Arabic Alphabet Alif Ba Ta Wooden Blocks,FAMILY,4.6,66,17M,"10,000+",Free,0,Everyone,Educational;Education,"February 25, 2018",1.0.0,2.3 and up,Canada
Let's Learn Alif Ba Ta,FAMILY,4.6,32,60M,"10,000+",Free,0,Everyone,Education,"November 29, 2017",6,4.0.3 and up,Canada
Sufara.ba,FAMILY,4.9,285,25M,"10,000+",Free,0,Everyone,Education,"January 5, 2018",1.0.5,4.4 and up,Canada
Elif Ba - Learn The Holy Quran,FAMILY,4.8,1491,38M,"50,000+",Free,0,Everyone,Education,"October 31, 2017",1.3,4.1 and up,Canada
Instant Ba-dum-tss,FAMILY,4.0,13,2.0M,"1,000+",Free,0,Everyone,Entertainment,"September 23, 2015",1.0,1.6 and up,Canada
Ba Zi Fortune,LIFESTYLE,3.9,592,2.5M,"100,000+",Free,0,Everyone,Lifestyle,"January 2, 2018",1.0.23,2.3 and up,United States
BA VPN - Free Unlimited VPN,FAMILY,4.1,181,9.2M,"10,000+",Free,0,Everyone,Entertainment,"June 14, 2018",1.2.1,5.0 and up,Canada
Ba dum tss - Rimshot widget,COMICS,4.1,690,444k,"50,000+",Free,0,Everyone,Comics,"September 29, 2015",1.2.3,2.2 and up,AUSTRALIA
Alif Ba Ta Song - Arabic Kids,FAMILY,4.5,227,15M,"50,000+",Free,0,Everyone,Educational;Education,"February 24, 2018",1.0,2.3 and up,Canada
PROFESSOR SEE-BA LINGUAGENS E SUAS TECNOLOGIAS,PRODUCTIVITY,,0,3.7M,10+,Paid,$2.99,Everyone,Productivity,"December 1, 2017",1.0,4.0 and up,United States
Poteau BA,FAMILY,,3,4.0M,500+,Free,0,Everyone,Education,"July 16, 2017",1.0.2,5.0 and up,Canada
Ain Arabic Kids Alif Ba ta,FAMILY,,0,33M,0+,Paid,$2.99,Everyone,Education,"April 15, 2016",1.0,3.0 and up,Canada
Bedouin Rivals,FAMILY,4.2,79826,Varies with device,"1,000,000+",Free,0,Everyone 10+,Strategy,"July 26, 2018",4.0.4,4.1 and up,Canada
Elifba Quran Learning Game,FAMILY,4.7,1424,19M,"100,000+",Free,0,Everyone,Educational,"June 7, 2018",2.2,4.1 and up,Canada
"Survival Mobile:10,000 BC",FAMILY,4.3,7441,52M,"500,000+",Free,0,Everyone 10+,Strategy,"August 2, 2018",0.1.801,2.3 and up,Canada
BC Connect,FAMILY,3.8,11,17M,"1,000+",Free,0,Everyone,Education,"March 14, 2018",2.6.12,4.1 and up,Canada
Ice Crush 10.000 B.C.,FAMILY,4.4,31,4.2M,100+,Paid,$0.99,Everyone,Casual,"August 15, 2013",1.48,2.0 and up,Canada
BC Navigator,FAMILY,4.4,21,32M,"1,000+",Free,0,Everyone,Education,"May 10, 2018",3.2,4.0.3 and up,Canada
BC Lotto Check,FAMILY,3.0,10,717k,"5,000+",Free,0,Everyone,Entertainment,"June 22, 2016",0.0.7,4.0.3 and up,Canada
BC Liquor Stores,LIFESTYLE,3.7,492,4.3M,"50,000+",Free,0,Everyone,Lifestyle,"October 5, 2015",3.6,2.2 and up,United States
BC MVA Fines,BOOKS_AND_REFERENCE,5.0,5,7.2M,50+,Paid,$1.75,Everyone,Books & Reference,"October 8, 2015",1.0,4.1 and up,UNITED KINGDOM
"Town of Princeton, BC",PRODUCTIVITY,4.8,4,31M,100+,Free,0,Everyone,Productivity,"June 25, 2018",3.3.8,4.0 and up,United States
Bridge Constructor Stunts FREE,FAMILY,4.1,36151,46M,"1,000,000+",Free,0,Everyone,Simulation,"April 22, 2017",2.7,3.2 and up,Canada
BC's Pizza,LIFESTYLE,4.7,113,20M,"1,000+",Free,0,Everyone,Lifestyle,"September 30, 2016",3.0.0,4.0 and up,United States
BC Mobile Intro - Americas,LIFESTYLE,,0,3.1M,50+,Free,0,Everyone,Lifestyle,"June 21, 2018",4.1.0,4.0.3 and up,United States
Car Driving Theory Test BC,FAMILY,,0,2.2M,10+,Paid,$1.49,Everyone,Education,"April 9, 2012",1.0,2.1 and up,Canada
Truck Driving Test Class 3 BC,FAMILY,1.0,1,2.0M,50+,Paid,$1.49,Everyone,Education,"April 9, 2012",1.0,2.1 and up,Canada
Business Calendar Pro,PRODUCTIVITY,4.6,27135,Varies with device,"100,000+",Paid,$4.99,Everyone,Productivity,"May 24, 2018",Varies with device,Varies with device,United States
BC Wildflowers,FAMILY,4.4,7,81M,"1,000+",Free,0,Everyone,Education,"July 10, 2017",3.5,4.1 and up,Canada
British Columbia License,FAMILY,3.3,14,11M,"1,000+",Free,0,Everyone,Education,"January 19, 2015",1.2,4.0 and up,Canada
BC browser,BUSINESS,,1,3.4M,100+,Free,0,Everyone,Business,"January 17, 2018",1.1.0,4.0 and up,United States
BC browser,BUSINESS,,1,3.4M,100+,Free,0,Everyone,Business,"January 17, 2018",1.1.0,4.0 and up,CANADA
AP Calculus BC Practice Test,FAMILY,4.2,4,29M,500+,Free,0,Everyone,Education,"January 25, 2018",6.0.2,4.4 and up,Canada
BC Pizza,LIFESTYLE,2.3,3,2.6M,500+,Free,0,Everyone,Lifestyle,"January 12, 2016",1.0,4.2 and up,United States
Railroad Radio Vancouver BC,FAMILY,5.0,4,1.7M,100+,Free,0,Teen,Entertainment,"June 28, 2015",1,2.2 and up,Canada
AP Calculus BC: Practice Tests and Flashcards,FAMILY,3.6,5,5.4M,"1,000+",Free,0,Everyone,Education,"July 3, 2018",1.6.7.1,4.1 and up,Canada
Aura Hair Group BC,BEAUTY,,0,Varies with device,100+,Free,0,Everyone,Beauty,"April 23, 2018",Varies with device,4.0.3 and up,INDIA
Bridge Constructor Playground FREE,FAMILY,3.9,137377,30M,"5,000,000+",Free,0,Everyone,Simulation,"April 12, 2017",2.2,4.0.3 and up,Canada
"BDCast - Bangla Live TV,Radio",FAMILY,4.4,7461,31M,"1,000,000+",Free,0,Everyone,Entertainment,"May 20, 2018",4.2.1,4.1 and up,Canada
bd's Mongolian Grill,LIFESTYLE,4.2,120,14M,"10,000+",Free,0,Everyone,Lifestyle,"February 23, 2018",1.5.1,4.1 and up,United States
Jagobd - Bangla TV(Official),FAMILY,4.3,39109,4.0M,"1,000,000+",Free,0,Everyone,Entertainment,"December 20, 2017",6.5,4.0 and up,Canada
Business Dictionary,BUSINESS,4.2,5988,Varies with device,"500,000+",Free,0,Everyone,Business,"May 16, 2016",Varies with device,Varies with device,United States
Business Dictionary,BUSINESS,4.2,5988,Varies with device,"500,000+",Free,0,Everyone,Business,"May 16, 2016",Varies with device,Varies with device,CANADA
BD Data Plan (3G & 4G),COMMUNICATION,4.4,10341,6.9M,"500,000+",Free,0,Everyone,Communication,"July 5, 2018",5.2.4,4.1 and up,UNITED KINGDOM
বাংলা টিভি প্রো BD Bangla TV,FAMILY,4.3,193,14M,"10,000+",Free,0,Everyone,Entertainment,"April 29, 2017",1.3,4.0 and up,Canada
"Izneo, Read Manga, Comics & BD",COMICS,3.3,1476,18M,"500,000+",Free,0,Teen,Comics,"June 11, 2018",7.3,4.0 and up,AUSTRALIA
BD Radio TV Free List,FAMILY,4.3,539,13M,"50,000+",Free,0,Everyone,Entertainment,"August 1, 2018",1.3,4.2 and up,Canada
BD Simplist Through Their Eyes,FAMILY,,1,38M,10+,Free,0,Everyone,Simulation,"December 4, 2015",1.0,4.1 and up,Canada
BD Earn Pro,FAMILY,4.2,540,3.2M,"10,000+",Free,0,Everyone,Entertainment,"August 1, 2018",2.4,4.1 and up,Canada
Comics Reader,COMICS,3.9,4496,609k,"100,000+",Free,0,Everyone,Comics,"October 29, 2017",2.3.216,2.3 and up,AUSTRALIA
Upohar BD,BUSINESS,3.4,9,1.7M,"1,000+",Free,0,Everyone,Business,"October 8, 2016",1.0,3.0 and up,United States
Upohar BD,BUSINESS,3.4,9,1.7M,"1,000+",Free,0,Everyone,Business,"October 8, 2016",1.0,3.0 and up,CANADA
Electricity Bill Calculator BD,PRODUCTIVITY,4.3,247,4.0M,"10,000+",Free,0,Everyone,Productivity,"June 22, 2016",1.2,4.0.3 and up,United States
BD Fishpedia,BOOKS_AND_REFERENCE,4.8,123,6.5M,"1,000+",Free,0,Everyone,Books & Reference,"March 15, 2017",3.15317,3.0 and up,UNITED KINGDOM
BD Attendance,PRODUCTIVITY,4.8,93,14M,"1,000+",Free,0,Everyone,Productivity,"July 17, 2018",2.3.14,4.3 and up,United States
BD All Sim Offer,BOOKS_AND_REFERENCE,4.5,197,2.8M,"10,000+",Free,0,Everyone,Books & Reference,"January 3, 2017",1.2,4.1 and up,UNITED KINGDOM
BD TYCOON,FAMILY,3.3,16,33M,500+,Free,0,Everyone,Simulation,"July 6, 2017",1.2,4.1 and up,Canada
BD Sports Box & TV,FAMILY,4.2,5,3.3M,500+,Free,0,Everyone,Entertainment,"April 13, 2018",1.1,4.0.3 and up,Canada
BD Field Force,PRODUCTIVITY,4.2,41,15M,"1,000+",Free,0,Everyone,Productivity,"August 1, 2018",1.3.13,4.3 and up,United States
BD All Results,FAMILY,4.1,205,7.3M,"50,000+",Free,0,Everyone,Education,"November 29, 2017",9.0,4.0.3 and up,Canada
BD Online Passport Application,FAMILY,4.6,12,2.4M,"5,000+",Free,0,Everyone,Education,"October 7, 2017",3.0,4.0.3 and up,Canada
BD Internet Packages (Updated),COMMUNICATION,4.0,474,3.0M,"50,000+",Free,0,Everyone,Communication,"August 5, 2016",0.0.5,4.0 and up,UNITED KINGDOM
Live Radio BD,FAMILY,4.2,69,3.5M,"10,000+",Free,0,Everyone,Entertainment,"May 4, 2015",1.1,4.0 and up,Canada
BD Dialer,COMMUNICATION,4.1,29,13M,"10,000+",Free,0,Everyone,Communication,"July 9, 2018",1.8.3,4.1 and up,UNITED KINGDOM
"Youboox - Livres, BD et magazines",BOOKS_AND_REFERENCE,3.7,4071,Varies with device,"500,000+",Free,0,Teen,Books & Reference,"April 3, 2018",Varies with device,Varies with device,UNITED KINGDOM
BD Hospital's,FAMILY,4.7,12,2.3M,100+,Free,0,Everyone,Education,"October 7, 2015",1.1,3.0 and up,Canada
Rabbithole,FAMILY,3.5,3347,15M,"100,000+",Free,0,Everyone,Entertainment,"July 18, 2018",1.1.15.12,4.4 and up,Canada
Educationboard Results BD,FAMILY,4.0,983,7.2M,"100,000+",Free,0,Everyone,Education,"June 12, 2018",1.0,4.0 and up,Canada
BD Online Shop,BUSINESS,4.2,63,13M,"5,000+",Free,0,Everyone,Business,"September 13, 2015",3.0.1,2.3.3 and up,United States
BD Online Shop,BUSINESS,4.2,63,13M,"5,000+",Free,0,Everyone,Business,"September 13, 2015",3.0.1,2.3.3 and up,CANADA
Exam Result BD,FAMILY,5.0,2,2.6M,500+,Free,0,Everyone,Education,"July 22, 2017",1.0,3.2 and up,Canada
BD Live Call,COMMUNICATION,4.4,7,308k,"5,000+",Free,0,Everyone,Communication,"September 6, 2016",1.01,2.0 and up,UNITED KINGDOM
Helping BD,LIFESTYLE,5.0,15,4.5M,100+,Free,0,Everyone,Lifestyle,"June 19, 2018",2.1,4.0.3 and up,United States
Best Browser BD social networking,COMMUNICATION,4.8,6,21M,10+,Free,0,Everyone,Communication,"July 4, 2018",2.0,4.1 and up,UNITED KINGDOM
Traffic signs BD,COMMUNICATION,4.4,7,5.3M,500+,Free,0,Everyone,Communication,"October 8, 2015",1.0,4.1 and up,UNITED KINGDOM
Be My Eyes - Helping the blind,LIFESTYLE,4.9,8418,21M,"500,000+",Free,0,Everyone,Lifestyle,"July 11, 2018",1.2.9,4.4 and up,United States
Be My Princess: PARTY,FAMILY,4.4,9443,21M,"100,000+",Free,0,Teen,Simulation,"December 12, 2016",1.8.0,4.0.3 and up,Canada
Be My Princess 2,FAMILY,4.3,2806,27M,"100,000+",Free,0,Teen,Entertainment,"March 20, 2018",3.6,2.3 and up,Canada
Millionaire Quiz Free: Be Rich,FAMILY,3.8,66033,6.8M,"10,000,000+",Free,0,Everyone,Casual,"January 1, 2018",2.5.1,4.0 and up,Canada
Be My Princess,FAMILY,4.2,3103,8.8M,"100,000+",Free,0,Teen,Entertainment,"September 19, 2017",6.5,2.2 and up,Canada
Fat No More - Be the Biggest Loser in the Gym!,FAMILY,3.8,48545,38M,"1,000,000+",Free,0,Everyone,Casual,"August 3, 2018",1.2.14,4.1 and up,Canada
Be Like Bill - Maker,FAMILY,4.3,18,1.7M,"1,000+",Free,0,Everyone,Entertainment,"January 27, 2016",1.2,3.2 and up,Canada
Hair Salon - Fun Games,FAMILY,3.8,484226,27M,"50,000,000+",Free,0,Teen,Casual,"June 15, 2018",3.0.10,4.0 and up,Canada
Make your Be Like Bill,COMICS,4.0,78,2.8M,"5,000+",Free,0,Everyone,Comics,"January 16, 2016",1.0,2.3 and up,AUSTRALIA
Be like Bill Generator,FAMILY,4.2,67,6.5M,"5,000+",Free,0,Teen,Entertainment,"January 29, 2016",1.08,4.0.3 and up,Canada
"Star Girl - Fashion, Makeup & Dress Up",FAMILY,4.3,556929,53M,"10,000,000+",Free,0,Teen,Casual,"April 19, 2018",4.2.1,4.0.3 and up,Canada
Be Like Bro - Compilation,FAMILY,4.4,146,3.9M,"10,000+",Free,0,Teen,Entertainment,"March 30, 2018",2.4,4.1 and up,Canada
The Sims™ Mobile,FAMILY,4.5,559597,89M,"10,000,000+",Free,0,Teen,Simulation,"July 26, 2018",11.1.1.179661,4.1 and up,Canada
OK K.O.! Lakewood Plaza Turbo,FAMILY,4.5,76608,24M,"1,000,000+",Free,0,Everyone 10+,Action;Action & Adventure,"January 5, 2017",1.3.1,4.0 and up,Canada
She Will Be Loved Lyrics,FAMILY,,2,705k,100+,Free,0,Everyone,Entertainment,"March 1, 2016",1.0,2.1 and up,Canada
Nick,FAMILY,4.2,123309,25M,"10,000,000+",Free,0,Everyone 10+,Entertainment;Music & Video,"January 24, 2018",2.0.8,4.4 and up,Canada
BF Movies Fun,FAMILY,3.8,63,3.7M,"10,000+",Free,0,Teen,Entertainment,"April 7, 2018",1.0,2.3.3 and up,Canada
BF Browser by Betfilter - Stop Gambling Today!,COMMUNICATION,3.0,39,4.6M,"10,000+",Free,0,Everyone,Communication,"September 4, 2017",1.4,4.0.3 and up,UNITED KINGDOM
My BF App,COMMUNICATION,4.1,141,9.9M,"50,000+",Free,0,Everyone,Communication,"December 19, 2017",2.0,4.0 and up,UNITED KINGDOM
BF games,FAMILY,4.1,262,29M,"50,000+",Free,0,Everyone,Puzzle,"November 1, 2017",1.1,4.0.3 and up,Canada
BF 3d Wallpapers,FAMILY,4.1,256,2.5M,"100,000+",Free,0,Teen,Entertainment,"June 18, 2015",4.7,3.0 and up,Canada
Hot Bhojpuri Video songs,FAMILY,4.1,28892,6.3M,"5,000,000+",Free,0,Teen,Entertainment,"July 11, 2018",1.3,4.0 and up,Canada
GF - BF Chat Stories - Hindi English Convesation,FAMILY,4.1,32,4.1M,"10,000+",Free,0,Everyone,Education,"June 18, 2018",1.5,4.1 and up,Canada
BF 4 Guns,FAMILY,4.0,1542,13M,"50,000+",Free,0,Everyone,Entertainment,"June 9, 2015",3.0,3.0 and up,Canada
My Virtual Boyfriend,FAMILY,4.3,105,51M,"1,000+",Paid,$0.99,Teen,Casual,"February 17, 2017",3.6,2.3.3 and up,Canada
Sexy Hot Detector Prank,FAMILY,3.9,17067,2.7M,"5,000,000+",Free,0,Everyone,Casual,"February 13, 2018",2.4.4,4.1 and up,Canada
BF Beautiful Nature,FAMILY,3.6,5,2.5M,"1,000+",Free,0,Mature 17+,Entertainment,"June 11, 2015",4.1,3.0 and up,Canada
BF 3d Images,FAMILY,4.3,19,2.5M,"1,000+",Free,0,Teen,Entertainment,"June 17, 2015",4.5,3.0 and up,Canada
Jigsaw Puzzles Bus Scania BF,FAMILY,,3,6.6M,"1,000+",Free,0,Teen,Puzzle,"November 7, 2016",1.0,4.0 and up,Canada
BF 3d View Wallpapers,FAMILY,,4,2.5M,"1,000+",Free,0,Teen,Entertainment,"June 18, 2015",4.6,3.0 and up,Canada
Hot Bhojpuri Video Song 2018 - Free Movies,FAMILY,4.4,447,3.7M,"100,000+",Free,0,Mature 17+,Entertainment,"April 4, 2018",1.0,4.2 and up,Canada
Body Scanner xray Real Camera Prank Entertaintment,FAMILY,2.6,17,4.6M,"5,000+",Free,0,Everyone,Entertainment,"May 5, 2018",1.0,2.3 and up,Canada
Bf Light,BUSINESS,,6,11M,"1,000+",Free,0,Everyone,Business,"February 9, 2017",1.0,4.1 and up,United States
Bf Light,BUSINESS,,6,11M,"1,000+",Free,0,Everyone,Business,"February 9, 2017",1.0,4.1 and up,CANADA
BF Abstract 3d Pictures,FAMILY,4.2,72,2.5M,"10,000+",Free,0,Teen,Entertainment,"June 18, 2015",5.1,3.0 and up,Canada
CE BF,LIFESTYLE,,0,24M,50+,Free,0,Everyone,Lifestyle,"January 2, 2018",1.0.1,4.1 and up,United States
Freedom Christian BF,LIFESTYLE,,0,12M,10+,Free,0,Everyone,Lifestyle,"February 22, 2016",1.0,4.0.3 and up,United States
Random Love (BF),FAMILY,3.7,3,10M,50+,Free,0,Everyone,Entertainment,"October 4, 2015",1.0.0,2.2 and up,Canada
Virtual Boyfriend Chat,FAMILY,2.4,407,306k,"50,000+",Free,0,Mature 17+,Entertainment,"April 11, 2017",1.0,2.2 and up,Canada
BF Family user,BUSINESS,,8,26M,100+,Free,0,Everyone,Business,"February 1, 2018",0.0.9,4.1 and up,United States
BF Family user,BUSINESS,,8,26M,100+,Free,0,Everyone,Business,"February 1, 2018",0.0.9,4.1 and up,CANADA
Talking Boyfriend,FAMILY,2.9,1073,2.8M,"100,000+",Free,0,Everyone,Entertainment,"August 28, 2016",1.1,2.3.3 and up,Canada
XXX DISTILLERY,BUSINESS,4.2,509,3.2M,"100,000+",Free,0,Everyone,Business,"August 2, 2017",1.1.0,4.0 and up,United States
XXX DISTILLERY,BUSINESS,4.2,509,3.2M,"100,000+",Free,0,Everyone,Business,"August 2, 2017",1.1.0,4.0 and up,CANADA
Cute Questions BF,LIFESTYLE,4.0,3,3.3M,"1,000+",Free,0,Everyone,Lifestyle,"June 2, 2018",3.0.0,4.4 and up,United States
BG Products,AUTO_AND_VEHICLES,4.8,4,4.5M,500+,Free,0,Everyone,Auto & Vehicles,"November 28, 2017",1.3,5.0 and up,United States
BG TV App,FAMILY,1.7,6,2.9M,100+,Free,0,Everyone,Entertainment,"December 21, 2017",1.0,4.1 and up,Canada
BG BRIDAL GALLERY,LIFESTYLE,4.6,17,19M,"1,000+",Free,0,Everyone,Lifestyle,"June 27, 2018",2.1.1,4.4 and up,United States
Board Game Stats: Play tracking for tabletop games,LIFESTYLE,4.6,275,3.9M,"5,000+",Paid,$2.99,Everyone,Lifestyle,"July 17, 2018",2.8.3,4.1 and up,United States
Bg TV Online,FAMILY,2.3,50,2.8M,"10,000+",Free,0,Everyone,Entertainment,"October 21, 2017",1.2,4.1 and up,Canada
BG+Phone Backup,PRODUCTIVITY,4.8,16,2.6M,"1,000+",Free,0,Everyone,Productivity,"February 17, 2017",1.0.3,2.3 and up,United States
BG TV Stations,FAMILY,,0,2.9M,100+,Free,0,Everyone,Entertainment,"February 10, 2018",1.0,4.1 and up,Canada
BG TV Program,FAMILY,,1,2.8M,100+,Free,0,Everyone,Entertainment,"April 22, 2018",1.0,4.1 and up,Canada
BG Cable TV,FAMILY,,5,2.8M,"1,000+",Free,0,Everyone,Entertainment,"February 25, 2018",1.0,4.1 and up,Canada
BG Middle East,AUTO_AND_VEHICLES,,1,9.4M,10+,Free,0,Everyone,Auto & Vehicles,"December 20, 2017",1.1,4.0 and up,United States
BG Future School,FAMILY,4.9,16,10M,100+,Free,0,Everyone,Education,"July 22, 2017",1.0,4.0.3 and up,Canada
CARS.bg,AUTO_AND_VEHICLES,4.5,276,1.7M,"100,000+",Free,0,Everyone,Auto & Vehicles,"July 5, 2017",1.1.3,4.4 and up,United States
BG Television,FAMILY,,3,2.8M,500+,Free,0,Everyone,Entertainment,"December 10, 2017",1.0,4.1 and up,Canada
Cъновник BG,BOOKS_AND_REFERENCE,,13,4.1M,"1,000+",Free,0,Everyone,Books & Reference,"January 21, 2017",250,4.0 and up,UNITED KINGDOM
Bg Radios - Bulgarian radio stations online,FAMILY,,8,13M,"1,000+",Free,0,Everyone,Entertainment,"July 13, 2018",1.3.2,4.1 and up,Canada
Micro.bg Cloud POS System,BUSINESS,,6,Varies with device,100+,Free,0,Everyone,Business,"July 12, 2017",Varies with device,2.0 and up,United States
Micro.bg Cloud POS System,BUSINESS,,6,Varies with device,100+,Free,0,Everyone,Business,"July 12, 2017",Varies with device,2.0 and up,CANADA
Baldur's Gate: Enhanced Edition,FAMILY,4.5,20101,7.8M,"100,000+",Paid,$9.99,Teen,Role Playing,"October 2, 2015",1.3,3.0 and up,Canada
BG Blurry HD Wallpapers,FAMILY,,1,5.1M,10+,Free,0,Everyone,Entertainment,"March 12, 2018",1.0.0.1,4.0 and up,Canada
Photo Background Changer 2018 - Blur Background,LIFESTYLE,3.7,34079,9.2M,"5,000,000+",Free,0,Everyone,Lifestyle,"May 21, 2018",Arrow-202,4.1 and up,United States
JOBS.bg,BUSINESS,4.4,1630,2.2M,"100,000+",Free,0,Everyone,Business,"August 22, 2017",3.1.0,4.4 and up,United States
JOBS.bg,BUSINESS,4.4,1630,2.2M,"100,000+",Free,0,Everyone,Business,"August 22, 2017",3.1.0,4.4 and up,CANADA
CSCS BG (в български),FAMILY,2.4,7,2.1M,100+,Paid,$3.99,Everyone,Education,"March 23, 2017",1.0,4.0.3 and up,Canada
LEGO ® Batman: Beyond Gotham,FAMILY,4.1,10758,8.0M,"100,000+",Paid,$4.99,Everyone 10+,Adventure;Action & Adventure,"December 15, 2015",Varies with device,4.0.3 and up,Canada
Baldur's Gate II,FAMILY,4.3,5442,16M,"50,000+",Paid,$9.99,Teen,Role Playing,"June 28, 2018",2.5.16.6,3.0 and up,Canada
Learn Bulgarian Free,FAMILY,4.7,3049,Varies with device,"50,000+",Free,0,Everyone,Education,"May 4, 2018",Varies with device,Varies with device,Canada
ALL-IN-ONE PACKAGE TRACKING,PRODUCTIVITY,4.7,167406,18M,"1,000,000+",Free,0,Everyone,Productivity,"July 23, 2018",3.1.1281,4.0.3 and up,United States
BH Cosmetics,BEAUTY,4.0,2,3.6M,"1,000+",Free,0,Everyone,Beauty,"May 29, 2018",1.0,4.0 and up,INDIA
B&H Kids AR,BOOKS_AND_REFERENCE,3.9,286,18M,"10,000+",Free,0,Everyone,Books & Reference,"September 29, 2017",3.2.5,4.0 and up,UNITED KINGDOM
BH Patrole,AUTO_AND_VEHICLES,4.8,27,2.5M,500+,Free,0,Everyone,Auto & Vehicles,"February 15, 2018",2.0,4.4 and up,United States
CINEMA.BH,FAMILY,3.9,11,16M,"1,000+",Free,0,Everyone,Entertainment,"January 30, 2018",1.2.2,4.2 and up,Canada
Radio Belo Horizonte,FAMILY,,0,4.3M,10+,Free,0,Mature 17+,Entertainment,"August 3, 2018",2,4.0 and up,Canada
Bh Public School,FAMILY,5.0,2,8.7M,10+,Free,0,Everyone,Education,"March 21, 2018",1.2,4.0.3 and up,Canada
Comunidad BH,FAMILY,,23,4.8M,"1,000+",Free,0,Everyone,Entertainment,"November 9, 2016",1.3.9,2.3 and up,Canada
Barbers.BH,LIFESTYLE,5.0,2,6.0M,10+,Free,0,Everyone,Lifestyle,"May 24, 2018",2.1,4.0.3 and up,United States
Lexus Tech BH Service Pro,LIFESTYLE,,0,904k,10+,Free,0,Teen,Lifestyle,"July 26, 2016",5.0,3.0 and up,United States
BH Challenge - Museum of the Jewish People,FAMILY,4.8,12,28M,"1,000+",Free,0,Everyone,Education,"March 26, 2018",1.3.6,4.2 and up,Canada
B'H BURGER HEIM,LIFESTYLE,,0,20M,10+,Free,0,Everyone,Lifestyle,"May 26, 2016",1.0,4.0 and up,United States
B y H Niños ES,BOOKS_AND_REFERENCE,4.6,53,16M,"5,000+",Free,0,Everyone,Books & Reference,"September 22, 2015",1.0.2,2.3 and up,UNITED KINGDOM
ZUL - Rotativo Digital BH,AUTO_AND_VEHICLES,4.2,29,Varies with device,"10,000+",Free,0,Everyone,Auto & Vehicles,"August 1, 2018",1.6.5,4.1 and up,United States
Coomotaxi BH,BUSINESS,,94,8.7M,"5,000+",Free,0,Everyone,Business,"May 24, 2018",3.44.1,4.0.3 and up,United States
Coomotaxi BH,BUSINESS,,94,8.7M,"5,000+",Free,0,Everyone,Business,"May 24, 2018",3.44.1,4.0.3 and up,CANADA
BH Mail,COMMUNICATION,3.4,7,6.0M,"1,000+",Free,0,Everyone,Communication,"April 3, 2018",5.403,4.0.3 and up,UNITED KINGDOM
Battleheart Legacy,FAMILY,4.6,7420,7.4M,"50,000+",Paid,$4.99,Teen,Role Playing,"November 10, 2014",1.2.5,4.1 and up,Canada
BH Táxi,BUSINESS,3.9,91,8.9M,"5,000+",Free,0,Everyone,Business,"June 7, 2018",3.44.2,4.0.3 and up,United States
BH Táxi,BUSINESS,3.9,91,8.9M,"5,000+",Free,0,Everyone,Business,"June 7, 2018",3.44.2,4.0.3 and up,CANADA
EduNAV.BH,FAMILY,,3,3.8M,50+,Free,0,Everyone,Education,"February 12, 2018",1.2.0,4.3 and up,Canada
Microsoft Power BI–Business data analytics,BUSINESS,4.5,1819,10M,"100,000+",Free,0,Everyone,Business,"July 16, 2018",2.2.180712.112152,5.0 and up,United States
Microsoft Power BI–Business data analytics,BUSINESS,4.5,1819,10M,"100,000+",Free,0,Everyone,Business,"July 16, 2018",2.2.180712.112152,5.0 and up,CANADA
BI SmartLINK,BUSINESS,3.6,16,33M,"5,000+",Free,0,Everyone,Business,"July 25, 2018",2.7.0,5.1 and up,United States
BI SmartLINK,BUSINESS,3.6,16,33M,"5,000+",Free,0,Everyone,Business,"July 25, 2018",2.7.0,5.1 and up,CANADA
BI-LO,LIFESTYLE,3.5,43,30M,"10,000+",Free,0,Everyone,Lifestyle,"July 11, 2018",2.0.0,4.1 and up,United States
Bitmoji – Your Personal Emoji,FAMILY,4.6,2312084,Varies with device,"100,000,000+",Free,0,Teen,Entertainment,"July 25, 2018",Varies with device,4.3 and up,Canada
Sisense Mobile BI,BUSINESS,4.9,23,28M,"1,000+",Free,0,Everyone,Business,"April 30, 2018",2.4.1,4.1 and up,United States
Sisense Mobile BI,BUSINESS,4.9,23,28M,"1,000+",Free,0,Everyone,Business,"April 30, 2018",2.4.1,4.1 and up,CANADA
"Starg - Gay, Same Sex, Bi",DATING,3.7,66,7.3M,"10,000+",Free,0,Mature 17+,Dating,"November 29, 2016",1.0.6,4.1 and up,CHINA
Propel BI APP,BUSINESS,5.0,3,23M,100+,Free,0,Everyone,Business,"July 24, 2018",1.39,4.4 and up,United States
Propel BI APP,BUSINESS,5.0,3,23M,100+,Free,0,Everyone,Business,"July 24, 2018",1.39,4.4 and up,CANADA
BI Office,BUSINESS,4.0,76,201k,"10,000+",Free,0,Everyone,Business,"June 7, 2017",2.7.1,3.0 and up,United States
BI Office,BUSINESS,4.0,76,201k,"10,000+",Free,0,Everyone,Business,"June 7, 2017",2.7.1,3.0 and up,CANADA
BI-LO Rx,LIFESTYLE,3.9,77,Varies with device,"10,000+",Free,0,Everyone,Lifestyle,"March 26, 2018",Varies with device,Varies with device,United States
Oracle BI Mobile,BUSINESS,4.0,282,7.7M,"10,000+",Free,0,Everyone,Business,"August 1, 2018",20.0.0.0,6.0 and up,United States
Oracle BI Mobile,BUSINESS,4.0,282,7.7M,"10,000+",Free,0,Everyone,Business,"August 1, 2018",20.0.0.0,6.0 and up,CANADA
Business Intelligence & Data,FAMILY,4.9,7,3.5M,"1,000+",Free,0,Everyone,Education,"July 26, 2016",1.0,2.0 and up,Canada
Zoho Reports - Mobile BI,BUSINESS,4.7,45,12M,"5,000+",Free,0,Everyone,Business,"May 23, 2018",2.0.5,4.1 and up,United States
Zoho Reports - Mobile BI,BUSINESS,4.7,45,12M,"5,000+",Free,0,Everyone,Business,"May 23, 2018",2.0.5,4.1 and up,CANADA
Power BI Ultimate Orientation,FAMILY,4.3,12,8.1M,"5,000+",Free,0,Everyone,Education,"February 6, 2017",1.0.1,4.0 and up,Canada
"Moco - Chat, Meet People",DATING,4.2,313769,Varies with device,"10,000,000+",Free,0,Mature 17+,Dating,"August 4, 2018",2.6.142,4.1 and up,CHINA
Hot or Not - Find someone right now,DATING,4.1,305737,Varies with device,"10,000,000+",Free,0,Mature 17+,Dating,"August 2, 2018",Varies with device,Varies with device,CHINA
happn – Local dating app,LIFESTYLE,4.3,1118201,Varies with device,"10,000,000+",Free,0,Mature 17+,Lifestyle,"July 24, 2018",Varies with device,Varies with device,United States
Dictionary.com: Find Definitions for English Words,BOOKS_AND_REFERENCE,4.6,899010,Varies with device,"10,000,000+",Free,0,Everyone,Books & Reference,"July 30, 2018",Varies with device,Varies with device,UNITED KINGDOM
MinT BI,PRODUCTIVITY,,0,2.9M,10+,Free,0,Everyone,Productivity,"January 13, 2018",3.1,4.2 and up,United States
BI Barcode Scanner,PRODUCTIVITY,,0,473k,10+,Paid,$0.99,Everyone,Productivity,"June 13, 2014",2.2,2.2 and up,United States
TED,FAMILY,4.6,181961,18M,"10,000,000+",Free,0,Everyone 10+,Education,"July 27, 2018",3.2.5,4.1 and up,Canada
"Learn English Vocabulary - 6,000 Words",FAMILY,4.5,205914,54M,"10,000,000+",Free,0,Everyone,Education,"August 3, 2018",5.54,4.1 and up,Canada
English Dictionary - Offline,BOOKS_AND_REFERENCE,4.4,341234,30M,"10,000,000+",Free,0,Everyone 10+,Books & Reference,"March 20, 2018",3.9.1,4.2 and up,UNITED KINGDOM
Zalo – Video Call,COMMUNICATION,4.2,1042170,Varies with device,"50,000,000+",Free,0,Everyone,Communication,"July 27, 2018",Varies with device,Varies with device,UNITED KINGDOM
Bible KJV,BOOKS_AND_REFERENCE,4.5,42729,Varies with device,"5,000,000+",Free,0,Everyone,Books & Reference,"November 26, 2014",Varies with device,Varies with device,UNITED KINGDOM
OkCupid Dating,DATING,4.1,285838,15M,"10,000,000+",Free,0,Mature 17+,Dating,"July 30, 2018",11.10.1,4.1 and up,CHINA
Little Big City 2,FAMILY,4.4,344383,30M,"10,000,000+",Free,0,Everyone,Casual,"March 20, 2018",9.2.4,4.0.3 and up,Canada
English Grammar Test,FAMILY,4.6,104676,2.6M,"5,000,000+",Free,0,Everyone,Education,"July 18, 2018",1.9.7,4.0 and up,Canada
BJ-UFO,FAMILY,3.6,226,25M,"50,000+",Free,0,Everyone,Casual,"May 10, 2018",2.5_20,4.0 and up,Canada
BJ & Jamie,FAMILY,3.9,13,17M,100+,Free,0,Everyone,Entertainment,"July 6, 2015",1.1,2.3.3 and up,Canada
BJ-FPV,FAMILY,4.2,16,26M,"1,000+",Free,0,Everyone,Casual,"July 31, 2018",2.0.2,4.4 and up,Canada
BJ Memo Widget,PRODUCTIVITY,4.0,616,175k,"50,000+",Free,0,Everyone,Productivity,"September 22, 2014",1.3,3.0 and up,United States
BJ Grand Salon Mobile App,BEAUTY,,1,15M,100+,Free,0,Everyone,Beauty,"June 14, 2018",1.0.7,5.0 and up,INDIA
Eating Show - Food BJ,FAMILY,4.4,103,36M,"10,000+",Free,0,Everyone,Simulation,"October 30, 2017",1.29,4.1 and up,Canada
DJ Music Pad,FAMILY,3.6,35121,5.1M,"5,000,000+",Free,0,Everyone,Entertainment,"May 22, 2018",1.0.6,4.0 and up,Canada
BJ-DRONE,FAMILY,,1,23M,100+,Free,0,Everyone,Entertainment,"March 27, 2018",1.0,4.0.3 and up,Canada
BJ - Confidential,COMMUNICATION,,0,3.2M,10+,Free,0,Teen,Communication,"April 23, 2018",1.7,4.1 and up,UNITED KINGDOM
HON. B.J. ACS COLLEGE ALE,FAMILY,5.0,3,1.8M,100+,Free,0,Mature 17+,Education,"December 26, 2016",3.1,4.3 and up,Canada
BMH-BJ Congregation,LIFESTYLE,,0,5.1M,10+,Free,0,Everyone,Lifestyle,"June 29, 2018",1.22,4.0.3 and up,United States
BJ's Community SoundBoard,FAMILY,,0,Varies with device,5+,Free,0,Teen,Entertainment,"February 11, 2018",Varies with device,Varies with device,Canada
Real DJ Simulator,FAMILY,4.0,68664,55M,"10,000,000+",Free,0,Everyone,Simulation,"April 20, 2018",1.7,4.1 and up,Canada
BJ TIKET,BUSINESS,,3,3.4M,10+,Free,0,Everyone,Business,"February 9, 2018",8.0,4.0.3 and up,United States
BJ TIKET,BUSINESS,,3,3.4M,10+,Free,0,Everyone,Business,"February 9, 2018",8.0,4.0.3 and up,CANADA
BJ Foods,BUSINESS,5.0,3,1.5M,10+,Free,0,Everyone,Business,"February 7, 2018",2.7,4.1 and up,United States
BJ Foods,BUSINESS,5.0,3,1.5M,10+,Free,0,Everyone,Business,"February 7, 2018",2.7,4.1 and up,CANADA
3D DJ – DJ Mixer 2018,FAMILY,4.3,6333,30M,"1,000,000+",Free,0,Everyone,Entertainment,"May 25, 2018",1.1.12,5.0 and up,Canada
BJ Adams,BUSINESS,,1,26M,5+,Free,0,Everyone,Business,"November 16, 2016",2.0.0,4.0.3 and up,United States
BJ Adams,BUSINESS,,1,26M,5+,Free,0,Everyone,Business,"November 16, 2016",2.0.0,4.0.3 and up,CANADA
Phonics Puzzles,FAMILY,3.8,4,54M,100+,Paid,$2.99,Everyone,Educational,"August 27, 2016",1.8.2,2.3 and up,Canada
Spider grinder in screen funny,FAMILY,4.1,956,10M,"100,000+",Free,0,Teen,Entertainment,"May 17, 2016",1.1,2.2 and up,Canada
KISW 99.9 FM SEATTLE,FAMILY,4.0,1469,5.2M,"100,000+",Free,0,Everyone,Entertainment,"January 29, 2018",2.1.10,2.3.3 and up,Canada
BURGER KING® App,LIFESTYLE,4.0,41747,39M,"5,000,000+",Free,0,Everyone,Lifestyle,"January 12, 2017",3.7.1,4.1 and up,United States
BURGER KING® MOBILE APP,LIFESTYLE,3.8,19221,13M,"5,000,000+",Free,0,Everyone,Lifestyle,"May 24, 2018",Varies with device,Varies with device,United States
BK Chat,COMMUNICATION,,6,31M,"1,000+",Free,0,Teen,Communication,"July 30, 2018",2.1,4.1 and up,UNITED KINGDOM
Free Coupons for Burger King,LIFESTYLE,2.8,17,3.1M,"5,000+",Free,0,Everyone,Lifestyle,"July 29, 2018",1.1,4.4 and up,United States
BK Murli Offline April 2017,LIFESTYLE,4.8,33,2.4M,"5,000+",Free,0,Everyone,Lifestyle,"May 3, 2017",1.0,4.0.3 and up,United States
Read it easy for BK,LIFESTYLE,5.0,1,3.2M,50+,Free,0,Everyone,Lifestyle,"July 15, 2018",1.2,4.1 and up,United States
BK Video Status,FAMILY,5.0,13,2.1M,100+,Free,0,Everyone,Entertainment,"July 7, 2018",2.3,4.4 and up,Canada
bk Group Mobile,BUSINESS,,1,30M,50+,Free,0,Everyone,Business,"February 26, 2018",2.0,4.4W and up,United States
bk Group Mobile,BUSINESS,,1,30M,50+,Free,0,Everyone,Business,"February 26, 2018",2.0,4.4W and up,CANADA
Korean English Translator,FAMILY,4.4,634,1.8M,"100,000+",Free,0,Everyone,Education,"September 5, 2017",1.6,2.3 and up,Canada
Dr Bk Sachin bhai,LIFESTYLE,5.0,19,3.1M,"1,000+",Free,0,Everyone,Lifestyle,"December 7, 2017",2.2,4.1 and up,United States
Audio Murli Glossary For BK,FAMILY,4.7,39,20M,"1,000+",Free,0,Everyone,Education,"January 25, 2016",1.1,4.0.3 and up,Canada
SKIN BK,PRODUCTIVITY,,0,33M,10+,Free,0,Everyone,Productivity,"June 25, 2018",1.1.2,4.4W and up,United States
BK Suraj bhai,LIFESTYLE,4.6,9,3.1M,"1,000+",Free,0,Everyone,Lifestyle,"December 8, 2017",2.2,4.1 and up,United States
BK Shivani Videos,LIFESTYLE,4.7,29,3.2M,"1,000+",Free,0,Everyone,Lifestyle,"July 25, 2018",1.3,4.0.3 and up,United States
BK Dinos,FAMILY,4.4,30,99M,"5,000+",Free,0,Everyone,Entertainment,"March 31, 2018",0.1,4.0 and up,Canada
Make a burger king,FAMILY,3.8,125,17M,"10,000+",Free,0,Everyone,Casual,"February 21, 2017",v1.3,4.0 and up,Canada
King Burger Dash,FAMILY,3.6,445,12M,"50,000+",Free,0,Everyone,Casual,"March 22, 2015",1.3,2.2 and up,Canada
Official Madhuban Murli,LIFESTYLE,4.9,301,25M,"10,000+",Free,0,Everyone,Lifestyle,"July 21, 2018",1.1.2,4.4 and up,United States
Baba Yaad Hai?(BK's),FAMILY,4.8,160,13M,"10,000+",Free,0,Everyone,Entertainment,"March 5, 2017",1.3,2.3 and up,Canada
Bk Bee Sales Manager,BUSINESS,,0,2.1M,5+,Paid,$0.99,Everyone,Business,"December 16, 2017",1.0,4.1 and up,United States
Bk Bee Sales Manager,BUSINESS,,0,2.1M,5+,Paid,$0.99,Everyone,Business,"December 16, 2017",1.0,4.1 and up,CANADA
Burger King Foot Lettuce,FAMILY,4.4,150,5.9M,"10,000+",Free,0,Everyone,Entertainment,"June 11, 2018",1.07,4.0 and up,Canada
BK Arogyam Task Track,BUSINESS,5.0,8,3.7M,100+,Free,0,Everyone,Business,"June 5, 2018",1.1.1,4.1 and up,United States
BK Arogyam Task Track,BUSINESS,5.0,8,3.7M,100+,Free,0,Everyone,Business,"June 5, 2018",1.1.1,4.1 and up,CANADA
BK murli today (Mobile Murli) - Gyan,FAMILY,4.8,100,4.5M,"5,000+",Free,0,Everyone,Education,"August 5, 2018",2.0,4.4 and up,Canada
BK Murli Dictionary (H to E),FAMILY,4.6,106,3.9M,"10,000+",Free,0,Everyone,Education,"November 19, 2016",1.1,2.2 and up,Canada
Bk Usha behn,LIFESTYLE,5.0,10,3.0M,"1,000+",Free,0,Everyone,Lifestyle,"January 14, 2018",1.0,4.1 and up,United States
BkEmu - BK-0010/11M emulator,FAMILY,4.6,222,1.4M,"10,000+",Free,0,Everyone,Entertainment,"February 7, 2016",0.4.0,2.1 and up,Canada
Of the wall Arapaho bk,COMMUNICATION,,0,12M,5+,Free,0,Everyone,Communication,"August 18, 2017",1.0,4.1 and up,UNITED KINGDOM
Burger King Italia,LIFESTYLE,4.0,4160,30M,"500,000+",Free,0,Everyone,Lifestyle,"July 6, 2018",2.3.6,4.0.3 and up,United States
Red Embrace (BL/Yaoi Game),FAMILY,4.3,616,25M,"10,000+",Free,0,Teen,Casual,"June 12, 2018",4.5.5,2.3.3 and up,Canada
Yaoi Ooku: Distorted Love,FAMILY,4.0,2614,6.3M,"100,000+",Free,0,Mature 17+,Simulation,"April 14, 2015",1.0.8,2.2 and up,Canada
Yaoi Novels - Shounen ai Book&fiction,FAMILY,3.2,304,4.7M,"10,000+",Free,0,Teen,Entertainment,"February 14, 2018",1.0.2,4.0.3 and up,Canada
Cerulean Heart,FAMILY,4.6,2683,25M,"10,000+",Free,0,Mature 17+,Simulation,"June 15, 2018",1.3.1,4.0 and up,Canada
BL 女性向け恋愛ゲーム◆俺プリクロス,FAMILY,4.2,3379,62M,"100,000+",Free,0,Mature 17+,Simulation,"March 23, 2017",1.6.3,2.3.3 and up,Canada
WebComics,COMICS,4.8,33783,6.4M,"1,000,000+",Free,0,Teen,Comics,"July 28, 2018",1.3.34,4.1 and up,AUSTRALIA
Lezhin Comics - Daily Releases,COMICS,3.0,28447,15M,"1,000,000+",Free,0,Teen,Comics,"July 31, 2018",Varies with device,Varies with device,AUSTRALIA
Daily Manga - Comic & Webtoon,COMICS,3.2,1462,7.1M,"100,000+",Free,0,Mature 17+,Comics,"May 18, 2018",1.0,4.0.3 and up,AUSTRALIA
Gaydorado,FAMILY,3.9,8419,47M,"100,000+",Free,0,Teen,Role Playing,"August 1, 2018",0.0.42,4.0.3 and up,Canada
Chess of Blades (BL/Yaoi Game) (No VA),FAMILY,4.8,4,23M,10+,Paid,$14.99,Teen,Casual,"January 24, 2018",1.03,2.3.3 and up,Canada
TappyToon Comics & Webtoons,COMICS,3.5,4205,10M,"100,000+",Free,0,Teen,Comics,"July 13, 2018",1.77,4.0.3 and up,AUSTRALIA
BL 女性向け恋愛ゲーム◆ごくメン,FAMILY,4.2,1901,8.2M,"100,000+",Free,0,Mature 17+,Simulation,"July 7, 2016",1.3.0,2.3.3 and up,Canada
あなカレ【BL】無料ゲーム,FAMILY,4.7,6073,8.5M,"100,000+",Free,0,Mature 17+,Simulation,"February 25, 2018",4.2.2,2.3 and up,Canada
감성학원 BL 첫사랑,COMICS,4.4,190,34M,"10,000+",Free,0,Everyone,Comics,"November 17, 2017",3.2.1,3.0 and up,AUSTRALIA
Chess of Blades (Demo),FAMILY,4.2,45,23M,"1,000+",Free,0,Teen,Casual,"January 25, 2018",1.5,2.3.3 and up,Canada
Manga Books,COMICS,3.8,7326,Varies with device,"500,000+",Free,0,Adults only 18+,Comics,"August 3, 2018",Varies with device,Varies with device,AUSTRALIA
OTOME of Ikemen cafe,FAMILY,4.5,1318,24M,"50,000+",Free,0,Teen,Simulation,"March 5, 2018",1.0.21,4.1 and up,Canada
BL Carrier,BUSINESS,,0,11M,10+,Free,0,Everyone,Business,"July 27, 2018",5.0,4.0.3 and up,United States
BL Carrier,BUSINESS,,0,11M,10+,Free,0,Everyone,Business,"July 27, 2018",5.0,4.0.3 and up,CANADA
Skill Tree - BL Pre Sequel,FAMILY,4.3,855,7.0M,"10,000+",Free,0,Teen,Entertainment,"February 22, 2016",5.0,2.3.3 and up,Canada
AC-BL,COMMUNICATION,,0,4.3M,50+,Free,0,Everyone,Communication,"April 20, 2018",1.7,2.1 and up,UNITED KINGDOM
BBM - Free Calls & Messages,COMMUNICATION,4.3,12843436,Varies with device,"100,000,000+",Free,0,Everyone,Communication,"August 2, 2018",Varies with device,4.0.3 and up,UNITED KINGDOM
bm offers,LIFESTYLE,3.2,320,31M,"50,000+",Free,0,Everyone,Lifestyle,"December 13, 2017",1.4,4.2 and up,United States
Business Mitra (BM),BUSINESS,4.9,13,5.3M,100+,Free,0,Everyone,Business,"July 12, 2018",1.11.1prod,4.0.3 and up,United States
Business Mitra (BM),BUSINESS,4.9,13,5.3M,100+,Free,0,Everyone,Business,"July 12, 2018",1.11.1prod,4.0.3 and up,CANADA
Bm,FAMILY,,1,1.7M,100+,Free,0,Everyone,Puzzle,"September 21, 2016",1.0,4.0.3 and up,Canada
DMR BrandMeister Tool,COMMUNICATION,3.3,78,2.5M,"10,000+",Free,0,Everyone,Communication,"March 31, 2018",4.5,6.0 and up,UNITED KINGDOM
"Borneo Bible, BM Bible",BOOKS_AND_REFERENCE,4.9,659,5.0M,"10,000+",Free,0,Everyone,Books & Reference,"August 28, 2017",4.4.5,4.0 and up,UNITED KINGDOM
MOD Black for BM,BOOKS_AND_REFERENCE,,2,7.8M,100+,Free,0,Everyone,Books & Reference,"July 31, 2017",1.0,4.0 and up,UNITED KINGDOM
BM Box,BOOKS_AND_REFERENCE,4.3,28,Varies with device,"1,000+",Free,0,Everyone,Books & Reference,"October 20, 2016",Varies with device,Varies with device,UNITED KINGDOM
BM SPM Practice,FAMILY,5.0,6,9.2M,"1,000+",Free,0,Everyone,Education,"January 24, 2018",1.0,4.1 and up,Canada
BM FlexCheck,AUTO_AND_VEHICLES,3.5,2,34M,100+,Free,0,Everyone,Auto & Vehicles,"June 8, 2018",1.10.1,5.0 and up,United States
BM Interventi,PRODUCTIVITY,,2,22M,10+,Free,0,Everyone,Productivity,"May 4, 2018",1.4.0,4.3 and up,United States
RIV-BM FPV,FAMILY,,0,26M,10+,Free,0,Everyone,Entertainment,"August 12, 2017",1.0.1,2.2 and up,Canada
BBMoji - Your personalized BBM Stickers,COMMUNICATION,4.3,8827,Varies with device,"1,000,000+",Free,0,Everyone,Communication,"May 22, 2018",1.0.2,4.0.3 and up,UNITED KINGDOM
På sporet ABC (BM),FAMILY,,2,28M,"1,000+",Free,0,Everyone,Educational,"December 21, 2016",v1.2,4.0 and up,Canada
BAMMS for BM 1Park,PRODUCTIVITY,,7,10M,50+,Free,0,Everyone,Productivity,"July 19, 2018",1.3.2,4.1 and up,United States
Anime Mod for BM,BOOKS_AND_REFERENCE,,0,8.0M,100+,Free,0,Everyone,Books & Reference,"July 28, 2017",1.0,4.0 and up,UNITED KINGDOM
BAMMS for BM SQ,PRODUCTIVITY,4.0,2,10M,10+,Free,0,Everyone,Productivity,"July 24, 2018",1.3.3,4.1 and up,United States
NOOK: Read eBooks & Magazines,BOOKS_AND_REFERENCE,4.5,155466,Varies with device,"10,000,000+",Free,0,Teen,Books & Reference,"April 25, 2018",Varies with device,Varies with device,UNITED KINGDOM
Radio BN,FAMILY,,53,4.2M,"5,000+",Free,0,Everyone,Entertainment,"January 12, 2018",1.0.3,4.4 and up,Canada
NOOK Audiobooks,BOOKS_AND_REFERENCE,3.5,2539,8.6M,"500,000+",Free,0,Everyone,Books & Reference,"July 26, 2018",v1.1.6,4.1 and up,UNITED KINGDOM
BN PERKS™,LIFESTYLE,,0,15M,100+,Free,0,Everyone,Lifestyle,"June 2, 2018",2.13,4.0.3 and up,United States
BN Mi Banco,BUSINESS,3.0,597,17M,"100,000+",Free,0,Everyone,Business,"July 12, 2018",9.0,5.0 and up,United States
BN Mi Banco,BUSINESS,3.0,597,17M,"100,000+",Free,0,Everyone,Business,"July 12, 2018",9.0,5.0 and up,CANADA
BN Whitening Shoppe Ph,BEAUTY,4.0,2,13M,100+,Free,0,Everyone,Beauty,"March 6, 2018",1.0.8,4.0.3 and up,INDIA
NOOK App for NOOK Devices,BOOKS_AND_REFERENCE,4.7,19090,Varies with device,"500,000+",Free,0,Everyone,Books & Reference,"April 25, 2018",Varies with device,Varies with device,UNITED KINGDOM
Browsery by Barnes & Noble,BOOKS_AND_REFERENCE,4.7,146,34M,"5,000+",Free,0,Everyone,Books & Reference,"April 30, 2018",1.1.3,4.4 and up,UNITED KINGDOM
2017 BN SM Sales Conference,BUSINESS,,2,10M,100+,Free,0,Teen,Business,"September 28, 2017",v2.7.11.6,4.1 and up,United States
2017 BN SM Sales Conference,BUSINESS,,2,10M,100+,Free,0,Teen,Business,"September 28, 2017",v2.7.11.6,4.1 and up,CANADA
BN Inscript Improved Input keyboard,PRODUCTIVITY,,0,6.2M,10+,Free,0,Everyone,Productivity,"December 7, 2017",1.0,2.3 and up,United States
BN MALLORCA Radio,COMMUNICATION,,23,13M,"1,000+",Free,0,Everyone,Communication,"November 29, 2017",2.0.14.4,2.3 and up,UNITED KINGDOM
"Calendars (En, Bn, Ar)",PRODUCTIVITY,4.6,27,2.5M,"1,000+",Free,0,Everyone,Productivity,"June 5, 2017",1.2.3,4.0 and up,United States
BN Habitat - Property Experts - Buy | Sell | Rent,BUSINESS,,0,8.9M,50+,Free,0,Everyone,Business,"October 4, 2017",1.8,4.1 and up,United States
BN Habitat - Property Experts - Buy | Sell | Rent,BUSINESS,,0,8.9M,50+,Free,0,Everyone,Business,"October 4, 2017",1.8,4.1 and up,CANADA
Yuzu eReader,FAMILY,1.9,250,Varies with device,"50,000+",Free,0,Everyone,Education,"July 18, 2018",Varies with device,Varies with device,Canada
Bangla Calendar 1425: (EN-BN-AR) Holiday,LIFESTYLE,4.5,31,2.3M,"1,000+",Free,0,Everyone,Lifestyle,"April 21, 2018",2.1.0,4.1 and up,United States
BN DB1 App,PRODUCTIVITY,,2,34M,50+,Free,0,Everyone,Productivity,"December 4, 2017",1.2,4.0.3 and up,United States
BN Inscript Improved Keyboard,PRODUCTIVITY,,0,7.5M,10+,Free,0,Everyone,Productivity,"November 6, 2017",1.0,2.3 and up,United States
Beck & Bo: Toddler First Words,FAMILY,4.3,41,7.9M,"1,000+",Paid,$2.99,Everyone,Education;Pretend Play,"May 31, 2018",2.4.2,4.0.3 and up,Canada
Bubble Bo-Bo,FAMILY,4.5,65,24M,"10,000+",Free,0,Everyone,Casual,"July 5, 2018",6.0,4.0 and up,Canada
Boom Beach,FAMILY,4.5,5591653,95M,"50,000,000+",Free,0,Everyone 10+,Strategy,"July 18, 2018",35.119,4.0.3 and up,Canada
Bo's Bedtime Story,FAMILY,4.2,13,23M,"1,000+",Paid,$2.49,Everyone,Education;Pretend Play,"December 25, 2017",2.6,4.0.3 and up,Canada
Casual Sic Bo (骰寶),FAMILY,4.0,3,2.2M,500+,Free,0,Teen,Casual,"July 22, 2018",1.1.1,5.0 and up,Canada
Dr.Dice - Sic bo analyzer,FAMILY,,2,8.5M,10+,Paid,$46.99,Everyone,Entertainment,"November 5, 2016",1.0,4.0.3 and up,Canada
Bo's Matching Game,FAMILY,,3,19M,"1,000+",Paid,$0.99,Everyone,Education;Brain Games,"December 28, 2017",1.4,4.0.3 and up,Canada
HBO GO: Stream with TV Package,FAMILY,3.8,87734,32M,"10,000,000+",Free,0,Teen,Entertainment,"July 19, 2018",16.0.0.437,4.1 and up,Canada
Bo's Dinnertime Story,FAMILY,4.3,6,33M,"1,000+",Paid,$2.49,Everyone,Education;Pretend Play,"December 25, 2017",1.5,4.0.3 and up,Canada
Bee.Bo,LIFESTYLE,,11,23M,"1,000+",Free,0,Everyone,Lifestyle,"April 13, 2017",1.2.9,4.1 and up,United States
Bo's School Day,FAMILY,4.7,10,30M,"1,000+",Paid,$2.99,Everyone,Education;Pretend Play,"December 18, 2017",1.3,4.0.3 and up,Canada
Habbo - Virtual World,FAMILY,3.8,159398,28M,"5,000,000+",Free,0,Teen,Role Playing,"May 30, 2018",2.22.0,4.2 and up,Canada
Power Spheres by BoBoiBoy,FAMILY,4.3,70903,51M,"5,000,000+",Free,0,Everyone,Puzzle;Brain Games,"May 3, 2018",1.3.20,4.0.3 and up,Canada
Township,FAMILY,4.6,4451317,Varies with device,"50,000,000+",Free,0,Everyone,Casual,"July 19, 2018",5.9.0,4.0.3 and up,Canada
Go-Go-Goat! Free Game,FAMILY,4.5,66740,23M,"1,000,000+",Free,0,Everyone,Arcade;Action & Adventure,"July 8, 2016",2.4.4,2.3 and up,Canada
BP World Energy,BUSINESS,3.4,25,16M,"10,000+",Free,0,Everyone,Business,"July 27, 2018",1.1.2,4.1 and up,United States
BP World Energy,BUSINESS,3.4,25,16M,"10,000+",Free,0,Everyone,Business,"July 27, 2018",1.1.2,4.1 and up,CANADA
BP and Sugar Test Prank,LIFESTYLE,4.0,7808,5.0M,"1,000,000+",Free,0,Everyone,Lifestyle,"November 5, 2015",1.2.1,2.2 and up,United States
Blood Pressure Info,FAMILY,3.9,174423,7.9M,"10,000,000+",Free,0,Everyone,Entertainment,"August 2, 2018",2.28,4.0 and up,Canada
bp e-store,BOOKS_AND_REFERENCE,4.4,52,2.2M,"1,000+",Free,0,Everyone,Books & Reference,"January 15, 2016",2.0.7,4.0 and up,UNITED KINGDOM
BP Log lite,LIFESTYLE,5.0,3,1.5M,100+,Free,0,Everyone,Lifestyle,"November 15, 2014",1.1,2.2 and up,United States
BP Service,BUSINESS,,0,26M,100+,Free,0,Everyone,Business,"January 17, 2018",Rocksteady 1.3,4.1 and up,United States
BP Service,BUSINESS,,0,26M,100+,Free,0,Everyone,Business,"January 17, 2018",Rocksteady 1.3,4.1 and up,CANADA
BP-Tech,FAMILY,3.2,12,13M,"1,000+",Free,0,Everyone,Casual,"February 3, 2018",1.3_4,4.0 and up,Canada
Blood Pressure Diary,FAMILY,4.6,47,3.3M,"5,000+",Free,0,Everyone,Simulation,"August 1, 2018",1.1,4.0.3 and up,Canada
BP Scanner Prank,FAMILY,4.1,157,7.0M,"50,000+",Free,0,Everyone,Entertainment,"September 20, 2016",1.2,4.0.3 and up,Canada
bp Magazine for Bipolar,LIFESTYLE,1.8,5,18M,"1,000+",Free,0,Everyone 10+,Lifestyle,"February 12, 2018",26.0,4.1 and up,United States
"Brilliant Quotes: Life, Love, Family & Motivation",BOOKS_AND_REFERENCE,4.5,67186,6.3M,"1,000,000+",Free,0,Everyone 10+,Books & Reference,"May 18, 2018",4.4.10,2.3.3 and up,UNITED KINGDOM
Add-On: bq (a),PRODUCTIVITY,3.6,26,1.2M,"5,000+",Free,0,Everyone,Productivity,"May 19, 2015",10.0.3086,4.0 and up,United States
BQ Partners,COMMUNICATION,,0,Varies with device,"1,000+",Free,0,Everyone,Communication,"July 27, 2018",Varies with device,Varies with device,UNITED KINGDOM
RoboPad,FAMILY,4.6,41,9.2M,"1,000+",Free,0,Everyone,Education,"July 7, 2017",5.1,2.3 and up,Canada
Add-On: bq (c),PRODUCTIVITY,,17,1.2M,"1,000+",Free,0,Everyone,Productivity,"May 19, 2015",10.0.3086,4.0 and up,United States
Bono’s Pit Bar-B-Q,FAMILY,2.3,3,36M,"1,000+",Free,0,Everyone 10+,Entertainment,"January 23, 2018",2.4,2.3.3 and up,Canada
Add-On: bq (b),PRODUCTIVITY,,9,1.2M,"1,000+",Free,0,Everyone,Productivity,"May 19, 2015",10.0.3086,4.0 and up,United States
QR Scanner & Barcode Scanner 2018,PRODUCTIVITY,3.8,8211,4.1M,"5,000,000+",Free,0,Everyone,Productivity,"July 20, 2018",1.8.4,4.4 and up,United States
Bill Miller Bar-B-Q Store Ops,BUSINESS,,0,2.5M,100+,Free,0,Everyone,Business,"June 19, 2018",1.3,4.4 and up,United States
Bill Miller Bar-B-Q Store Ops,BUSINESS,,0,2.5M,100+,Free,0,Everyone,Business,"June 19, 2018",1.3,4.4 and up,CANADA
Zowi App,FAMILY,4.5,516,21M,"50,000+",Free,0,Everyone,Education;Education,"December 21, 2016",1.4.1,4.0.3 and up,Canada
Bar BQ Tonight Dublin,LIFESTYLE,,0,22M,50+,Free,0,Everyone,Lifestyle,"May 20, 2018",1.1.9371,4.0.3 and up,United States
RoboPad++,FAMILY,4.4,77,10M,"10,000+",Free,0,Everyone,Education,"July 7, 2017",1.6,2.3 and up,Canada
Pick-a-Paint,LIFESTYLE,1.6,242,36M,"50,000+",Free,0,Everyone,Lifestyle,"May 14, 2018",1.2.1,3.0 and up,United States
Left vs Right: Brain Training,FAMILY,4.5,75719,30M,"5,000,000+",Free,0,Everyone,Educational,"November 24, 2017",3.3.0,4.0.3 and up,Canada
Bible Quizzer - The App for Bible Quizzers,FAMILY,,0,33M,100+,Free,0,Everyone,Education,"August 2, 2018",30.0,4.2 and up,Canada
Infinity Dungeon VIP,FAMILY,4.3,21804,44M,"1,000,000+",Paid,$0.99,Everyone 10+,Role Playing,"July 3, 2018",2.6.6,2.3 and up,Canada
BR,LIFESTYLE,3.0,859,3.5M,"100,000+",Free,0,Everyone,Lifestyle,"July 19, 2018",1.7.7,2.2 and up,United States
QR Code Pro,PRODUCTIVITY,4.8,5865,15M,"100,000+",Paid,$4.49,Everyone,Productivity,"July 18, 2018",1.0,4.1 and up,United States
Br. Parking - Busy road Parking 3D 2018,FAMILY,4.5,41,30M,"5,000+",Free,0,Everyone,Simulation,"January 13, 2018",1.01,4.1 and up,Canada
Br video editing,FAMILY,,1,34M,100+,Free,0,Everyone,Entertainment,"September 1, 2017",1.0,4.1 and up,Canada
TV Guide BR Gold,FAMILY,4.4,544,Varies with device,"5,000+",Paid,$1.49,Everyone,Entertainment,"August 20, 2017",Varies with device,Varies with device,Canada
Tv Br News,FAMILY,,4,569k,100+,Free,0,Everyone,Entertainment,"January 10, 2018",1.4,2.3 and up,Canada
Br Shafi,FAMILY,4.9,1288,26M,"10,000+",Free,0,Everyone,Education,"July 11, 2018",1.0,4.1 and up,Canada
cronometra-br,PRODUCTIVITY,,0,5.4M,0+,Paid,$154.99,Everyone,Productivity,"November 24, 2017",1.0.0,4.1 and up,United States
BR Classified,BUSINESS,,0,28M,50+,Free,0,Everyone,Business,"August 30, 2017",1.0,4.2 and up,United States
BR Classified,BUSINESS,,0,28M,50+,Free,0,Everyone,Business,"August 30, 2017",1.0,4.2 and up,CANADA
Top BR Chaya Songs,FAMILY,,0,3.8M,10+,Free,0,Everyone,Entertainment,"May 18, 2018",1.0,4.0.3 and up,Canada
Companion for Fortnite & Fortnite Battle Royale,FAMILY,4.6,2736,Varies with device,"100,000+",Free,0,Everyone,Entertainment,"August 3, 2018",Varies with device,4.1 and up,Canada
Mu Mobile BR,BUSINESS,4.5,43,92M,100+,Free,0,Everyone,Business,"July 20, 2018",3.0.0 By Luccas,2.3 and up,United States
Mu Mobile BR,BUSINESS,4.5,43,92M,100+,Free,0,Everyone,Business,"July 20, 2018",3.0.0 By Luccas,2.3 and up,CANADA
Mu Elite BR,BUSINESS,,30,93M,100+,Free,0,Everyone 10+,Business,"July 16, 2018",3.0.By.EliteMu,2.3 and up,United States
Mu Elite BR,BUSINESS,,30,93M,100+,Free,0,Everyone 10+,Business,"July 16, 2018",3.0.By.EliteMu,2.3 and up,CANADA
Loteria BR,FAMILY,,0,1.8M,50+,Free,0,Everyone,Entertainment,"May 17, 2017",1.0.6,4.0 and up,Canada
CJ - BR MEMES,COMICS,4.3,109,3.5M,"10,000+",Free,0,Everyone,Comics,"January 18, 2018",1.0,4.0.3 and up,AUSTRALIA
Vlogger Go Viral - Tuber Game,FAMILY,4.8,1304467,68M,"10,000,000+",Free,0,Everyone,Strategy,"July 27, 2018",2.9,4.1 and up,Canada
BR Ambedkar Biography & Quotes,BOOKS_AND_REFERENCE,4.6,156,2.1M,"10,000+",Free,0,Everyone,Books & Reference,"June 11, 2018",2.0,2.3 and up,UNITED KINGDOM
B R COACHINGS,FAMILY,,1,9.2M,10+,Free,0,Everyone,Education,"July 12, 2018",1.0,4.4 and up,Canada
Loved by King Bs,FAMILY,4.6,5546,85M,"100,000+",Free,0,Everyone,Simulation,"June 15, 2018",1.21,4.0.3 and up,Canada
BS CS IT & SE,FAMILY,4.6,9,6.9M,"1,000+",Free,0,Everyone,Education,"May 16, 2018",1.2,4.1 and up,Canada
Marked by King Bs,FAMILY,4.6,70335,58M,"500,000+",Free,0,Teen,Simulation,"October 17, 2017",1.0.7,4.3 and up,Canada
COMSATS BOOK STORE FOR BS(CS),FAMILY,5.0,15,94M,50+,Free,0,Everyone,Education,"July 11, 2018",2.0,4.0.3 and up,Canada
BS-Mobile,COMMUNICATION,5.0,1,683k,50+,Free,0,Everyone,Communication,"September 3, 2015",0.1,2.3 and up,UNITED KINGDOM
BS Meter (Ad Supported),FAMILY,3.9,14,592k,"1,000+",Free,0,Teen,Entertainment,"August 14, 2013",2.0,2.2 and up,Canada
BS Calendar / Patro / पात्रो,PRODUCTIVITY,4.2,218,Varies with device,"50,000+",Free,0,Everyone,Productivity,"July 15, 2018",Varies with device,Varies with device,United States
Simulator Brawl Box for BS,FAMILY,3.9,168,6.4M,"5,000+",Free,0,Everyone,Simulation,"June 27, 2017",1.1,4.0.3 and up,Canada
BS Generator,FAMILY,4.2,5,3.3M,100+,Free,0,Everyone,Entertainment,"July 23, 2016",1.1,4.4 and up,Canada
BS Films,FAMILY,,1,24M,100+,Free,0,Everyone,Entertainment,"December 12, 2017",2.0.0,4.3 and up,Canada
BibApp TU BS,FAMILY,,16,3.5M,"1,000+",Free,0,Everyone,Education,"December 15, 2014",2.0.0,4.0 and up,Canada
King of B.S.,FAMILY,4.0,4,840k,100+,Free,0,Everyone,Education,"June 9, 2014",1.0.1,4.0.3 and up,Canada
BS Play,FAMILY,3.7,56,1.5M,"5,000+",Free,0,Everyone,Education,"March 4, 2015",1.1.2,4.0 and up,Canada
ATC Unico BS,COMMUNICATION,,10,5.3M,500+,Free,0,Everyone,Communication,"October 16, 2015",0.12,4.1 and up,UNITED KINGDOM
Beauty Rental Shop,FAMILY,4.6,11480,93M,"100,000+",Free,0,Everyone,Simulation,"May 25, 2018",1.0.4,4.4 and up,Canada
Bsc Agri Notes,FAMILY,4.5,301,5.6M,"10,000+",Free,0,Everyone,Education,"July 1, 2018",1.0,4.1 and up,Canada
Love Signal: D-Mate,FAMILY,4.3,1895,72M,"50,000+",Free,0,Everyone,Simulation,"February 27, 2018",1.0.1,4.4 and up,Canada
BSC IT,FAMILY,4.4,847,21M,"10,000+",Free,0,Everyone,Education,"July 16, 2018",2.3,4.0.3 and up,Canada
Sleeping Delivery,FAMILY,4.6,19640,67M,"100,000+",Free,0,Teen,Simulation,"May 18, 2018",2.0,4.4 and up,Canada
BS Detector - Diss 'n' Gauges,FAMILY,,0,842k,50+,Paid,$1.49,Everyone,Entertainment,"February 22, 2013",1.3,2.2 and up,Canada
Corporate B.S. Generator,BUSINESS,,0,6.9M,10+,Free,0,Everyone,Business,"November 20, 2017",1.00,3.0 and up,United States
Corporate B.S. Generator,BUSINESS,,0,6.9M,10+,Free,0,Everyone,Business,"November 20, 2017",1.00,3.0 and up,CANADA
BSc Ag Entrance Preparation,FAMILY,4.4,138,6.2M,"10,000+",Free,0,Everyone,Education,"May 31, 2018",3.7,4.1 and up,Canada
17th Edition Cable Sizer,BOOKS_AND_REFERENCE,4.4,47,1.4M,"1,000+",Paid,$3.08,Everyone,Books & Reference,"May 27, 2016",1.22,2.2 and up,UNITED KINGDOM
Black Survival,FAMILY,4.4,48451,52M,"1,000,000+",Free,0,Teen,Strategy,"August 1, 2018",4.6.00,4.0.3 and up,Canada
BT One Voice mobile access,COMMUNICATION,4.0,32,437k,"5,000+",Free,0,Everyone,Communication,"July 30, 2015",Version 1.6,1.6 and up,UNITED KINGDOM
BT One Mobile secure access,BUSINESS,3.4,54,5.7M,"10,000+",Free,0,Everyone,Business,"July 28, 2016",3.61,2.3.3 and up,United States
BT One Mobile secure access,BUSINESS,3.4,54,5.7M,"10,000+",Free,0,Everyone,Business,"July 28, 2016",3.61,2.3.3 and up,CANADA
BT One Voice anywhere,BUSINESS,4.5,80,16M,"10,000+",Free,0,Everyone,Business,"December 23, 2016",2.54.3,2.2 and up,United States
BT One Voice anywhere,BUSINESS,4.5,80,16M,"10,000+",Free,0,Everyone,Business,"December 23, 2016",2.54.3,2.2 and up,CANADA
BT Find Address for Bluetooth,BUSINESS,4.8,8,2.6M,"5,000+",Free,0,Everyone,Business,"October 31, 2017",2.0,3.0 and up,United States
BT Find Address for Bluetooth,BUSINESS,4.8,8,2.6M,"5,000+",Free,0,Everyone,Business,"October 31, 2017",2.0,3.0 and up,CANADA
BT Messenger,COMMUNICATION,3.9,97,598k,"50,000+",Free,0,Everyone,Communication,"May 15, 2015",1.0,2.2 and up,UNITED KINGDOM
BT One Phone Mobile App,COMMUNICATION,3.5,33,2.7M,"10,000+",Free,0,Everyone,Communication,"September 18, 2017",2.2.6,4.1 and up,UNITED KINGDOM
SW-100.tch by Callstel,COMMUNICATION,4.0,1926,716k,"1,000,000+",Free,0,Everyone,Communication,"December 16, 2015",1.3.20,2.2 and up,UNITED KINGDOM
BT MeetMe with Dolby Voice,COMMUNICATION,3.6,437,12M,"100,000+",Free,0,Everyone,Communication,"July 13, 2018",2.66.5,5.0 and up,UNITED KINGDOM
BT Share It,BUSINESS,4.7,12,13M,500+,Free,0,Everyone,Business,"May 16, 2018",3.4.2,4.4 and up,United States
BT Share It,BUSINESS,4.7,12,13M,500+,Free,0,Everyone,Business,"May 16, 2018",3.4.2,4.4 and up,CANADA
Bluetooth Auto Connect,COMMUNICATION,3.9,20829,1.9M,"5,000,000+",Free,0,Everyone,Communication,"November 17, 2017",4.5.4,3.0 and up,UNITED KINGDOM
Wifi BT Scanner,FAMILY,5.0,2,1.2M,500+,Free,0,Everyone,Education,"November 3, 2016",1.0,4.0.3 and up,Canada
Ultimate Control BT,BUSINESS,4.6,14,4.3M,500+,Free,0,Everyone,Business,"June 6, 2018",3.3.2,4.4 and up,United States
Ultimate Control BT,BUSINESS,4.6,14,4.3M,500+,Free,0,Everyone,Business,"June 6, 2018",3.3.2,4.4 and up,CANADA
BT Church,LIFESTYLE,4.9,26,8.4M,"1,000+",Free,0,Teen,Lifestyle,"June 25, 2018",3.8.0,4.1 and up,United States
MagicLight BT,LIFESTYLE,2.7,135,6.5M,"10,000+",Free,0,Everyone,Lifestyle,"July 11, 2018",1.2.1,4.3 and up,United States
Aegis BT,BUSINESS,4.8,16,4.5M,500+,Free,0,Everyone,Business,"September 6, 2017",1.0.10,4.1 and up,United States
Aegis BT,BUSINESS,4.8,16,4.5M,500+,Free,0,Everyone,Business,"September 6, 2017",1.0.10,4.1 and up,CANADA
BT Master,FAMILY,,0,222k,100+,Free,0,Everyone,Education,"November 6, 2016",,1.6 and up,Canada
AudioBT: BT audio GPS/SMS/Text,COMMUNICATION,3.4,198,219k,"50,000+",Free,0,Everyone,Communication,"February 21, 2017",3.2.1,4.0 and up,UNITED KINGDOM
Bu the Baby Bunny - Cute pet care game,FAMILY,4.4,37122,89M,"1,000,000+",Free,0,Everyone,Educational,"June 14, 2018",1.03,4.1 and up,Canada
Boston University Alumni,FAMILY,1.8,5,5.2M,"1,000+",Free,0,Everyone,Education,"December 2, 2017",4.0,4.4 and up,Canada
BU Study,FAMILY,5.0,7,5.6M,10+,Free,0,Everyone,Education,"December 7, 2017",1.0,4.0.3 and up,Canada
Bu Hangi Uygulama ?,FAMILY,,1,24M,10+,Free,0,Everyone,Puzzle,"March 6, 2018",3.2.6z,4.0.3 and up,Canada
sustainability@BU,LIFESTYLE,4.8,10,11M,"1,000+",Free,0,Everyone,Lifestyle,"January 18, 2018",4.2.7,4.1 and up,United States
BU Mobile,FAMILY,4.5,472,4.3M,"10,000+",Free,0,Everyone,Education,"July 6, 2018",2.4.1,2.3.3 and up,Canada
Barisal University App-BU Face,FAMILY,5.0,100,10M,"1,000+",Free,0,Everyone,Education,"May 6, 2018",3.1.1,4.0.3 and up,Canada
"Pu - Cute giant panda bear, baby pet care game",FAMILY,4.5,22167,88M,"1,000,000+",Free,0,Everyone,Educational,"June 12, 2018",1.18,4.1 and up,Canada
BU Students' Rep. Council,FAMILY,4.7,38,5.3M,500+,Free,0,Everyone,Education,"July 5, 2018",5.45.0_713,4.0 and up,Canada
On a Bu Pour Vous OBPV,LIFESTYLE,,0,5.4M,10+,Free,0,Teen,Lifestyle,"February 6, 2018",3.0,4.1 and up,United States
BU Calculator,FAMILY,4.6,69,3.1M,"1,000+",Free,0,Everyone,Education,"July 24, 2017",2.4,4.0.3 and up,Canada
BU Beauty Rooms,BEAUTY,,1,6.0M,50+,Free,0,Everyone,Beauty,"February 17, 2017",1.0,4.4 and up,INDIA
Bu Hangi Firma?,FAMILY,,8,26M,100+,Free,0,Everyone,Trivia;Education,"December 10, 2017",3.3.6z,4.0.3 and up,Canada
BU Syllabus,FAMILY,4.5,38,6.5M,"1,000+",Free,0,Everyone,Education,"September 21, 2017",1.0.3,4.0.3 and up,Canada
Kim Bu Youtuber?,FAMILY,,11,9.2M,"1,000+",Free,0,Everyone,Puzzle,"September 9, 2017",1.0,4.0 and up,Canada
BU Library,FAMILY,3.5,4,21M,"1,000+",Free,0,Everyone,Education,"September 22, 2017",1.1,4.3 and up,Canada
SkyTest BU/GU Lite,BUSINESS,2.9,28,20M,500+,Paid,$17.99,Everyone,Business,"October 24, 2017",2.0.5,3.0 and up,United States
SkyTest BU/GU Lite,BUSINESS,2.9,28,20M,500+,Paid,$17.99,Everyone,Business,"October 24, 2017",2.0.5,3.0 and up,CANADA
BU Alsace,BOOKS_AND_REFERENCE,,3,4.0M,100+,Free,0,Everyone,Books & Reference,"October 3, 2017",3.1.1,2.3 and up,UNITED KINGDOM
Catholic La Bu Zo Kam,BOOKS_AND_REFERENCE,5.0,23,Varies with device,500+,Free,0,Everyone,Books & Reference,"March 20, 2016",0.0.1,4.0 and up,UNITED KINGDOM
Bu Hangi Film ?,FAMILY,,3,25M,100+,Free,0,Everyone,Puzzle,"August 31, 2017",3.2.2dk,4.0.3 and up,Canada
Khrifa Hla Bu (Solfa),BOOKS_AND_REFERENCE,,0,44M,10+,Free,0,Everyone,Books & Reference,"July 8, 2018",1.0,2.1 and up,UNITED KINGDOM
Kristian Hla Bu,BOOKS_AND_REFERENCE,4.8,238,27M,"10,000+",Free,0,Everyone,Books & Reference,"May 25, 2018",1.0,4.0 and up,UNITED KINGDOM
SA HLA BU,BOOKS_AND_REFERENCE,4.7,119,1.5M,"1,000+",Free,0,Everyone,Books & Reference,"September 21, 2017",1.0,4.1 and up,UNITED KINGDOM
Bubble Witch 2 Saga,FAMILY,4.3,2838064,Varies with device,"100,000,000+",Free,0,Everyone,Casual,"August 6, 2018",Varies with device,Varies with device,Canada
Büfe BU,LIFESTYLE,4.1,14,13M,100+,Free,0,Everyone,Lifestyle,"October 17, 2015",2.0,4.0.3 and up,United States
BV Mobile Apps,PRODUCTIVITY,5.0,3,4.8M,100+,Free,0,Everyone,Productivity,"June 5, 2018",2.0,4.2 and up,United States
BV,COMMUNICATION,5.0,3,1.6M,100+,Free,0,Everyone,Communication,"August 4, 2016","1,01",3.0 and up,UNITED KINGDOM
BV Smart,BUSINESS,4.3,28,3.4M,"1,000+",Free,0,Everyone,Business,"May 1, 2015",1.1,4.0 and up,United States
BV Smart,BUSINESS,4.3,28,3.4M,"1,000+",Free,0,Everyone,Business,"May 1, 2015",1.1,4.0 and up,CANADA
BV Forest,BUSINESS,,0,2.9M,100+,Free,0,Everyone,Business,"May 9, 2018",2.1.18,4.4 and up,United States
BV Forest,BUSINESS,,0,2.9M,100+,Free,0,Everyone,Business,"May 9, 2018",2.1.18,4.4 and up,CANADA
BV Sridhara Maharaj,FAMILY,5.0,8,2.7M,100+,Free,0,Everyone,Entertainment,"December 3, 2017",1.1,4.1 and up,Canada
BV Link,BUSINESS,,10,2.8M,100+,Free,0,Everyone,Business,"April 11, 2018",1.3.0,4.1 and up,United States
BV Link,BUSINESS,,10,2.8M,100+,Free,0,Everyone,Business,"April 11, 2018",1.3.0,4.1 and up,CANADA
BV MAAp,BUSINESS,,9,4.2M,100+,Free,0,Everyone,Business,"December 4, 2015",1.1.3,4.1 and up,United States
BV MAAp,BUSINESS,,9,4.2M,100+,Free,0,Everyone,Business,"December 4, 2015",1.1.3,4.1 and up,CANADA
van Gennip Textiles BV,LIFESTYLE,,1,4.0M,100+,Free,0,Everyone,Lifestyle,"June 28, 2018",1.1.5,4.1 and up,United States
PIO bv App,BUSINESS,,2,98M,10+,Free,0,Everyone,Business,"August 1, 2018",2.6.0,4.1 and up,United States
PIO bv App,BUSINESS,,2,98M,10+,Free,0,Everyone,Business,"August 1, 2018",2.6.0,4.1 and up,CANADA
Kovax Europe B.V.,BUSINESS,,17,96M,500+,Free,0,Everyone,Business,"September 10, 2017",24.0.11,4.0.3 and up,United States
Kovax Europe B.V.,BUSINESS,,17,96M,500+,Free,0,Everyone,Business,"September 10, 2017",24.0.11,4.0.3 and up,CANADA
StartPage Private Search,LIFESTYLE,4.6,10198,2.2M,"100,000+",Free,0,Everyone,Lifestyle,"August 21, 2017",1.10,2.1 and up,United States
DHV accountancy BV,BUSINESS,,0,10M,10+,Free,0,Everyone,Business,"April 21, 2016",1.0,4.0 and up,United States
DHV accountancy BV,BUSINESS,,0,10M,10+,Free,0,Everyone,Business,"April 21, 2016",1.0,4.0 and up,CANADA
BV Teknisk App,BUSINESS,,0,2.0M,50+,Free,0,Everyone,Business,"January 15, 2016",4.1.2099,4.0 and up,United States
BV Teknisk App,BUSINESS,,0,2.0M,50+,Free,0,Everyone,Business,"January 15, 2016",4.1.2099,4.0 and up,CANADA
Feel Performer,COMMUNICATION,2.2,62,34M,"10,000+",Free,0,Everyone,Communication,"April 9, 2018",2.0.3,4.1 and up,UNITED KINGDOM
BV Productions,BUSINESS,,0,2.8M,1+,Free,0,Everyone,Business,"October 25, 2016",1.0.1,4.0 and up,United States
BV Productions,BUSINESS,,0,2.8M,1+,Free,0,Everyone,Business,"October 25, 2016",1.0.1,4.0 and up,CANADA
Allsetra B.V.,BUSINESS,4.1,15,24M,"1,000+",Free,0,Everyone,Business,"April 5, 2018",3.1.2,4.3 and up,United States
Allsetra B.V.,BUSINESS,4.1,15,24M,"1,000+",Free,0,Everyone,Business,"April 5, 2018",3.1.2,4.3 and up,CANADA
PIO bv Transport App,BUSINESS,,0,73M,5+,Free,0,Everyone,Business,"March 22, 2018",1.0.0,4.1 and up,United States
PIO bv Transport App,BUSINESS,,0,73M,5+,Free,0,Everyone,Business,"March 22, 2018",1.0.0,4.1 and up,CANADA
Philips Hue,LIFESTYLE,3.1,10006,53M,"1,000,000+",Free,0,Everyone,Lifestyle,"July 26, 2018",3.2.0,5.0 and up,United States
Evolution: Battle for Utopia,FAMILY,4.2,246705,27M,"1,000,000+",Free,0,Teen,Strategy,"May 4, 2018",3.5.2,4.0.3 and up,Canada
BW App,LIFESTYLE,2.8,48,12M,"5,000+",Free,0,Everyone,Lifestyle,"September 27, 2017",2.8.216.6-ba,4.0 and up,United States
Learn SAP BW,BOOKS_AND_REFERENCE,,2,20M,500+,Free,0,Everyone,Books & Reference,"February 13, 2018",1.1,4.0 and up,UNITED KINGDOM
BW COMPANY FINDER,BUSINESS,4.6,48,7.4M,"1,000+",Free,0,Everyone,Business,"August 21, 2017",1.5,4.0 and up,United States
BW COMPANY FINDER,BUSINESS,4.6,48,7.4M,"1,000+",Free,0,Everyone,Business,"August 21, 2017",1.5,4.0 and up,CANADA
Learn SAP BW on HANA,BOOKS_AND_REFERENCE,,0,13M,500+,Free,0,Everyone,Books & Reference,"February 13, 2018",1.1,4.0 and up,UNITED KINGDOM
BW Ultra,PRODUCTIVITY,,0,24M,10+,Free,0,Everyone,Productivity,"July 3, 2018",1.0,4.0 and up,United States
BW-IVMS,PRODUCTIVITY,,0,17M,100+,Free,0,Everyone,Productivity,"July 26, 2018",12.0.18071400,4.1 and up,United States
Bell and Wyson Camera BW Pix +,LIFESTYLE,2.0,8,12M,"1,000+",Free,0,Everyone,Lifestyle,"November 14, 2016",2.0.18.23,2.3 and up,United States
SAP BW Tutorial,FAMILY,4.0,11,9.4M,"1,000+",Free,0,Everyone,Education,"January 10, 2016",0.0.1,4.1 and up,Canada
IP address BW,PRODUCTIVITY,,7,1.8M,500+,Free,0,Everyone,Productivity,"November 20, 2014",1.0,2.2 and up,United States
Fantasy theme dark bw black building,ART_AND_DESIGN,4.8,41,1.9M,"5,000+",Free,0,Everyone,Art & Design,"March 20, 2018",1.0.2,4.0 and up,United States
Tutorials for SAP BW Offline,FAMILY,,1,16M,100+,Free,0,Everyone,Education,"December 21, 2017",1.0,4.0 and up,Canada
Hitman GO,FAMILY,4.6,84114,23M,"500,000+",Paid,$0.99,Everyone 10+,Puzzle,"July 5, 2018",1.13.108869,2.3.3 and up,Canada
BW eServices,BUSINESS,,1,3.8M,10+,Free,0,Everyone,Business,"June 5, 2018",1.0,4.2 and up,United States
BW eServices,BUSINESS,,1,3.8M,10+,Free,0,Everyone,Business,"June 5, 2018",1.0,4.2 and up,CANADA
BW t&t,PRODUCTIVITY,,2,1.7M,10+,Free,0,Everyone,Productivity,"December 15, 2016",1.0,4.1 and up,United States
EBook For SAP BW ON HANA Learning Free,FAMILY,,0,10M,50+,Free,0,Everyone,Education,"April 2, 2018",1.0.1,4.0 and up,Canada
BX Memo,FAMILY,4.3,131,2.0M,"5,000+",Free,0,Everyone,Education,"November 17, 2016",3.3.1,2.2 and up,Canada
bX Hot Articles by Ex Libris,FAMILY,4.3,42,554k,"5,000+",Free,0,Everyone,Education,"May 9, 2017",2,2.2 and up,Canada
BX Mobile TMC for SAP B1,BUSINESS,4.7,3,11M,100+,Free,0,Everyone,Business,"January 20, 2015",1.0.16,4.0.3 and up,United States
BX Mobile TMC for SAP B1,BUSINESS,4.7,3,11M,100+,Free,0,Everyone,Business,"January 20, 2015",1.0.16,4.0.3 and up,CANADA
CSHS BX,FAMILY,,0,18M,100+,Free,0,Everyone,Education,"April 17, 2018",1.0.5.170418-cardspl,4.4 and up,Canada
Car Driving Simulator Citroen,FAMILY,3.8,174,44M,"10,000+",Free,0,Everyone,Simulation,"July 18, 2017",1.0,2.3 and up,Canada
Water Surfer Floating BMX Bicycle Rider Racing,FAMILY,4.4,551,38M,"100,000+",Free,0,Everyone,Simulation,"July 3, 2017",1.0,2.3 and up,Canada
Tiny Call Confirm,COMMUNICATION,4.1,22782,351k,"1,000,000+",Free,0,Everyone,Communication,"March 25, 2015",4.2.0,2.2 and up,UNITED KINGDOM
City Builder 2016: County Mall,FAMILY,4.2,41693,74M,"1,000,000+",Free,0,Everyone,Simulation,"June 4, 2018",1.0.23,4.0 and up,Canada
Train driving simulator,FAMILY,3.8,91645,36M,"10,000,000+",Free,0,Teen,Simulation,"May 8, 2018",1.94,4.1 and up,Canada
Best Friends Dress Up & Makeup,FAMILY,3.7,7664,44M,"500,000+",Free,0,Everyone,Casual;Pretend Play,"September 9, 2015",1.0.3,4.0.3 and up,Canada
Quadratic Equation Solver with Steps and Graphs,FAMILY,4.7,513,9.8M,"50,000+",Free,0,Everyone,Education,"December 14, 2017",1.4.1,4.0 and up,Canada
Adult Color By Number Book: Number Coloring Pages,FAMILY,4.2,2231,37M,"500,000+",Free,0,Everyone,Entertainment,"July 23, 2018",2.9,4.4 and up,Canada
Glitter Color By Number - Glitter Number Coloring,FAMILY,3.5,1380,6.9M,"500,000+",Free,0,Everyone,Entertainment,"July 18, 2018",1.6,4.0 and up,Canada
Sandbox - Color by Number Coloring Pages,FAMILY,4.7,412744,10M,"10,000,000+",Free,0,Everyone,Entertainment;Creativity,"July 19, 2018",0.2.7,4.4 and up,Canada
Sandbox Art-Sandbox Color by Number Coloring Pages,FAMILY,4.7,12784,15M,"1,000,000+",Free,0,Everyone,Entertainment,"August 4, 2018",1.3.3,4.1 and up,Canada
One Today by Google,LIFESTYLE,4.5,2586,9.4M,"100,000+",Free,0,Everyone,Lifestyle,"December 17, 2015",1.9.0.110162364,4.0.3 and up,United States
Art Pixel Coloring. Color by Number.,FAMILY,4.5,992,49M,"100,000+",Free,0,Teen,Entertainment,"August 2, 2018",1.2.0.200,4.2 and up,Canada
Color By Number - Sandbox Pixel Coloring Book,FAMILY,4.7,24557,24M,"1,000,000+",Free,0,Everyone,Casual;Creativity,"August 3, 2018",1.3.6,4.4 and up,Canada
PixelDot - Color by Number Sandbox Pixel Art,FAMILY,4.6,16041,7.3M,"1,000,000+",Free,0,Everyone,Entertainment,"July 5, 2018",1.3.3.1,4.3 and up,Canada
PixPanda - Color by Number Pixel Art Coloring Book,FAMILY,4.9,55723,14M,"1,000,000+",Free,0,Everyone,Entertainment,"June 4, 2018",3.3,4.0.3 and up,Canada
Sandbox Number Coloring Book Art - Color By Number,FAMILY,4.2,14356,Varies with device,"1,000,000+",Free,0,Everyone,Entertainment;Brain Games,"March 9, 2018",2.5,4.1 and up,Canada
Adult Color by Number Book - Paint Mandala Pages,FAMILY,4.3,997,Varies with device,"100,000+",Free,0,Everyone,Entertainment,"June 27, 2018",2.4,4.1 and up,Canada
No.Color – Color by Number,FAMILY,4.4,23474,8.8M,"5,000,000+",Free,0,Everyone,Casual;Creativity,"July 26, 2018",1.0.7,4.1 and up,Canada
PixBox Coloring - Color by number Sandbox,FAMILY,4.5,12293,4.0M,"1,000,000+",Free,0,Everyone,Entertainment,"May 6, 2018",1.2.6,4.0.3 and up,Canada
"3D Color by Number: Voxel, Unicorn, Pixel Art 3D",FAMILY,4.3,2017,Varies with device,"100,000+",Free,0,Everyone,Entertainment,"February 16, 2018",2.4,4.1 and up,Canada
Pixelmania - Color by number & create pixel art,FAMILY,4.4,3588,18M,"500,000+",Free,0,Everyone,Entertainment,"February 25, 2018",1.18,4.3 and up,Canada
Valentines love color by number-Pixel art coloring,FAMILY,4.4,767,18M,"100,000+",Free,0,Everyone,Entertainment,"February 23, 2018",1.1,4.1 and up,Canada
Rized ‼️ Color By Number & Pixel Coloring Book,FAMILY,3.0,1279,13M,"100,000+",Free,0,Everyone,Casual,"June 13, 2018",1.1.7,4.3 and up,Canada
Pixyfy: coloring by number coloring book,FAMILY,4.8,22290,13M,"500,000+",Free,0,Everyone,Puzzle,"August 5, 2018",18.08.05,4.0 and up,Canada
Draw Color by Number - Sandbox Pixel Art,FAMILY,4.7,34279,24M,"1,000,000+",Free,0,Everyone,Casual;Creativity,"August 2, 2018",1.2.3,4.4 and up,Canada
Tattoo Color By Number Draw Book Page Pixel Art,FAMILY,4.0,309,25M,"100,000+",Free,0,Everyone,Entertainment,"May 2, 2018",1.4,4.1 and up,Canada
SegPlay Mobile Paint by Number,FAMILY,3.7,1478,43M,"100,000+",Free,0,Everyone,Casual,"April 22, 2017",4.0.15,2.3 and up,Canada
Paint By Number,FAMILY,3.5,807,4.6M,"500,000+",Free,0,Everyone,Casual,"May 1, 2018",1.4.0,3.0 and up,Canada
Color by Disney,FAMILY,2.7,5706,47M,"500,000+",Free,0,Everyone,Entertainment,"July 13, 2017",1.7,4.4 and up,Canada
Painting By Numbers,FAMILY,4.1,213,26M,"50,000+",Free,0,Everyone,Puzzle;Brain Games,"June 8, 2018",1.2.100,4.1 and up,Canada
3D Color by Number with Voxels,FAMILY,4.5,5481,69M,"500,000+",Free,0,Everyone,Entertainment,"July 7, 2018",1.3,4.4 and up,Canada
Butterfly Pixel Art - coloring by number,FAMILY,4.6,769,13M,"100,000+",Free,0,Everyone,Entertainment,"April 4, 2018",1.06,4.1 and up,Canada
Best Hairstyles step by step,BEAUTY,4.5,45452,9.2M,"5,000,000+",Free,0,Everyone,Beauty,"July 19, 2018",1.25,4.0 and up,INDIA
Halloween Sandbox Number Coloring- Color By Number,FAMILY,4.4,289,19M,"100,000+",Free,0,Everyone,Entertainment,"February 17, 2018",1.2,4.1 and up,Canada
"Poly Art: Paint by Sticker, Color by Number Puzzle",FAMILY,4.4,2100,Varies with device,"100,000+",Free,0,Everyone,Entertainment;Brain Games,"July 28, 2018",2.3,4.1 and up,Canada
"Pixel art pro-Sand box,paint by number,number draw",FAMILY,4.5,2442,13M,"100,000+",Free,0,Everyone,Casual;Brain Games,"July 6, 2018",2.5.111,4.0.3 and up,Canada
Color by Number: Pixel Art,FAMILY,4.6,12034,34M,"1,000,000+",Free,0,Everyone,Entertainment,"May 26, 2018",4.8,4.1 and up,Canada
UNICORN - Color By Number & Pixel Art Coloring,FAMILY,4.7,8264,24M,"500,000+",Free,0,Everyone,Art & Design;Creativity,"August 2, 2018",1.0.9,4.4 and up,Canada
FunnyPixels - Color by number Sandbox,FAMILY,4.6,1977,3.8M,"100,000+",Free,0,Everyone,Entertainment,"February 21, 2018",1.0.4,4.0.3 and up,Canada
Color By Numbers - Art Game for Kids and Adults,FAMILY,3.1,305,8.3M,"100,000+",Free,0,Everyone,Educational;Brain Games,"July 7, 2016",3,2.3.3 and up,Canada
Elmo Calls by Sesame Street,FAMILY,3.9,6903,25M,"1,000,000+",Free,0,Everyone,Educational;Pretend Play,"January 31, 2018",2.0.7,2.3 and up,Canada
No.Diamond – Colors by Number,FAMILY,4.6,9016,24M,"1,000,000+",Free,0,Everyone,Entertainment;Creativity,"August 6, 2018",0.9.34,4.1 and up,Canada
BZ Reminder,BUSINESS,4.7,41625,5.4M,"1,000,000+",Free,0,Everyone,Business,"December 21, 2017",2.3.4,4.1 and up,United States
BZ Reminder,BUSINESS,4.7,41625,5.4M,"1,000,000+",Free,0,Everyone,Business,"December 21, 2017",2.3.4,4.1 and up,CANADA
BZ Reminder PRO,BUSINESS,4.8,726,5.4M,"1,000+",Paid,$3.99,Everyone,Business,"December 20, 2017",2.3.3,4.1 and up,United States
BZ Reminder PRO,BUSINESS,4.8,726,5.4M,"1,000+",Paid,$3.99,Everyone,Business,"December 20, 2017",2.3.3,4.1 and up,CANADA
BZ Bingo,FAMILY,,1,17M,100+,Free,0,Everyone,Entertainment,"April 3, 2018",1.3,4.0.3 and up,Canada
BZ Dealer,PRODUCTIVITY,,5,4.6M,500+,Free,0,Everyone,Productivity,"October 31, 2017",1.0.3,4.0.3 and up,United States
Dragon BZ Super Wallpapers,FAMILY,4.2,12,13M,"1,000+",Free,0,Everyone,Entertainment,"January 16, 2018",1.0,4.0.3 and up,Canada
TFO BZ Lessons,FAMILY,4.4,75,3.7M,500+,Free,0,Everyone,Education,"April 28, 2017",2.1.1,4.1 and up,Canada
City Driving Jeep Mania: Parking Passion 2018,FAMILY,4.4,36,24M,"10,000+",Free,0,Everyone,Simulation,"June 14, 2018",1.0,4.0 and up,Canada
Contractor City Construction - Heavy Logistics,FAMILY,4.2,31,35M,"5,000+",Free,0,Everyone,Simulation,"June 12, 2018",1.01,4.0 and up,Canada
Park Limousine: Realistic Limo Parking Simulator,FAMILY,4.8,4,25M,"1,000+",Free,0,Everyone,Simulation,"July 20, 2018",1.0,4.0 and up,Canada
Zoosk Dating App: Meet Singles,DATING,4.0,516917,Varies with device,"10,000,000+",Free,0,Mature 17+,Dating,"August 2, 2018",Varies with device,Varies with device,CHINA
Filmi Gaane,FAMILY,4.4,572,Varies with device,"100,000+",Free,0,Everyone,Entertainment,"August 17, 2017",Varies with device,Varies with device,Canada
CA Service Management,BUSINESS,3.4,91,8.3M,"10,000+",Free,0,Everyone,Business,"March 20, 2018",3.1.13,5.0 and up,United States
CA Service Management,BUSINESS,3.4,91,8.3M,"10,000+",Free,0,Everyone,Business,"March 20, 2018",3.1.13,5.0 and up,CANADA
CA Mobile Authenticator,BUSINESS,,9,6.9M,"1,000+",Free,0,Everyone,Business,"December 15, 2016",1.0.0,4.2 and up,United States
CA Mobile Authenticator,BUSINESS,,9,6.9M,"1,000+",Free,0,Everyone,Business,"December 15, 2016",1.0.0,4.2 and up,CANADA
CA Latam Partners,BUSINESS,,0,12M,10+,Free,0,Everyone,Business,"August 3, 2018",1.1.2,4.3 and up,United States
CA Latam Partners,BUSINESS,,0,12M,10+,Free,0,Everyone,Business,"August 3, 2018",1.1.2,4.3 and up,CANADA
CA Lottery Official App,FAMILY,4.2,7000,26M,"1,000,000+",Free,0,Teen,Entertainment,"August 2, 2018",3.0.2,4.4 and up,Canada
CA Technologies,FAMILY,,1,98M,100+,Free,0,Everyone,Puzzle,"October 20, 2017",1.093,4.1 and up,Canada
CA Case Management,BUSINESS,2.4,16,5.2M,500+,Free,0,Everyone,Business,"May 4, 2016",1.0.1,4.0 and up,United States
CA Case Management,BUSINESS,2.4,16,5.2M,500+,Free,0,Everyone,Business,"May 4, 2016",1.0.1,4.0 and up,CANADA
CA UIM Mobile,BUSINESS,3.2,54,7.7M,"1,000+",Free,0,Everyone,Business,"February 29, 2016",8.4.1,4.0 and up,United States
CA UIM Mobile,BUSINESS,3.2,54,7.7M,"1,000+",Free,0,Everyone,Business,"February 29, 2016",8.4.1,4.0 and up,CANADA
CA Clarity Mobile Time Manager,BUSINESS,3.1,104,5.3M,"10,000+",Free,0,Everyone,Business,"May 14, 2015",2.0,2.2 and up,United States
CA Clarity Mobile Time Manager,BUSINESS,3.1,104,5.3M,"10,000+",Free,0,Everyone,Business,"May 14, 2015",2.0,2.2 and up,CANADA
Patchcord.ca Inc. App Launcher,BUSINESS,,0,3.7M,10+,Free,0,Everyone,Business,"December 23, 2016",1.21,4.0 and up,United States
Patchcord.ca Inc. App Launcher,BUSINESS,,0,3.7M,10+,Free,0,Everyone,Business,"December 23, 2016",1.21,4.0 and up,CANADA
CA Speakers Free,LIFESTYLE,4.8,74,2.9M,"5,000+",Free,0,Teen,Lifestyle,"September 30, 2015",1.6,2.3.3 and up,United States
CA World '17,PRODUCTIVITY,3.7,7,18M,"1,000+",Free,0,Teen,Productivity,"June 10, 2018",7.17.2.0,5.0 and up,United States
California Cop Assist CA Cop,PRODUCTIVITY,3.0,5,7.0M,100+,Paid,$4.99,Everyone,Productivity,"February 11, 2014",1.3,2.2 and up,United States
CA Laws 2018 (California Laws and Codes),BOOKS_AND_REFERENCE,3.9,56,38M,"5,000+",Free,0,Everyone,Books & Reference,"March 24, 2018",1.17,4.4 and up,UNITED KINGDOM
CA Speakers,LIFESTYLE,5.0,12,1.2M,100+,Paid,$0.99,Teen,Lifestyle,"March 25, 2014",1.0,3.0 and up,United States
Register.ca Mobile,PRODUCTIVITY,,0,1.2M,100+,Free,0,Everyone,Productivity,"August 19, 2016",2.0,5.0 and up,United States
CB Radio Chat - for friends!,COMMUNICATION,4.0,17998,7.9M,"1,000,000+",Free,0,Teen,Communication,"March 27, 2018",2.6.3,4.0 and up,UNITED KINGDOM
CB On Mobile,COMMUNICATION,4.1,901,323k,"100,000+",Free,0,Teen,Communication,"April 26, 2017",1.0.5,4.0 and up,UNITED KINGDOM
Virtual Walkie Talkie,COMMUNICATION,3.8,21785,2.5M,"1,000,000+",Free,0,Everyone,Communication,"August 13, 2015",1.41,2.3 and up,UNITED KINGDOM
CB Outdoors,FAMILY,3.8,5,12M,"1,000+",Free,0,Everyone,Education,"May 30, 2017",1.200,4.0.3 and up,Canada
Viking CB Radios,BUSINESS,4.3,6,15M,"1,000+",Free,0,Everyone,Business,"May 24, 2017",1.0.1,4.1 and up,United States
Viking CB Radios,BUSINESS,4.3,6,15M,"1,000+",Free,0,Everyone,Business,"May 24, 2017",1.0.1,4.1 and up,CANADA
CB Underground,LIFESTYLE,3.3,3,7.4M,500+,Free,0,Everyone,Lifestyle,"September 15, 2015",1.2,3.2 and up,United States
WRLP CB Repeater,FAMILY,,14,4.9M,"1,000+",Free,0,Teen,Entertainment,"July 21, 2018",1.1.11,2.1 and up,Canada
Channel 19,COMMUNICATION,3.7,916,12M,"100,000+",Free,0,Mature 17+,Communication,"July 13, 2018",2.2.6,4.1 and up,UNITED KINGDOM
CB STARS,FAMILY,,1,1.8M,10+,Free,0,Everyone,Education,"December 30, 2017",1.0,1.6 and up,Canada
CB Mobile,BUSINESS,,3,2.6M,100+,Free,0,Everyone,Business,"April 26, 2018",10,4.0 and up,United States
CB Mobile,BUSINESS,,3,2.6M,100+,Free,0,Everyone,Business,"April 26, 2018",10,4.0 and up,CANADA
CB TV,FAMILY,,2,1.9M,100+,Free,0,Teen,Strategy,"September 13, 2016",1.0.0,4.0.3 and up,Canada
CB News,FAMILY,5.0,7,20M,50+,Free,0,Everyone,Education,"September 10, 2016",1.2.0,4.1 and up,Canada
CB Register,FAMILY,5.0,1,5.6M,10+,Free,0,Everyone,Entertainment,"June 27, 2018",1.0,4.1 and up,Canada
CB Land,BUSINESS,,0,6.4M,100+,Free,0,Everyone,Business,"March 13, 2018",6.3.5,4.1 and up,United States
CB Land,BUSINESS,,0,6.4M,100+,Free,0,Everyone,Business,"March 13, 2018",6.3.5,4.1 and up,CANADA
Cb browser,COMMUNICATION,5.0,5,3.7M,50+,Free,0,Everyone,Communication,"April 2, 2018",1.0,4.0 and up,UNITED KINGDOM
CD Library,PRODUCTIVITY,3.9,44,3.3M,"10,000+",Free,0,Everyone,Productivity,"February 18, 2017",5.7.2,2.1 and up,United States
APagri CD,PRODUCTIVITY,,5,Varies with device,10+,Free,0,Everyone,Productivity,"May 26, 2018",Varies with device,Varies with device,United States
Design innovation CD Cassette,LIFESTYLE,,5,8.3M,500+,Free,0,Everyone,Lifestyle,"February 6, 2017",1.0,2.3 and up,United States
DIY Crafts Cds,LIFESTYLE,4.0,209,3.1M,"50,000+",Free,0,Everyone,Lifestyle,"January 24, 2017",3.0,3.0 and up,United States
CD Events,BUSINESS,,1,9.5M,100+,Free,0,Everyone,Business,"March 27, 2015",0.9.0,2.3.3 and up,United States
CD Events,BUSINESS,,1,9.5M,100+,Free,0,Everyone,Business,"March 27, 2015",0.9.0,2.3.3 and up,CANADA
CD Roma's,BUSINESS,,2,6.7M,100+,Free,0,Everyone,Business,"June 4, 2015",2.00.0.3,4.0.3 and up,United States
CD Roma's,BUSINESS,,2,6.7M,100+,Free,0,Everyone,Business,"June 4, 2015",2.00.0.3,4.0.3 and up,CANADA
CD Ready,BUSINESS,4.6,52,Varies with device,"1,000+",Free,0,Everyone,Business,"February 2, 2017",6.3.3,4.0 and up,United States
CD Ready,BUSINESS,4.6,52,Varies with device,"1,000+",Free,0,Everyone,Business,"February 2, 2017",6.3.3,4.0 and up,CANADA
CD Live - Club del Deportista,LIFESTYLE,,8,9.2M,500+,Free,0,Everyone,Lifestyle,"June 12, 2018",4.1,4.1 and up,United States
Bootable Methods(USB-CD-DVD),BOOKS_AND_REFERENCE,3.4,37,3.4M,"10,000+",Free,0,Everyone,Books & Reference,"May 31, 2018",1.5,4.0 and up,UNITED KINGDOM
Creative CD Letter Holder,LIFESTYLE,,0,13M,10+,Free,0,Everyone,Lifestyle,"November 15, 2017",7.1,4.0 and up,United States
CD CHOICE TUBE,FAMILY,5.0,10,5.8M,500+,Free,0,Everyone,Entertainment,"July 23, 2017",0.0.4,4.1 and up,Canada
My Movies Pro - Movie & TV Collection Library,LIFESTYLE,4.6,6477,20M,"10,000+",Paid,$7.99,Everyone,Lifestyle,"July 16, 2018",2.26 Build 17,4.1 and up,United States
CD - Teach me ABC English L1,FAMILY,,2,63M,500+,Free,0,Everyone,Education,"June 18, 2017",1.0.0,4.0 and up,Canada
Best Design CD Ideas,LIFESTYLE,,0,13M,10+,Free,0,Everyone,Lifestyle,"April 18, 2018",1.0.0,4.0.3 and up,United States
CD Carpe Diem App,FAMILY,,17,27M,100+,Free,0,Everyone,Education,"July 18, 2018",2,4.1 and up,Canada
Yazdani Cd Center EllahAbad Official App,FAMILY,5.0,8,3.8M,500+,Free,0,Everyone,Entertainment,"January 12, 2018",2.0,4.0 and up,Canada
DIY cd rom ideas,LIFESTYLE,,5,12M,500+,Free,0,Everyone,Lifestyle,"October 17, 2016",1.0,2.3.3 and up,United States
Easy DIY CD Craft Ideas,ART_AND_DESIGN,,7,5.6M,"5,000+",Free,0,Everyone,Art & Design,"May 30, 2018",1.0,2.3 and up,United States
CD-Zing,BUSINESS,3.8,70,Varies with device,"1,000+",Free,0,Everyone,Business,"October 26, 2016",6.2.7,4.0 and up,United States
CD-Zing,BUSINESS,3.8,70,Varies with device,"1,000+",Free,0,Everyone,Business,"October 26, 2016",6.2.7,4.0 and up,CANADA
DIY Recycled CD Wall Art,LIFESTYLE,,3,7.9M,"1,000+",Free,0,Everyone,Lifestyle,"December 14, 2016",1.0,2.3 and up,United States
Билеты ПДД CD 2019 PRO,AUTO_AND_VEHICLES,,21,16M,100+,Paid,$1.49,Everyone,Auto & Vehicles,"July 27, 2018",1.49,4.0 and up,United States
DIY CD Craft Ideas,LIFESTYLE,4.4,5,4.6M,"1,000+",Free,0,Everyone,Lifestyle,"January 14, 2017",1.0,2.3 and up,United States
CD Supply,BUSINESS,,0,14M,5+,Free,0,Mature 17+,Business,"May 28, 2018",2.3.2,5.0 and up,United States
CD Supply,BUSINESS,,0,14M,5+,Free,0,Mature 17+,Business,"May 28, 2018",2.3.2,5.0 and up,CANADA
Music Collector Inventory Organizer UPC Discogs,LIFESTYLE,3.5,155,12M,"10,000+",Free,0,Everyone,Lifestyle,"October 13, 2017",3.1,4.1 and up,United States
CE Broker,FAMILY,3.7,190,12M,"10,000+",Free,0,Everyone,Education,"March 22, 2017",2.2.0,4.4 and up,Canada
CEHQ - CE Credits for Nurses,FAMILY,4.5,12,4.0M,"1,000+",Free,0,Everyone,Education,"May 25, 2018",3.0.18,5.0 and up,Canada
Theatre of the Absurd CE(Full),FAMILY,4.1,1143,15M,"10,000+",Paid,$2.99,Everyone 10+,Casual,"May 21, 2013",1.0,2.0.1 and up,Canada
CE SmartApp.com,BUSINESS,,0,42M,100+,Free,0,Everyone,Business,"March 16, 2018",102.0.875,4.2 and up,United States
CE SmartApp.com,BUSINESS,,0,42M,100+,Free,0,Everyone,Business,"March 16, 2018",102.0.875,4.2 and up,CANADA
Professor Online SEDUC-CE,FAMILY,4.1,188,4.6M,"10,000+",Free,0,Everyone,Education,"July 6, 2018",1.3,4.1 and up,Canada
ABAI CE Scanner,FAMILY,,0,4.3M,"1,000+",Free,0,Everyone,Education,"January 23, 2018",1.3,4.1 and up,Canada
TI-84 CE Graphing Calculator Manual TI 84,FAMILY,5.0,1,27M,100+,Paid,$4.99,Everyone,Education,"March 28, 2018",1.5.2,4.1 and up,Canada
Shiver: Moonlit Grove CE,FAMILY,4.1,3433,23M,"50,000+",Free,0,Everyone 10+,Casual,"March 14, 2016",1.1.0,2.3.3 and up,Canada
Beast of Lycan Isle CE,FAMILY,4.1,2683,20M,"50,000+",Free,0,Everyone 10+,Casual,"January 23, 2014",1.0,2.3 and up,Canada
QUI EST CE ?,FAMILY,,7,5.4M,"1,000+",Free,0,Everyone,Puzzle,"October 11, 2015",1.0,2.2 and up,Canada
Volvo CE Insider,BUSINESS,4.2,45,24M,"1,000+",Free,0,Everyone,Business,"March 16, 2018",1.15.5,4.0.3 and up,United States
Volvo CE Insider,BUSINESS,4.2,45,24M,"1,000+",Free,0,Everyone,Business,"March 16, 2018",1.15.5,4.0.3 and up,CANADA
AC CE BJT Actorial,FAMILY,,1,1.4M,50+,Paid,$2.00,Everyone,Education,"September 27, 2015",2.4,1.6 and up,Canada
MCQ CE IT,FAMILY,5.0,22,3.6M,"1,000+",Free,0,Everyone,Education,"November 7, 2017",2.0,4.4 and up,Canada
Placement Tips for BE (CE/IT),FAMILY,4.4,7,6.3M,500+,Free,0,Everyone,Education,"June 24, 2016",1.4,4.0 and up,Canada
NetApp CE,BUSINESS,,0,21M,100+,Free,0,Everyone,Business,"February 27, 2018",v6.6.0,5.0 and up,United States
NetApp CE,BUSINESS,,0,21M,100+,Free,0,Everyone,Business,"February 27, 2018",v6.6.0,5.0 and up,CANADA
Depths of Betrayal CE (Full),FAMILY,4.3,363,14M,"1,000+",Paid,$2.99,Everyone 10+,Casual,"August 19, 2013",1.0.0,2.3 and up,Canada
Merck CE,BUSINESS,4.5,2,25M,100+,Free,0,Everyone,Business,"February 13, 2017",1.0,4.1 and up,United States
Merck CE,BUSINESS,4.5,2,25M,100+,Free,0,Everyone,Business,"February 13, 2017",1.0,4.1 and up,CANADA
CE-STRONG,FAMILY,,0,16M,100+,Free,0,Everyone,Education,"June 17, 2016",1.0.4,4.0 and up,Canada
Magana Jari ce Littafi Na Uku : Part 3 of 3,FAMILY,4.8,65,55M,"5,000+",Free,0,Everyone,Education,"November 19, 2017",1.0,4.0 and up,Canada
Qu'est ce qui est jaune et qui attend ?,FAMILY,,10,3.0M,500+,Free,0,Everyone,Entertainment,"July 13, 2017",1.1 (j'sais pas),4.4 and up,Canada
CE KISIO,LIFESTYLE,,1,24M,100+,Free,0,Everyone,Lifestyle,"February 5, 2018",1.0.1,4.1 and up,United States
CE SODEXO PASS FRANCE,PRODUCTIVITY,,0,21M,50+,Free,0,Everyone,Productivity,"June 6, 2018",2.3,4.1 and up,United States
ACCEPT CE MARKING,PRODUCTIVITY,,0,30M,10+,Free,0,Everyone,Productivity,"June 28, 2018",1.0,4.1 and up,United States
CE AR LOG,LIFESTYLE,,0,23M,1+,Free,0,Everyone,Lifestyle,"July 11, 2018",1.0.1,4.1 and up,United States
CE Airbus,LIFESTYLE,,0,Varies with device,100+,Free,0,Everyone,Lifestyle,"April 24, 2018",Varies with device,Varies with device,United States
"Führerschein Klasse CE, LKW 2018",FAMILY,,57,Varies with device,"1,000+",Paid,$2.49,Everyone,Education,"April 9, 2018",4.2.0,Varies with device,Canada
CE Intelligence,BUSINESS,,0,10M,5+,Free,0,Everyone,Business,"November 15, 2016",1.1,4.0 and up,United States
CE Intelligence,BUSINESS,,0,10M,5+,Free,0,Everyone,Business,"November 15, 2016",1.1,4.0 and up,CANADA
CF SHOP!,LIFESTYLE,2.8,88,43M,"10,000+",Free,0,Everyone,Lifestyle,"June 30, 2018",1.8.1,4.4 and up,United States
CF Life,FAMILY,5.0,4,8.3M,100+,Free,0,Everyone,Education,"June 27, 2018",3.8.0,4.1 and up,Canada
CF Appreciation,LIFESTYLE,2.0,11,6.2M,"1,000+",Free,0,Everyone,Lifestyle,"June 12, 2018",2.4.78-s,4.1 and up,United States
Unity CF,LIFESTYLE,5.0,5,8.3M,100+,Free,0,Everyone,Lifestyle,"April 12, 2016",1.0,4.0.3 and up,United States
Overcomers CF - GA,LIFESTYLE,5.0,7,11M,100+,Free,0,Everyone,Lifestyle,"March 20, 2017",1.1,4.1 and up,United States
CF Chat: Connecting Friends,COMMUNICATION,3.4,5,2.4M,100+,Free,0,Teen,Communication,"April 27, 2016",1.4,2.3 and up,UNITED KINGDOM
Team CF,LIFESTYLE,,0,3.0M,100+,Free,0,Everyone,Lifestyle,"June 7, 2018",3.9.9.2,2.3 and up,United States
CF Calculator,LIFESTYLE,3.3,25,4.7M,"1,000+",Free,0,Everyone,Lifestyle,"March 10, 2015",1.0.2,4.0 and up,United States
CF Climb,LIFESTYLE,1.5,2,3.0M,100+,Free,0,Everyone,Lifestyle,"June 7, 2018",3.9.9.2,2.3 and up,United States
Villarreal CF Wallpapers 4 Fans,LIFESTYLE,,2,3.2M,50+,Free,0,Everyone,Lifestyle,"May 22, 2018",1.0,4.0 and up,United States
Valencia CF Wallpapers 4 Fans,LIFESTYLE,,4,3.1M,100+,Free,0,Everyone,Lifestyle,"May 22, 2018",1.0,4.0 and up,United States
CF Church,FAMILY,,1,8.7M,50+,Free,0,Teen,Education,"June 26, 2018",3.8.0,4.1 and up,Canada
Málaga CF Wallpapers 4 Fans,LIFESTYLE,,2,3.1M,10+,Free,0,Everyone,Lifestyle,"May 22, 2018",1.0,4.0 and up,United States
CG - Calendars Add-On,PRODUCTIVITY,3.6,49,2.3M,"5,000+",Free,0,Everyone 10+,Productivity,"July 29, 2015",1.0.1,4.0 and up,United States
All Info about Cg,FAMILY,4.7,15,4.1M,"1,000+",Free,0,Teen,Education,"November 10, 2017",7.4,2.3 and up,Canada
cg guruji,FAMILY,4.5,170,4.1M,"10,000+",Free,0,Everyone,Education,"November 14, 2017",7.2,2.3 and up,Canada
CG Yojna & Jansampark,FAMILY,4.0,54,4.1M,"5,000+",Free,0,Teen,Education,"September 12, 2017",7.2,2.3 and up,Canada
CG Job Alerts,FAMILY,4.2,116,4.1M,"10,000+",Free,0,Everyone,Education,"September 11, 2017",7.2,2.3 and up,Canada
CG - Conference Call Add-On,PRODUCTIVITY,,6,1.1M,"1,000+",Free,0,Everyone,Productivity,"August 2, 2018",1.2,4.0 and up,United States
Somos CG,PRODUCTIVITY,,2,18M,100+,Free,0,Everyone,Productivity,"April 26, 2018",1.2.0,4.1 and up,United States
CG Samanya Gyan,FAMILY,4.2,145,4.1M,"10,000+",Free,0,Teen,Education,"September 12, 2017",7.2,2.3 and up,Canada
CG Wallpapers,FAMILY,4.5,11,3.5M,500+,Free,0,Mature 17+,Entertainment,"June 19, 2018",12.1,4.0.3 and up,Canada
Best CG Backgrounds,FAMILY,3.6,8,3.7M,500+,Free,0,Everyone,Entertainment,"May 20, 2018",8.0,4.0.3 and up,Canada
Amazing CG Backgrounds,FAMILY,4.2,34,4.0M,"1,000+",Free,0,Everyone,Entertainment,"May 17, 2018",9.0,4.0.3 and up,Canada
Chat Anónimo Gratis Español CG,DATING,3.5,69,4.0M,"5,000+",Free,0,Everyone,Dating,"July 10, 2017",1.0.2,2.3 and up,CHINA
CG FM,FAMILY,5.0,2,6.6M,500+,Free,0,Everyone,Entertainment,"January 31, 2018",1.0.9,4.1 and up,Canada
ASCP® CG Exam Flashcards 2018,FAMILY,,0,4.1M,100+,Free,0,Everyone,Education,"June 13, 2017",1.0,4.3 and up,Canada
Best CG views,FAMILY,4.2,4,2.5M,100+,Free,0,Teen,Entertainment,"June 24, 2015",5.1,3.0 and up,Canada
My CG,PRODUCTIVITY,,0,Varies with device,10+,Free,0,Teen,Productivity,"August 2, 2018",Varies with device,Varies with device,United States
Best CG Photography,FAMILY,,1,2.5M,500+,Free,0,Unrated,Entertainment,"June 24, 2015",5.2,3.0 and up,Canada
BF CG View Wallpapers,FAMILY,3.6,13,2.5M,"1,000+",Free,0,Teen,Entertainment,"June 19, 2015",3.0,3.0 and up,Canada
CG Sanyukt Bharti Pariksha 2018,FAMILY,4.3,14,4.3M,"1,000+",Free,0,Teen,Education,"January 10, 2018",7.4,2.3 and up,Canada
CG Shikshak,FAMILY,4.4,211,6.8M,"10,000+",Free,0,Everyone,Education,"July 5, 2016",2.0,4.0.3 and up,Canada
CG Backgrounds,FAMILY,4.0,8,3.6M,500+,Free,0,Everyone,Entertainment,"June 19, 2018",8.1,4.0.3 and up,Canada
CG - Chemistry free,FAMILY,5.0,7,2.3M,"1,000+",Free,0,Everyone,Education,"May 25, 2018",1.0,4.0.3 and up,Canada
CG Jobs,FAMILY,5.0,8,14M,10+,Free,0,Everyone,Education,"August 1, 2018",1.1,4.2 and up,Canada
music (CG),FAMILY,,0,99M,50+,Free,0,Everyone,Entertainment,"April 24, 2018",1.0,4.1 and up,Canada
CG Patwari Exam,FAMILY,3.8,28,4.1M,"1,000+",Free,0,Teen,Education,"October 23, 2017",7.2,2.3 and up,Canada
BF CG Abstract Pictures,FAMILY,4.7,6,2.5M,"1,000+",Free,0,Teen,Entertainment,"June 19, 2015",2.7,3.0 and up,Canada
CG JOKES - Copy & Share,FAMILY,4.4,31,4.3M,"1,000+",Free,0,Everyone,Entertainment,"June 3, 2018",1.1,4.0 and up,Canada
Chrome Beta,PRODUCTIVITY,4.4,228755,Varies with device,"10,000,000+",Free,0,Everyone,Productivity,"July 19, 2018",68.0.3440.70,Varies with device,United States
"OurHome – chores, rewards, groceries and calendar",FAMILY,4.3,3146,Varies with device,"100,000+",Free,0,Everyone,Lifestyle;Education,"January 31, 2018",3.13.2,4.1 and up,Canada
Dots puzzle,FAMILY,4.0,179,14M,"50,000+",Paid,$0.99,Everyone,Puzzle,"April 18, 2018",,4.0 and up,Canada
Flo's CH Boss Timer,FAMILY,3.5,163,3.4M,"1,000+",Free,0,Everyone,Role Playing,"March 27, 2017",1.2,4.0.3 and up,Canada
"Reading Race 1b: sh, ch words",FAMILY,,2,76M,50+,Paid,$3.99,Everyone,Educational;Education,"January 8, 2016",1.01,4.0 and up,Canada
Calvary.ch App,LIFESTYLE,4.4,10,7.7M,500+,Free,0,Teen,Lifestyle,"June 25, 2018",3.8.0,4.1 and up,United States
autolina.ch has over 120'000 cars on offer.,AUTO_AND_VEHICLES,4.2,25,6.5M,"10,000+",Free,0,Everyone,Auto & Vehicles,"August 2, 2017",1.02,4.2 and up,United States
Speech Therapy: CH,FAMILY,,0,14M,10+,Paid,$1.99,Everyone,Education,"October 8, 2016",1.0,2.3.3 and up,Canada
retteMi.ch,COMMUNICATION,,31,Varies with device,"5,000+",Free,0,Everyone,Communication,"April 28, 2018",Varies with device,Varies with device,UNITED KINGDOM
Chrome Canary (Unstable),PRODUCTIVITY,4.3,21866,Varies with device,"1,000,000+",Free,0,Everyone,Productivity,"August 4, 2018",70.0.3512.0,Varies with device,United States
ch-mm Dict,BOOKS_AND_REFERENCE,,0,1.4M,10+,Paid,$1.96,Everyone,Books & Reference,"July 18, 2014",1.0,2.3 and up,UNITED KINGDOM
boattheory.ch Full 2018,FAMILY,4.7,54,50M,"1,000+",Paid,$19.40,Everyone,Education,"November 18, 2017",3.1.2,4.2 and up,Canada
waut.ch!,FAMILY,4.5,10,2.5M,100+,Free,0,Everyone,Educational,"June 30, 2018",fcbd82b2-dd5b-41d2-af62-432271c42921,2.0 and up,Canada
autoricardo.ch – vehicles,LIFESTYLE,3.3,1045,13M,"100,000+",Free,0,Everyone,Lifestyle,"March 13, 2018",5.1,4.0 and up,United States
Chrome Dev,COMMUNICATION,4.4,63576,Varies with device,"5,000,000+",Free,0,Everyone,Communication,"August 2, 2018",69.0.3497.24,Varies with device,UNITED KINGDOM
Legit Check App by Ch Daniel,LIFESTYLE,4.9,66,8.1M,"1,000+",Free,0,Everyone,Lifestyle,"July 18, 2018",1.0,4.1 and up,United States
Threema,COMMUNICATION,4.5,51110,Varies with device,"1,000,000+",Paid,$2.99,Everyone,Communication,"August 3, 2018",Varies with device,Varies with device,UNITED KINGDOM
DRAGON QUEST IV,FAMILY,4.7,1647,16M,"10,000+",Paid,$14.99,Everyone,Role Playing,"February 28, 2017",1.0.5,2.3 and up,Canada
CH Kadels,BUSINESS,4.4,36,10M,"1,000+",Free,0,Everyone,Business,"March 26, 2018",1.0.2,4.1 and up,United States
CH Kadels,BUSINESS,4.4,36,10M,"1,000+",Free,0,Everyone,Business,"March 26, 2018",1.0.2,4.1 and up,CANADA
usgang.ch,LIFESTYLE,3.7,492,Varies with device,"100,000+",Free,0,Everyone 10+,Lifestyle,"June 11, 2018",3.0.7,4.1 and up,United States
ci,FAMILY,3.0,1691,5.8M,"500,000+",Free,0,Everyone,Strategy,"June 8, 2016",1.0.3,4.0 and up,Canada
Valmet CI Tool,BUSINESS,,1,3.7M,500+,Free,0,Everyone,Business,"March 13, 2018",0.0.6,4.0 and up,United States
Valmet CI Tool,BUSINESS,,1,3.7M,500+,Free,0,Everyone,Business,"March 13, 2018",0.0.6,4.0 and up,CANADA
CI Remote for Go,PRODUCTIVITY,4.6,20,Varies with device,100+,Free,0,Everyone,Productivity,"July 2, 2018",Varies with device,Varies with device,United States
CI MOBI,FAMILY,4.3,108,42M,"5,000+",Free,0,Everyone,Education,"October 7, 2017",1.2.1,4.0 and up,Canada
CI Crew,FAMILY,,1,30M,100+,Free,0,Everyone,Entertainment,"March 8, 2018",0.7,2.3.3 and up,Canada
CI Staff App,LIFESTYLE,,0,10M,10+,Free,0,Everyone,Lifestyle,"October 4, 2017",1.0.7,4.1 and up,United States
IQ Test,PRODUCTIVITY,4.2,1623,1.8M,"100,000+",Free,0,Everyone,Productivity,"March 6, 2018",1.8,2.3 and up,United States
Thistletown CI,PRODUCTIVITY,1.0,1,6.6M,100+,Free,0,Everyone,Productivity,"March 15, 2018",41.9,4.1 and up,United States
CI Dictionary,FAMILY,4.6,31,3.2M,"1,000+",Free,0,Everyone,Education,"September 1, 2015",1.0,4.0.3 and up,Canada
RGN CI-Control,BUSINESS,,0,6.0M,50+,Free,0,Everyone,Business,"May 28, 2018",1.2,4.1 and up,United States
RGN CI-Control,BUSINESS,,0,6.0M,50+,Free,0,Everyone,Business,"May 28, 2018",1.2,4.1 and up,CANADA
CI Time,PRODUCTIVITY,,4,2.5M,100+,Free,0,Everyone,Productivity,"March 17, 2017",1.2.392,4.0 and up,United States
CI View,BUSINESS,,2,9.9M,100+,Free,0,Everyone,Business,"April 19, 2017",2.9,4.1 and up,United States
CI View,BUSINESS,,2,9.9M,100+,Free,0,Everyone,Business,"April 19, 2017",2.9,4.1 and up,CANADA
Ci - Logistics Group,BUSINESS,,1,10M,50+,Free,0,Everyone,Business,"March 4, 2015",1.0.0,4.0 and up,United States
Ci - Logistics Group,BUSINESS,,1,10M,50+,Free,0,Everyone,Business,"March 4, 2015",1.0.0,4.0 and up,CANADA
CI Attendance,PRODUCTIVITY,,0,172k,5+,Paid,$0.99,Everyone,Productivity,"August 17, 2013",1.0.0,3.1 and up,United States
C I Patel School,FAMILY,4.1,101,5.1M,"1,000+",Free,0,Everyone,Education,"March 10, 2017",1.3,4.0 and up,Canada
Majestic Cinema CI,BUSINESS,,45,15M,"5,000+",Free,0,Everyone,Business,"November 23, 2017",1.2.0,4.0 and up,United States
Majestic Cinema CI,BUSINESS,,45,15M,"5,000+",Free,0,Everyone,Business,"November 23, 2017",1.2.0,4.0 and up,CANADA
Bonjour 2017 Abidjan CI ❤❤❤❤❤,FAMILY,,235,3.3M,"10,000+",Free,0,Everyone,Entertainment,"February 16, 2017",1.0.2.0,2.0 and up,Canada
CI SA,BUSINESS,,0,10.0M,10+,Free,0,Everyone,Business,"June 11, 2018",1.0.2,4.1 and up,United States
CI SA,BUSINESS,,0,10.0M,10+,Free,0,Everyone,Business,"June 11, 2018",1.0.2,4.1 and up,CANADA
CircleCI Viewer,PRODUCTIVITY,4.6,16,3.2M,"1,000+",Free,0,Everyone,Productivity,"August 23, 2017",1.3.2,4.4 and up,United States
SimCity BuildIt,FAMILY,4.5,4218587,100M,"50,000,000+",Free,0,Everyone 10+,Simulation,"June 19, 2018",1.23.3.75024,4.0 and up,Canada
Test de Inteligencia CI,FAMILY,2.9,21,2.1M,"5,000+",Free,0,Everyone,Education,"May 11, 2015",1.05,2.3 and up,Canada
Calculate My IQ,FAMILY,,44,7.2M,"10,000+",Free,0,Everyone,Entertainment,"April 3, 2017",,2.3 and up,Canada
South Park: Phone Destroyer™,FAMILY,4.4,288835,91M,"5,000,000+",Free,0,Mature 17+,Strategy,"July 19, 2018",2.7.6,4.4 and up,Canada
CI CAFETERIAS UBER,PRODUCTIVITY,,0,2.8M,100+,Free,0,Everyone,Productivity,"June 11, 2018",18.6.5,4.4 and up,United States
CJ SO COOL,FAMILY,4.5,145,14M,"10,000+",Free,0,Everyone,Entertainment,"July 11, 2018",1.0,4.2 and up,Canada
CJ Fallon eBook Reader,FAMILY,1.9,76,14M,"5,000+",Free,0,Everyone,Education,"February 13, 2014",2.2.1,3.0 and up,Canada
CJ's Tire & Automotive,AUTO_AND_VEHICLES,4.0,5,34M,"1,000+",Free,0,Everyone,Auto & Vehicles,"July 30, 2018",2.8,2.3.3 and up,United States
CJ'S TIRE AND AUTO INC.,PRODUCTIVITY,5.0,5,11M,100+,Free,0,Everyone,Productivity,"May 30, 2018",1.0.1,4.1 and up,United States
CJ Browser - Fast & Private,COMMUNICATION,4.2,5,15M,100+,Free,0,Everyone,Communication,"November 7, 2017",1.0,4.0 and up,UNITED KINGDOM
CJ DVD Rentals,COMMUNICATION,1.0,5,13M,100+,Free,0,Everyone,Communication,"October 6, 2017",1.0,4.1 and up,UNITED KINGDOM
Commission Manager,PRODUCTIVITY,3.2,12,2.2M,"1,000+",Free,0,Everyone,Productivity,"March 26, 2015",1.0.0.0,2.3.3 and up,United States
CJ Apps,BUSINESS,,0,24M,10+,Free,0,Everyone,Business,"April 10, 2018",2.1,4.1 and up,United States
CJ Apps,BUSINESS,,0,24M,10+,Free,0,Everyone,Business,"April 10, 2018",2.1,4.1 and up,CANADA
Codes for GTA San Andreas,FAMILY,3.8,12414,13M,"1,000,000+",Free,0,Everyone,Entertainment,"August 4, 2017",1.0.0,4.1 and up,Canada
CJ Wilson's ZoomZoomnation,PRODUCTIVITY,4.0,4,8.2M,500+,Free,0,Everyone,Productivity,"July 11, 2018",3.5.3,4.0.3 and up,United States
C J Academy,FAMILY,,0,5.2M,10+,Free,0,Everyone,Education,"April 2, 2018",1.0,4.4 and up,Canada
Sir C J New Primary School,FAMILY,5.0,3,9.2M,100+,Free,0,Everyone,Education,"July 25, 2018",1.0.10,4.0 and up,Canada
CJ the REALTOR,BUSINESS,5.0,1,4.2M,10+,Free,0,Everyone,Business,"May 31, 2017",1.0.8,4.0.3 and up,United States
CJ the REALTOR,BUSINESS,5.0,1,4.2M,10+,Free,0,Everyone,Business,"May 31, 2017",1.0.8,4.0.3 and up,CANADA
CJ IT ApS,BUSINESS,,0,18M,10+,Free,0,Everyone,Business,"July 2, 2015",1.31.62.109,4.0 and up,United States
CJ IT ApS,BUSINESS,,0,18M,10+,Free,0,Everyone,Business,"July 2, 2015",1.31.62.109,4.0 and up,CANADA
CJ Auto école,FAMILY,,0,12M,50+,Free,0,Everyone,Education,"June 24, 2014",1.0,2.2 and up,Canada
FANDOM for: GTA,FAMILY,3.9,39038,9.5M,"5,000,000+",Free,0,Mature 17+,Entertainment,"June 6, 2018",2.9.8,4.4 and up,Canada
San Andreas Crime City Gangster 3D,FAMILY,4.2,9403,Varies with device,"1,000,000+",Free,0,Teen,Simulation,"July 3, 2018",Varies with device,4.1 and up,Canada
Company Kitchen,LIFESTYLE,2.8,81,7.7M,"10,000+",Free,0,Everyone,Lifestyle,"March 6, 2018",2.0.0 (18.03.01),2.3.3 and up,United States
CK FFXIV Companion,FAMILY,4.3,1364,5.2M,"100,000+",Free,0,Everyone,Entertainment,"July 12, 2018",4.3.5,2.3 and up,Canada
Can Knockdown,FAMILY,4.1,155649,38M,"10,000,000+",Free,0,Everyone,Casual,"July 11, 2018",1.38,4.1 and up,Canada
Calvin Klein Petite Dresses,BEAUTY,,0,3.7M,500+,Free,0,Everyone,Beauty,"March 23, 2018",1,4.1 and up,INDIA
Louis CK,FAMILY,4.7,244,25M,"10,000+",Free,0,Mature 17+,Entertainment,"October 11, 2017",1.2.0,4.1 and up,Canada
CK-12: Practice Math & Science,FAMILY,4.2,562,20M,"50,000+",Free,0,Everyone,Education;Education,"December 21, 2017",3.8.0.251918,4.1 and up,Canada
CK 初一 十五,LIFESTYLE,4.0,294,153k,"10,000+",Free,0,Everyone,Lifestyle,"July 3, 2013",1.0.12,2.1 and up,United States
Brainf*ck Interpreter,FAMILY,4.0,24,1.9M,"1,000+",Free,0,Mature 17+,Entertainment,"September 3, 2016",1.0.6,2.3 and up,Canada
CK-12 Physics Simulations,FAMILY,4.1,30,24M,"5,000+",Free,0,Everyone,Education;Education,"April 18, 2018",1.0.7,4.1 and up,Canada
USMLE Step 2 CK Flashcards,FAMILY,5.0,1,40M,10+,Paid,$19.99,Everyone,Education,"May 26, 2014",2.47,2.2 and up,Canada
CK Employee Portal,BUSINESS,5.0,7,15M,"1,000+",Free,0,Everyone,Business,"January 5, 2017",1.0.1,4.1 and up,United States
CK Employee Portal,BUSINESS,5.0,7,15M,"1,000+",Free,0,Everyone,Business,"January 5, 2017",1.0.1,4.1 and up,CANADA
FML F*ck my life + widget,FAMILY,4.2,1415,209k,"100,000+",Free,0,Everyone,Entertainment,"May 21, 2010",3.1,1.5 and up,Canada
USMLE Step 2 CK Cards Lite,FAMILY,4.0,28,1.5M,"5,000+",Free,0,Everyone,Education,"May 20, 2014",2.46,2.2 and up,Canada
Company Kitchen Inventory,BUSINESS,,3,2.3M,"1,000+",Free,0,Everyone,Business,"July 16, 2015",2.38,4.0 and up,United States
Company Kitchen Inventory,BUSINESS,,3,2.3M,"1,000+",Free,0,Everyone,Business,"July 16, 2015",2.38,4.0 and up,CANADA
Tic Tac CK,FAMILY,5.0,3,13M,10+,Free,0,Everyone,Puzzle,"July 3, 2018",1.0,4.0.3 and up,Canada
INFAMY RO,FAMILY,4.1,2167,3.7M,"50,000+",Free,0,Everyone,Role Playing,"December 14, 2017",202,4.3 and up,Canada
CK Call NEW,COMMUNICATION,,0,4.2M,10+,Free,0,Everyone,Communication,"April 26, 2017",3.8.8,2.2 and up,UNITED KINGDOM
Ck Coif,LIFESTYLE,,0,22M,10+,Free,0,Everyone,Lifestyle,"April 30, 2016",1.0,2.3 and up,United States
FlexBook,FAMILY,4.3,104,12M,"10,000+",Free,0,Everyone,Education;Education,"May 21, 2018",1.0.6,4.1 and up,Canada
USMLE CK Clinical Knowledge Flashcards 2018 Ed,FAMILY,,0,3.6M,5+,Free,0,Everyone,Education,"June 21, 2018",1.0,4.0.3 and up,Canada
cloudLibrary,BOOKS_AND_REFERENCE,4.0,10774,35M,"100,000+",Free,0,Everyone,Books & Reference,"June 28, 2018",3.8.10,4.1 and up,UNITED KINGDOM
Castle Clash: Heroes of the Empire US,FAMILY,4.6,4578890,24M,"50,000,000+",Free,0,Everyone 10+,Strategy,"July 17, 2018",1.4.51,4.1 and up,Canada
FREE CHATS C.L.,COMMUNICATION,,4,3.4M,10+,Paid,$0.99,Mature 17+,Communication,"February 12, 2018",11,4.0.3 and up,UNITED KINGDOM
DAILY: Free Classifieds App for Android,LIFESTYLE,4.1,5025,Varies with device,"500,000+",Free,0,Mature 17+,Lifestyle,"August 2, 2018",Varies with device,Varies with device,United States
App for Craigslist Pro - Buy & Sell Postings,LIFESTYLE,4.3,707,5.0M,"100,000+",Free,0,Everyone,Lifestyle,"May 9, 2018",App copyright,4.1 and up,United States
Car Search For Craigslist CL Free,AUTO_AND_VEHICLES,2.6,5,9.0M,"1,000+",Free,0,Everyone,Auto & Vehicles,"May 8, 2018",1.0.0,2.3.3 and up,United States
CL Clock,BUSINESS,2.7,7,1.3M,"1,000+",Free,0,Everyone,Business,"July 22, 2016",1.0,5.0 and up,United States
CL Clock,BUSINESS,2.7,7,1.3M,"1,000+",Free,0,Everyone,Business,"July 22, 2016",1.0,5.0 and up,CANADA
Old: CL-150,FAMILY,3.8,120,24M,"10,000+",Free,0,Everyone,Education,"May 21, 2018",1.1.7,4.0.3 and up,Canada
Clash of Kings : The King Of Fighters version,FAMILY,4.2,2233681,97M,"50,000,000+",Free,0,Teen,Strategy,"August 1, 2018",3.44.0,2.3.3 and up,Canada
New: CL-150,FAMILY,2.8,4,4.2M,500+,Free,0,Everyone,Education,"July 25, 2018",1.2.0,5.0 and up,Canada
Battle of Zombies: Clans War,FAMILY,4.1,488039,58M,"10,000,000+",Free,0,Teen,Strategy,"November 15, 2017",1.0.175,2.3.3 and up,Canada
CL Pebble Apps,LIFESTYLE,3.6,67,499k,"5,000+",Free,0,Everyone,Lifestyle,"December 23, 2015",3.5,4.0 and up,United States
E2CR CL,LIFESTYLE,,0,25M,10+,Free,0,Everyone,Lifestyle,"June 30, 2017",1.0,4.1 and up,United States
Color CL,LIFESTYLE,5.0,2,1.3M,100+,Free,0,Everyone,Lifestyle,"February 2, 2017",1.01,4.0.3 and up,United States
CM Transfer - Share any files with friends nearby,COMMUNICATION,4.6,71740,5.8M,"5,000,000+",Free,0,Everyone,Communication,"June 27, 2018",2.0.7.0014,4.0 and up,UNITED KINGDOM
Inch/cm/Foot Conversion,PRODUCTIVITY,4.0,319,2.1M,"100,000+",Free,0,Everyone,Productivity,"August 20, 2017",2.0.1,2.3.3 and up,United States
"cm, mm to inch, feet converter tool",PRODUCTIVITY,4.3,176,2.3M,"100,000+",Free,0,Everyone,Productivity,"September 27, 2016",1.1,2.3.3 and up,United States
CM FILE MANAGER Pro,BUSINESS,4.2,2359,2.7M,"10,000+",Paid,$2.99,Everyone,Business,"February 16, 2016",1.16.9,1.6 and up,United States
CM FILE MANAGER Pro,BUSINESS,4.2,2359,2.7M,"10,000+",Paid,$2.99,Everyone,Business,"February 16, 2016",1.16.9,1.6 and up,CANADA
Cartoon Network App,FAMILY,4.0,119173,Varies with device,"10,000,000+",Free,0,Everyone 10+,Video Players & Editors;Music & Video,"June 21, 2018",Varies with device,Varies with device,Canada
CN Summer Challenge,FAMILY,3.7,985,49M,"100,000+",Free,0,Everyone,Entertainment;Brain Games,"May 24, 2018",1.1,4.4 and up,Canada
Teen Titans GO Figure!,FAMILY,4.5,1985,28M,"10,000+",Paid,$3.99,Everyone 10+,Action;Action & Adventure,"July 18, 2018",1.0.2,5.1 and up,Canada
CN Superstar Soccer: Goal!!!,FAMILY,4.1,3863,41M,"100,000+",Paid,$2.99,Everyone,Sports;Action & Adventure,"May 24, 2018",1.1.1,4.1 and up,Canada
Teeny Titans - Teen Titans Go!,FAMILY,4.6,20463,25M,"100,000+",Paid,$3.99,Everyone 10+,Strategy;Action & Adventure,"July 18, 2018",1.2.1,4.1 and up,Canada
CN Sayin' - Cartoon Network,FAMILY,4.5,85,25M,"10,000+",Free,0,Everyone,Entertainment,"March 27, 2018",1.22,4.4 and up,Canada
Cartoon Network Match Land,FAMILY,4.7,21979,38M,"1,000,000+",Free,0,Everyone,Puzzle,"July 9, 2018",1.1.3,5.1 and up,Canada
Card Wars Kingdom,FAMILY,4.3,920571,28M,"10,000,000+",Free,0,Everyone 10+,Card;Action & Adventure,"January 17, 2017",1.0.10,4.0.3 and up,Canada
Wrecker's Revenge - Gumball,FAMILY,4.3,2263,55M,"100,000+",Free,0,Everyone,Puzzle;Action & Adventure,"September 21, 2017",14.15,4.3 and up,Canada
Super Slime Blitz - Gumball,FAMILY,4.6,5395,58M,"500,000+",Free,0,Everyone,Arcade;Action & Adventure,"May 24, 2018",1.2.0,4.0.3 and up,Canada
Blamburger - Clarence,FAMILY,4.1,30444,27M,"1,000,000+",Free,0,Everyone 10+,Arcade;Action & Adventure,"October 26, 2015",1.0.5,4.3 and up,Canada
Free Fur All – We Bare Bears,FAMILY,4.2,256916,25M,"10,000,000+",Free,0,Everyone,Arcade;Action & Adventure,"October 8, 2015",1.0.4,4.0 and up,Canada
Soundtrack Attack,FAMILY,4.3,96045,25M,"5,000,000+",Free,0,Everyone,Action;Action & Adventure,"July 26, 2016",1.0.4,4.1 and up,Canada
[adult swim],FAMILY,3.6,21433,21M,"1,000,000+",Free,0,Mature 17+,Entertainment,"May 29, 2018",3.0.1805181047,5.0 and up,Canada
Ben 10: Alien Experience,FAMILY,4.2,82005,45M,"10,000,000+",Free,0,Everyone 10+,Action;Action & Adventure,"October 24, 2017",1.2.1,4.4 and up,Canada
MagiMobile – Mighty Magiswords,FAMILY,4.2,120035,45M,"5,000,000+",Free,0,Everyone,Entertainment;Action & Adventure,"January 4, 2018",1.0.11,4.1 and up,Canada
Surely You Quest - Magiswords,FAMILY,4.6,43314,83M,"1,000,000+",Free,0,Everyone 10+,Role Playing;Action & Adventure,"June 20, 2017",1.0.2,4.1 and up,Canada
Burrito Bash – We Bare Bears,FAMILY,4.3,10776,21M,"1,000,000+",Free,0,Everyone,Arcade;Action & Adventure,"October 26, 2017",3.4,4.1 and up,Canada
LEGO® TV,FAMILY,3.7,17250,7.2M,"1,000,000+",Free,0,Everyone 10+,Entertainment;Music & Video,"August 4, 2018",4.0.2,5.0 and up,Canada
Boomerang,FAMILY,4.2,13519,51M,"1,000,000+",Free,0,Everyone,Entertainment;Music & Video,"July 27, 2018",2.18,5.0 and up,Canada
We Bare Bears Match3 Repairs,FAMILY,4.7,39153,98M,"1,000,000+",Free,0,Everyone,Puzzle,"July 25, 2018",1.1.7,4.1 and up,Canada
Champions and Challengers - Adventure Time,FAMILY,4.6,51973,27M,"1,000,000+",Free,0,Everyone,Role Playing,"August 2, 2018",1.2.5,4.4 and up,Canada
Ski Safari: Adventure Time,FAMILY,4.5,48754,9.3M,"100,000+",Paid,$0.99,Everyone,Arcade;Action & Adventure,"October 7, 2014",1.5.2,2.3 and up,Canada
Block Survival Craft:The Story,FAMILY,4.1,7046,87M,"500,000+",Free,0,Everyone 10+,Puzzle,"October 12, 2017",0.2.7,4.0.3 and up,Canada
"What's Up, Snoopy? - Peanuts",FAMILY,4.5,773,55M,"100,000+",Free,0,Everyone,Arcade;Action & Adventure,"August 22, 2017",1.0.1,5.1 and up,Canada
DisneyNOW – TV Shows & Games,FAMILY,4.3,82499,Varies with device,"5,000,000+",Free,0,Everyone,Entertainment;Music & Video,"July 5, 2018",Varies with device,4.4 and up,Canada
Rockstars of Ooo,FAMILY,3.4,642,26M,"10,000+",Paid,$1.99,Everyone 10+,Arcade;Action & Adventure,"August 11, 2015",1.0.2,2.3.3 and up,Canada
Pokémon TV,FAMILY,4.2,117461,Varies with device,"5,000,000+",Free,0,Everyone,Entertainment;Music & Video,"June 29, 2018",Varies with device,Varies with device,Canada
Flipped Out! - Powerpuff Girls,FAMILY,4.4,412,22M,"10,000+",Paid,$2.99,Everyone 10+,Action;Action & Adventure,"June 30, 2016",1.0.2,4.0 and up,Canada
Formula Cartoon All Stars,FAMILY,3.9,1213,18M,"10,000+",Paid,$2.99,Everyone,Racing;Action & Adventure,"June 25, 2015",4.1.2,2.3.3 and up,Canada
CN TV Canal 3 - Cable Netword,FAMILY,,5,16M,"1,000+",Free,0,Everyone,Entertainment,"February 10, 2018",2.0,4.0.3 and up,Canada
CN Resident,FAMILY,5.0,1,64M,100+,Free,0,Everyone,Entertainment,"May 22, 2017",40.10,4.1 and up,Canada
Little Lovely Dentist,FAMILY,4.2,17786,16M,"1,000,000+",Free,0,Everyone,Casual,"May 14, 2018",1.1.8,4.0 and up,Canada
Tetrobot and Co.,FAMILY,4.5,709,18M,"5,000+",Paid,$2.99,Everyone,Puzzle,"April 20, 2015",1.1.2,2.3 and up,Canada
Brit + Co,LIFESTYLE,3.9,987,4.5M,"10,000+",Free,0,Everyone,Lifestyle,"August 29, 2017",2.0.4,4.0 and up,United States
Wuwu & Co.,FAMILY,,9,77M,100+,Paid,$2.99,Everyone,Books & Reference;Creativity,"March 22, 2017",2.49,4.1 and up,Canada
Dots & Co: A Puzzle Adventure,FAMILY,4.5,81001,85M,"1,000,000+",Free,0,Everyone,Puzzle,"April 27, 2018",2.15.2,4.1 and up,Canada
Co-op CRS,LIFESTYLE,3.6,581,26M,"100,000+",Free,0,Everyone,Lifestyle,"March 4, 2018",2.4.3,4.4 and up,United States
VCalendar - VenkatRama and Co,LIFESTYLE,4.3,87,3.9M,"10,000+",Free,0,Everyone,Lifestyle,"March 16, 2018",1.2,4.1 and up,United States
mail.co.uk Mail,COMMUNICATION,4.2,21,8.7M,"5,000+",Free,0,Everyone,Communication,"July 24, 2018",1.1.0,4.0.3 and up,UNITED KINGDOM
Aquarium Co-Op Podcast,LIFESTYLE,4.9,206,3.9M,"1,000+",Free,0,Everyone,Lifestyle,"June 20, 2017",2.3.13,4.2 and up,United States
MobileBiz Co - Cloud Invoice,BUSINESS,4.4,373,4.0M,"10,000+",Free,0,Everyone,Business,"February 16, 2018",1.3.4,2.0 and up,United States
MobileBiz Co - Cloud Invoice,BUSINESS,4.4,373,4.0M,"10,000+",Free,0,Everyone,Business,"February 16, 2018",1.3.4,2.0 and up,CANADA
Supermarket Cashier Kids Games,FAMILY,3.6,32416,Varies with device,"1,000,000+",Free,0,Everyone,Educational,"July 10, 2017",Varies with device,Varies with device,Canada
Websites.co.in Instant Website,BUSINESS,4.3,327,13M,"10,000+",Free,0,Everyone,Business,"June 25, 2018",1.48,4.1 and up,United States
Websites.co.in Instant Website,BUSINESS,4.3,327,13M,"10,000+",Free,0,Everyone,Business,"June 25, 2018",1.48,4.1 and up,CANADA
Krypton by krypt.co,PRODUCTIVITY,4.6,38,13M,"1,000+",Free,0,Everyone,Productivity,"July 17, 2018",2.4.0,6.0 and up,United States
Fayr - Co-Parenting Simplified,PRODUCTIVITY,3.5,16,21M,"1,000+",Free,0,Everyone,Productivity,"July 20, 2018",1.5.1,5.0 and up,United States
Co-Dependents Anonymous,LIFESTYLE,,0,12M,500+,Free,0,Everyone,Lifestyle,"February 28, 2018",1.0.1,4.1 and up,United States
Good&Co: Career match tests,BUSINESS,4.4,26572,41M,"1,000,000+",Free,0,Everyone,Business,"July 24, 2018",2.9.1,4.1 and up,United States
Good&Co: Career match tests,BUSINESS,4.4,26572,41M,"1,000,000+",Free,0,Everyone,Business,"July 24, 2018",2.9.1,4.1 and up,CANADA
Holl & Co Barbers,LIFESTYLE,4.7,12,6.0M,500+,Free,0,Everyone,Lifestyle,"February 26, 2018",4.9.940,4.0 and up,United States
Dungeon Legends - PvP Action MMO RPG Co-op Games,FAMILY,4.4,102215,42M,"1,000,000+",Free,0,Teen,Role Playing,"June 25, 2018",3.10,4.0.3 and up,Canada
CO CASE Events,FAMILY,,0,54M,100+,Free,0,Everyone,Education,"January 30, 2018",1.3,4.1 and up,Canada
Permit Test CO Colorado DMV,FAMILY,4.5,41,11M,"1,000+",Free,0,Everyone,Education,"June 15, 2017",2.6.5,4.1 and up,Canada
CP Channel,FAMILY,4.6,7,12M,500+,Free,0,Everyone 10+,Education,"March 21, 2018",1.1.0,4.1 and up,Canada
CP Clicker,LIFESTYLE,4.2,251,5.0M,"10,000+",Free,0,Everyone,Lifestyle,"March 22, 2018",3.3.003,4.1 and up,United States
Evolution CP & IV Calculator for pokemon,FAMILY,4.3,9465,43M,"500,000+",Free,0,Everyone,Entertainment,"July 8, 2018",0.4.6,4.4 and up,Canada
CP Creepypasta,FAMILY,3.8,128,2.9M,"10,000+",Free,0,Teen,Entertainment,"July 11, 2016",1.0.2,4.0.3 and up,Canada
CP RACING 2 FREE,FAMILY,4.0,4607,19M,"100,000+",Free,0,Everyone,Simulation,"March 12, 2018",3,4.0 and up,Canada
CP-Care Mobile,FAMILY,,1,16M,10+,Free,0,Everyone,Education,"June 20, 2018",1,4.0 and up,Canada
CP ToolBox,BUSINESS,4.6,70,14M,"1,000+",Free,0,Everyone,Business,"February 11, 2015",1.9.3,2.3.3 and up,United States
CP ToolBox,BUSINESS,4.6,70,14M,"1,000+",Free,0,Everyone,Business,"February 11, 2015",1.9.3,2.3.3 and up,CANADA
CP HAPPS - Pittsburgh Events,LIFESTYLE,3.8,85,5.6M,"5,000+",Free,0,Teen,Lifestyle,"March 6, 2015",1.18.10,4.0.3 and up,United States
CP Plus Showcase,BUSINESS,4.3,236,7.0M,"50,000+",Free,0,Everyone,Business,"March 9, 2018",1.0.4,4.0 and up,United States
CP Plus Showcase,BUSINESS,4.3,236,7.0M,"50,000+",Free,0,Everyone,Business,"March 9, 2018",1.0.4,4.0 and up,CANADA
CP Calculator,FAMILY,4.1,187,2.9M,"10,000+",Free,0,Everyone,Entertainment,"September 13, 2016",3.21,4.1 and up,Canada
iTooch Mathématiques CP,FAMILY,4.3,1018,35M,"100,000+",Free,0,Everyone,Education;Education,"June 28, 2017",4.6.2,4.0.3 and up,Canada
CP Connect 2.0,PRODUCTIVITY,,0,5.8M,500+,Free,0,Everyone,Productivity,"August 17, 2017",3.9.4,4.0.3 and up,United States
Evolution CP,FAMILY,3.6,13,4.7M,500+,Free,0,Everyone,Entertainment,"September 4, 2016",1.0.2,4.0.3 and up,Canada
Foothills CP,FAMILY,5.0,4,7.8M,100+,Free,0,Teen,Education,"June 25, 2018",3.8.0,4.1 and up,Canada
CP Installer App,BUSINESS,5.0,4,24M,100+,Free,0,Everyone,Business,"July 24, 2018",5.1.1,4.1 and up,United States
CP Installer App,BUSINESS,5.0,4,24M,100+,Free,0,Everyone,Business,"July 24, 2018",5.1.1,4.1 and up,CANADA
CP Ready,BUSINESS,4.5,56,Varies with device,"1,000+",Free,0,Everyone,Business,"March 5, 2018",6.4.16,4.0 and up,United States
CP Ready,BUSINESS,4.5,56,Varies with device,"1,000+",Free,0,Everyone,Business,"March 5, 2018",6.4.16,4.0 and up,CANADA
CP Surprise,LIFESTYLE,3.8,2548,4.9M,"100,000+",Free,0,Everyone,Lifestyle,"January 30, 2018",4.4.2,4.1 and up,United States
CP Cloud,BUSINESS,,3,5.4M,100+,Free,0,Everyone,Business,"July 24, 2018",2.5,4.4 and up,United States
CP Cloud,BUSINESS,,3,5.4M,100+,Free,0,Everyone,Business,"July 24, 2018",2.5,4.4 and up,CANADA
GO CP Evolution Calculator,FAMILY,,5,2.4M,100+,Free,0,Everyone,Entertainment,"January 29, 2017",1.0,4.0.3 and up,Canada
ClanPlay: Community and Tools for Gamers,COMMUNICATION,4.8,34443,27M,"1,000,000+",Free,0,Teen,Communication,"June 28, 2018",1.14.3,5.0 and up,UNITED KINGDOM
CP Calculator - Poke Go Calc,FAMILY,4.1,7,22M,500+,Free,0,Everyone,Entertainment,"September 17, 2016",1.1,4.2 and up,Canada
Cp Calculator for Evolution:GO,FAMILY,4.8,124,2.5M,500+,Free,0,Everyone,Entertainment,"August 23, 2016",1.2,4.2 and up,Canada
CP Brown English-Telugu Dictionary,FAMILY,4.4,8,6.8M,500+,Free,0,Everyone,Education,"November 10, 2017",3.0,4.0 and up,Canada
CP Parquet,LIFESTYLE,,2,1.2M,100+,Free,0,Everyone,Lifestyle,"May 11, 2016",1.0.2,4.0 and up,United States
CP evolution calculator Pokemo,FAMILY,4.1,78,787k,"10,000+",Free,0,Everyone,Educational,"February 26, 2017",1.3,4.1 and up,Canada
Crusaders Quest,FAMILY,4.4,475020,69M,"5,000,000+",Free,0,Everyone 10+,Role Playing,"July 26, 2018",4.7.0.KG,4.1 and up,Canada
Curio Quest,FAMILY,4.3,59152,50M,"1,000,000+",Free,0,Everyone 10+,Role Playing,"March 29, 2018",1.14.00,4.0.3 and up,Canada
CQ-Mobile,COMMUNICATION,,10,8.1M,"1,000+",Free,0,Everyone,Communication,"November 28, 2016",5.5.0,4.0 and up,UNITED KINGDOM
Sabbath School 4,FAMILY,4.3,2871,18M,"100,000+",Free,0,Everyone,Education,"May 8, 2015",1.6,2.3.3 and up,Canada
Cardinal Quest 2,FAMILY,4.4,19207,36M,"100,000+",Free,0,Everyone,Role Playing,"September 19, 2016",1.19,2.3 and up,Canada
CQ-Alert,COMMUNICATION,,3,8.1M,500+,Free,0,Everyone,Communication,"November 28, 2016",5.5.0,4.0 and up,UNITED KINGDOM
SDA Collegiate Quarterly,BOOKS_AND_REFERENCE,4.5,8,5.1M,500+,Free,0,Everyone,Books & Reference,"July 13, 2018",1.2,4.4 and up,UNITED KINGDOM
HR Team CQ Region Ed Qld,BUSINESS,,0,4.1M,500+,Free,0,Everyone,Business,"January 12, 2018",3.8,4.0.3 and up,United States
HR Team CQ Region Ed Qld,BUSINESS,,0,4.1M,500+,Free,0,Everyone,Business,"January 12, 2018",3.8,4.0.3 and up,CANADA
CQ ESPM,BUSINESS,5.0,2,3.4M,5+,Free,0,Everyone,Business,"June 3, 2017",1.0.1,4.1 and up,United States
CQ ESPM,BUSINESS,5.0,2,3.4M,5+,Free,0,Everyone,Business,"June 3, 2017",1.0.1,4.1 and up,CANADA
QRZ Assistant,COMMUNICATION,4.2,1044,3.5M,"100,000+",Free,0,Everyone,Communication,"May 30, 2018",2.0,4.4 and up,UNITED KINGDOM
CQ Ukraine,PRODUCTIVITY,,0,9.1M,10+,Free,0,Everyone,Productivity,"June 25, 2018",1.17.0,4.1 and up,United States
Pocket Prefix Plus,COMMUNICATION,4.5,192,15M,"10,000+",Free,0,Everyone,Communication,"February 12, 2018",v2.6.0,3.0 and up,UNITED KINGDOM
CQ Electrical Group,PRODUCTIVITY,,0,14M,1+,Free,0,Everyone,Productivity,"July 19, 2018",1.0.0,4.1 and up,United States
10 WPM Amateur ham radio CW Morse code trainer,COMMUNICATION,3.5,10,3.8M,100+,Paid,$1.49,Everyone,Communication,"May 12, 2018",2.1.4,2.1 and up,UNITED KINGDOM
Sabbath School,BOOKS_AND_REFERENCE,4.7,28237,10M,"100,000+",Free,0,Everyone,Books & Reference,"April 22, 2018",3.2.994,4.0.3 and up,UNITED KINGDOM
Gun Simulator - Gun Games,FAMILY,4.4,134,Varies with device,"10,000+",Free,0,Teen,Simulation,"February 24, 2018",Varies with device,4.0.3 and up,Canada
ClanManagerTT2,FAMILY,4.7,55,3.3M,"1,000+",Free,0,Everyone,Casual,"July 24, 2018",2.2.9,4.4 and up,Canada
Christian Questions Podcast,FAMILY,4.6,222,15M,"10,000+",Free,0,Everyone,Education,"March 28, 2018",2.8,4.0.3 and up,Canada
QST,FAMILY,2.5,706,Varies with device,"10,000+",Free,0,Everyone,Education,"March 14, 2018",Varies with device,Varies with device,Canada
Cypress College Library,BOOKS_AND_REFERENCE,,0,2.1M,100+,Free,0,Everyone,Books & Reference,"December 7, 2015",4.7.2,1.6 and up,UNITED KINGDOM
Create My App,BUSINESS,,0,11M,10+,Free,0,Everyone,Business,"April 24, 2018",1.0.5,4.1 and up,United States
Create My App,BUSINESS,,0,11M,10+,Free,0,Everyone,Business,"April 24, 2018",1.0.5,4.1 and up,CANADA
theCut,LIFESTYLE,4.7,499,6.9M,"50,000+",Free,0,Everyone,Lifestyle,"May 10, 2018",1.2.7,4.1 and up,United States
الفاتحون Conquerors,FAMILY,4.5,108130,40M,"5,000,000+",Free,0,Teen,Strategy,"August 3, 2018",1.8.0,4.0 and up,Canada
Next Island: Dino Village,FAMILY,3.9,29,37M,"1,000+",Free,0,Everyone 10+,Casual,"May 4, 2018",1.0,5.0 and up,Canada
iReadMe,PRODUCTIVITY,5.0,8,22M,100+,Free,0,Everyone,Productivity,"March 6, 2018",1.5,4.4 and up,United States
Global Shop,BUSINESS,,0,3.3M,50+,Free,0,Everyone,Business,"February 23, 2018",1.1.0,4.0 and up,United States
Global Shop,BUSINESS,,0,3.3M,50+,Free,0,Everyone,Business,"February 23, 2018",1.1.0,4.0 and up,CANADA
QC,FAMILY,,4,34M,100+,Free,0,Everyone,Puzzle,"October 5, 2016",1.0,4.0.3 and up,Canada
Color Quartets,FAMILY,4.0,42,12M,"1,000+",Free,0,Everyone,Casual,"November 15, 2016",1.46,4.0 and up,Canada
Ham Radio Prefixes,COMMUNICATION,3.7,218,3.7M,"10,000+",Free,0,Everyone,Communication,"July 12, 2014",1.12,2.3 and up,UNITED KINGDOM
CR & CoC Private Server - Clash Barbarians PRO,FAMILY,4.6,167974,5.0M,"500,000+",Free,0,Everyone,Entertainment,"July 27, 2018",Gratis,4.0.3 and up,Canada
Chest Simulator for Clash Royale,FAMILY,4.4,4756,33M,"100,000+",Free,0,Everyone,Simulation,"July 19, 2018",1.1.9,4.1 and up,Canada
Clash Soundboard For CR & COC,FAMILY,4.3,13,26M,500+,Free,0,Everyone,Entertainment,"January 3, 2018",1.1,4.0.3 and up,Canada
Quiz for Clash Royale™,FAMILY,4.0,3788,32M,"100,000+",Free,0,Everyone,Entertainment,"July 18, 2018",3.0.1,4.1 and up,Canada
Chest Calculator for CR,FAMILY,3.9,14754,21M,"1,000,000+",Free,0,Everyone 10+,Entertainment,"July 22, 2018",1.8.1,4.1 and up,Canada
Ultimate Calculator for CR,PRODUCTIVITY,3.7,7389,41M,"500,000+",Free,0,Everyone,Productivity,"March 15, 2017",1.0.4,4.0 and up,United States
Stats CR Clan for Clash Royale,FAMILY,3.8,16,9.9M,100+,Free,0,Everyone,Entertainment,"July 25, 2018",1.2.9,4.1 and up,Canada
Ultimate Clash Royale Tracker,FAMILY,4.7,92010,5.9M,"1,000,000+",Free,0,Everyone,Strategy,"July 4, 2018",1.4.8,4.2 and up,Canada
Chest Opener for CR - The Circle Game,FAMILY,,68,2.7M,"5,000+",Free,0,Everyone,Entertainment,"January 7, 2018",1.0.3,5.0 and up,Canada
Stats Royale for Clash Royale,BOOKS_AND_REFERENCE,4.5,68226,16M,"1,000,000+",Free,0,Everyone,Books & Reference,"August 6, 2018",1.9.1,4.2 and up,UNITED KINGDOM
Servidor Privado de CR y CoC - Light Royale,FAMILY,4.6,3106,3.6M,"10,000+",Free,0,Everyone,Entertainment,"May 17, 2018",7,4.0.3 and up,Canada
Helper for Clash Royale (All-in-1),FAMILY,4.3,6078,37M,"500,000+",Free,0,Everyone,Entertainment,"November 10, 2017",2.0.0,4.1 and up,Canada
"CR Fans: Mazos, Clanes y Grupos",FAMILY,4.3,219,4.3M,"5,000+",Free,0,Everyone,Entertainment,"December 21, 2017",1.0.7,2.3 and up,Canada
CR Best Decks,FAMILY,3.5,34,30M,"1,000+",Free,0,Everyone,Strategy,"July 5, 2017",1.03,4.0.3 and up,Canada
CR Family,FAMILY,2.3,10,5.2M,"1,000+",Free,0,Everyone,Education,"February 8, 2017",1.0.0,4.1 and up,Canada
CR Monitor,AUTO_AND_VEHICLES,,1,2.8M,5+,Free,0,Everyone,Auto & Vehicles,"April 27, 2018",1.0,4.0 and up,United States
Deck Shop for Clash Royale,FAMILY,4.6,2167,13M,"100,000+",Free,0,Everyone,Entertainment,"August 6, 2018",1.1.5,4.4 and up,Canada
Royale Tournaments,FAMILY,4.4,2420,6.7M,"50,000+",Free,0,Teen,Entertainment,"July 28, 2018",5.3.6.0,4.1 and up,Canada
Deck Builder & Analyzer for CR,FAMILY,3.1,52,9.8M,"5,000+",Free,0,Everyone,Entertainment,"May 4, 2017",1.0,4.0.3 and up,Canada
Cr Aviation Academy,FAMILY,5.0,7,22M,100+,Free,0,Everyone,Education,"August 9, 2017",1.0,4.1 and up,Canada
CR-V Service Manual,AUTO_AND_VEHICLES,4.2,12,88M,500+,Free,0,Everyone,Auto & Vehicles,"February 19, 2018",1.2,4.1 and up,United States
CR Magazine,BUSINESS,1.0,1,7.8M,100+,Free,0,Everyone,Business,"July 23, 2014",2.4.2,2.3.3 and up,United States
CR Magazine,BUSINESS,1.0,1,7.8M,100+,Free,0,Everyone,Business,"July 23, 2014",2.4.2,2.3.3 and up,CANADA
Ultimate Chest Tracker,PRODUCTIVITY,4.5,40328,23M,"1,000,000+",Free,0,Everyone,Productivity,"October 17, 2016",1.9,2.3 and up,United States
CamScanner - Phone PDF Creator,PRODUCTIVITY,4.6,1502622,Varies with device,"100,000,000+",Free,0,Everyone,Productivity,"July 3, 2018",Varies with device,Varies with device,United States
CamScanner (License),PRODUCTIVITY,4.4,26358,50k,"500,000+",Paid,$1.99,Everyone,Productivity,"January 17, 2014",1.7,2.0 and up,United States
CS Customizer,COMMUNICATION,3.7,25,3.7M,"1,000+",Free,0,Everyone,Communication,"February 6, 2017",1.2.11,3.0 and up,UNITED KINGDOM
CS-Touch,FAMILY,3.9,337,22M,"10,000+",Free,0,Everyone,Education,"May 11, 2018",3.6,5.0 and up,Canada
NetClient CS,BUSINESS,3.5,125,4.3M,"10,000+",Free,0,Everyone,Business,"January 5, 2018",1.2.2,3.0 and up,United States
NetClient CS,BUSINESS,3.5,125,4.3M,"10,000+",Free,0,Everyone,Business,"January 5, 2018",1.2.2,3.0 and up,CANADA
CS Guns Shoot,FAMILY,3.7,433,Varies with device,"50,000+",Free,0,Teen,Entertainment,"August 1, 2013",1.5,2.2 and up,Canada
CS Interview Questions (TechQ),FAMILY,4.8,33,6.7M,"5,000+",Free,0,Everyone,Education,"January 27, 2017",1.5,4.1 and up,Canada
Guide for CS:GO,FAMILY,4.4,16459,88M,"500,000+",Free,0,Everyone,Entertainment,"July 15, 2017",3.2.0,2.3 and up,Canada
CS Interview FAQs,FAMILY,4.3,99,1.1M,"10,000+",Free,0,Everyone,Education,"February 11, 2013",1.13,2.2 and up,Canada
CS,BUSINESS,,5,8.3M,100+,Free,0,Everyone,Business,"August 13, 2015",Release 1.0,4.1 and up,United States
CS,BUSINESS,,5,8.3M,100+,Free,0,Everyone,Business,"August 13, 2015",Release 1.0,4.1 and up,CANADA
Mobile CS,BUSINESS,4.0,13,5.7M,"1,000+",Free,0,Everyone,Business,"October 6, 2017",1.2.0,4.4 and up,United States
Mobile CS,BUSINESS,4.0,13,5.7M,"1,000+",Free,0,Everyone,Business,"October 6, 2017",1.2.0,4.4 and up,CANADA
C.S. Lewis Daily Quotes,LIFESTYLE,4.1,75,11M,"10,000+",Free,0,Everyone,Lifestyle,"January 14, 2018",1.0.1,4.1 and up,United States
CS go bomb simulator,FAMILY,,7,28M,10+,Paid,$0.99,Everyone,Casual,"May 21, 2018",1.01,4.1 and up,Canada
CS Browser | #1 & BEST BROWSER,COMMUNICATION,3.8,52,2.1M,"1,000+",Free,0,Everyone,Communication,"August 28, 2015",2.0,3.0 and up,UNITED KINGDOM
DU CS Lectures - Learn to Code for Free,FAMILY,4.8,16,7.8M,100+,Free,0,Everyone,Education,"July 29, 2018",4.0,4.1 and up,Canada
CS Browser Beta,COMMUNICATION,4.3,125,53M,"5,000+",Free,0,Everyone,Communication,"October 16, 2017",60.0.3112.3046279,4.1 and up,UNITED KINGDOM
My Nexus for CS:S & CS:GO,FAMILY,3.6,783,25M,"50,000+",Free,0,Teen,Entertainment,"June 25, 2016",1.3.4,4.0 and up,Canada
CS & IT Interview Questions,FAMILY,5.0,43,3.3M,"1,000+",Free,0,Everyone,Education,"March 27, 2018",1.1,4.2 and up,Canada
GATE 21 years CS Papers(2011-2018 Solved),BOOKS_AND_REFERENCE,,1,34M,50+,Free,0,Everyone,Books & Reference,"July 24, 2018",3.0,4.1 and up,UNITED KINGDOM
GATE CS Engineering 2019 Exam Prep App,FAMILY,4.2,162,6.2M,"10,000+",Free,0,Everyone,Education,"February 15, 2018",Y4W-GATE_CS-5.0.0,4.1 and up,Canada
Case Simulator Hero for CS:GO,FAMILY,4.3,14604,68M,"500,000+",Free,0,Teen,Simulation,"July 4, 2018",3.1.2,4.2 and up,Canada
CA CS Network,FAMILY,4.7,160,19M,"5,000+",Free,0,Everyone,Education,"July 25, 2018",1.0,4.4 and up,Canada
Smokes for CS:GO,FAMILY,3.9,3253,3.6M,"100,000+",Free,0,Everyone,Entertainment,"April 10, 2015",1.3,2.2 and up,Canada
Grenade Practice for CS:GO,FAMILY,4.4,431,17M,"10,000+",Free,0,Everyone,Entertainment,"June 13, 2016",1.1.1,4.0 and up,Canada
Bomb and Nade Timer for CS:GO,PRODUCTIVITY,2.6,85,6.0M,"5,000+",Free,0,Everyone,Productivity,"April 21, 2016",1.1.2,4.0 and up,United States
Smokes Guide for CS:GO,FAMILY,4.3,445,29M,"50,000+",Free,0,Everyone,Entertainment,"June 1, 2017",3.0,4.0 and up,Canada
Learn CT Scan Of Head,BOOKS_AND_REFERENCE,4.1,10,5.7M,"5,000+",Free,0,Everyone,Books & Reference,"July 22, 2018",1.5,4.1 and up,UNITED KINGDOM
CT Scan Generations,FAMILY,4.7,6,5.1M,"1,000+",Free,0,Everyone,Education,"April 1, 2018",1.0,4.0 and up,Canada
CT Abdomen,FAMILY,4.3,7,62M,"1,000+",Free,0,Everyone,Education,"February 21, 2017",1.0,4.4 and up,Canada
CT Brain Interpretation,FAMILY,5.0,3,29M,500+,Free,0,Everyone,Education,"July 4, 2018",5.0.16,4.0 and up,Canada
CT-Guide & Positioning,FAMILY,3.7,6,7.8M,"1,000+",Free,0,Everyone,Education,"June 6, 2018",1.5,4.0 and up,Canada
CT Head Basic Interpretation,FAMILY,,1,16M,100+,Free,0,Everyone,Education,"June 11, 2018",1.0.1,4.0 and up,Canada
CT Lottery,FAMILY,3.8,271,8.3M,"50,000+",Free,0,Teen,Entertainment,"June 12, 2017",1.2.0,4.0 and up,Canada
Permit Test Connecticut CT DMV,FAMILY,4.6,186,9.6M,"10,000+",Free,0,Everyone,Education,"October 12, 2017",2.9.0,4.1 and up,Canada
Solar CT PV System Power,PRODUCTIVITY,4.7,315,14M,"10,000+",Free,0,Everyone,Productivity,"January 22, 2018",SolarCT 1.9 v,4.0 and up,United States
CT CONNECT,PRODUCTIVITY,,2,28M,50+,Free,0,Everyone,Productivity,"August 8, 2017",8.2.1,4.1 and up,United States
CT-Stream Player,FAMILY,3.9,84,11M,"10,000+",Free,0,Everyone,Entertainment,"November 21, 2016",3.4,3.0 and up,Canada
Results for CT Lottery,FAMILY,4.5,86,8.6M,"5,000+",Free,0,Teen,Entertainment,"March 11, 2017",5.1,4.1 and up,Canada
My CU - Caucasus University,PRODUCTIVITY,4.6,48,7.3M,"1,000+",Free,0,Everyone,Productivity,"November 22, 2017",1.2.3,4.1 and up,United States
Amazing Fart Sounds,FAMILY,4.0,28136,Varies with device,"5,000,000+",Free,0,Everyone,Casual,"August 24, 2017",Varies with device,Varies with device,Canada
My Vodafone (GR),COMMUNICATION,3.8,12667,34M,"1,000,000+",Free,0,Everyone,Communication,"August 1, 2018",4.5.5.1-2090AL-REL,4.3 and up,UNITED KINGDOM
Planet of Cubes Survival Craft,FAMILY,3.9,475944,35M,"10,000,000+",Free,0,Everyone,Simulation,"June 26, 2018",4.5.4,4.1 and up,Canada
Curriculum vitae App CV Builder Free Resume Maker,BUSINESS,4.5,4571,3.9M,"500,000+",Free,0,Everyone,Business,"July 8, 2018",3.3,4.1 and up,United States
Curriculum vitae App CV Builder Free Resume Maker,BUSINESS,4.5,4571,3.9M,"500,000+",Free,0,Everyone,Business,"July 8, 2018",3.3,4.1 and up,CANADA
Free Resume App,BUSINESS,4.6,15830,Varies with device,"1,000,000+",Free,0,Everyone,Business,"July 19, 2018",Varies with device,Varies with device,United States
Free Resume App,BUSINESS,4.6,15830,Varies with device,"1,000,000+",Free,0,Everyone,Business,"July 19, 2018",Varies with device,Varies with device,CANADA
CV Engineer - Free Resume Maker & CV Templates,BUSINESS,4.6,213,3.8M,"10,000+",Free,0,Everyone,Business,"April 11, 2018",3.5.3,5.0 and up,United States
CV Engineer - Free Resume Maker & CV Templates,BUSINESS,4.6,213,3.8M,"10,000+",Free,0,Everyone,Business,"April 11, 2018",3.5.3,5.0 and up,CANADA
CV Examples 2018,FAMILY,4.5,625,26M,"100,000+",Free,0,Everyone,Education,"July 30, 2018",4.0,4.0.3 and up,Canada
Curriculum Vitae,BUSINESS,3.7,3757,5.0M,"1,000,000+",Free,0,Everyone,Business,"March 29, 2016",2.8,2.3.3 and up,United States
Curriculum Vitae,BUSINESS,3.7,3757,5.0M,"1,000,000+",Free,0,Everyone,Business,"March 29, 2016",2.8,2.3.3 and up,CANADA
Free resume builder CV maker templates PDF formats,BUSINESS,4.4,9555,4.7M,"1,000,000+",Free,0,Everyone,Business,"July 19, 2018",7.7,4.1 and up,United States
Free resume builder CV maker templates PDF formats,BUSINESS,4.4,9555,4.7M,"1,000,000+",Free,0,Everyone,Business,"July 19, 2018",7.7,4.1 and up,CANADA
Resume Builder - Free CV Maker & Premium Templates,BUSINESS,4.6,770,5.6M,"100,000+",Free,0,Everyone,Business,"August 3, 2018",1.9,4.4 and up,United States
Resume Builder - Free CV Maker & Premium Templates,BUSINESS,4.6,770,5.6M,"100,000+",Free,0,Everyone,Business,"August 3, 2018",1.9,4.4 and up,CANADA
Easy Cv maker 2018,BOOKS_AND_REFERENCE,3.9,88,5.3M,"10,000+",Free,0,Everyone,Books & Reference,"March 31, 2018",1.1,4.0 and up,UNITED KINGDOM
Resume PDF Maker / CV Builder,BUSINESS,4.4,2147,2.2M,"500,000+",Free,0,Everyone,Business,"December 14, 2017",1.8,4.4 and up,United States
Resume PDF Maker / CV Builder,BUSINESS,4.4,2147,2.2M,"500,000+",Free,0,Everyone,Business,"December 14, 2017",1.8,4.4 and up,CANADA
Resume & CV Creator by Desygner,PRODUCTIVITY,4.5,48,26M,"5,000+",Free,0,Everyone,Productivity,"July 23, 2018",2.11.1,5.0 and up,United States
CV S ( CV Editor - Resume ),BUSINESS,4.5,3972,5.6M,"100,000+",Free,0,Teen,Business,"June 25, 2018",5.1.14,4.0 and up,United States
CV S ( CV Editor - Resume ),BUSINESS,4.5,3972,5.6M,"100,000+",Free,0,Teen,Business,"June 25, 2018",5.1.14,4.0 and up,CANADA
CV Formats 2018,FAMILY,4.3,374,26M,"100,000+",Free,0,Everyone,Education,"October 9, 2017",1.0,4.0.3 and up,Canada
CV Maker Pro,BUSINESS,3.7,113,8.6M,"10,000+",Free,0,Everyone,Business,"June 9, 2018",3.4.3,4.1 and up,United States
CV Maker Pro,BUSINESS,3.7,113,8.6M,"10,000+",Free,0,Everyone,Business,"June 9, 2018",3.4.3,4.1 and up,CANADA
"Job CV Maker-Portfolio Maker , Resume Maker",FAMILY,3.9,139,4.8M,"50,000+",Free,0,Everyone,Education,"July 16, 2018",2.1,4.0.3 and up,Canada
Resume Builder and CV maker app,PRODUCTIVITY,4.3,2303,15M,"100,000+",Free,0,Everyone,Productivity,"August 2, 2018",8.9.2.pro,4.0.3 and up,United States
HOW TO WRITE A CV,BUSINESS,4.1,489,20M,"100,000+",Free,0,Everyone,Business,"June 27, 2018",14.0,4.0.3 and up,United States
HOW TO WRITE A CV,BUSINESS,4.1,489,20M,"100,000+",Free,0,Everyone,Business,"June 27, 2018",14.0,4.0.3 and up,CANADA
CV EXAMPLES,BUSINESS,4.1,423,20M,"100,000+",Free,0,Everyone,Business,"June 7, 2018",11.0,4.0.3 and up,United States
CV EXAMPLES,BUSINESS,4.1,423,20M,"100,000+",Free,0,Everyone,Business,"June 7, 2018",11.0,4.0.3 and up,CANADA
Cv maker / Job cv maker,FAMILY,4.4,14,5.5M,"1,000+",Free,0,Everyone,Education,"March 27, 2018",1.0,4.0 and up,Canada
"Resume Builder Free, CV Maker & Resume Templates",BUSINESS,4.4,20921,5.7M,"1,000,000+",Free,0,Everyone,Business,"January 11, 2018",4.0.3,4.1 and up,United States
"Resume Builder Free, CV Maker & Resume Templates",BUSINESS,4.4,20921,5.7M,"1,000,000+",Free,0,Everyone,Business,"January 11, 2018",4.0.3,4.1 and up,CANADA
"Free Professional Resume Builder, CV, Cover Letter",BUSINESS,4.2,831,11M,"50,000+",Free,0,Everyone,Business,"June 13, 2018",1.3.2.9,4.0 and up,United States
"Free Professional Resume Builder, CV, Cover Letter",BUSINESS,4.2,831,11M,"50,000+",Free,0,Everyone,Business,"June 13, 2018",1.3.2.9,4.0 and up,CANADA
Resume Free,PRODUCTIVITY,4.5,27820,4.7M,"1,000,000+",Free,0,Everyone,Productivity,"July 29, 2018",2.1,2.3.3 and up,United States
How to Write CV,BOOKS_AND_REFERENCE,4.6,244,4.1M,"100,000+",Free,0,Everyone,Books & Reference,"April 22, 2016",1.0.0,4.0 and up,UNITED KINGDOM
"Super Resume Builder Pro, CV",BUSINESS,4.4,244,6.9M,"1,000+",Paid,$4.99,Everyone,Business,"August 17, 2017",4.38,2.3 and up,United States
"Super Resume Builder Pro, CV",BUSINESS,4.4,244,6.9M,"1,000+",Paid,$4.99,Everyone,Business,"August 17, 2017",4.38,2.3 and up,CANADA
Free Resume Builder – CV Maker,BUSINESS,4.4,25,12M,"5,000+",Free,0,Everyone,Business,"June 9, 2018",1.5,4.4 and up,United States
Free Resume Builder – CV Maker,BUSINESS,4.4,25,12M,"5,000+",Free,0,Everyone,Business,"June 9, 2018",1.5,4.4 and up,CANADA
Resume App,BUSINESS,4.4,11310,Varies with device,"1,000,000+",Free,0,Everyone,Business,"July 19, 2018",Varies with device,Varies with device,United States
Resume App,BUSINESS,4.4,11310,Varies with device,"1,000,000+",Free,0,Everyone,Business,"July 19, 2018",Varies with device,Varies with device,CANADA
CV Builder,BUSINESS,3.8,203,5.9M,"10,000+",Free,0,Everyone,Business,"September 30, 2016",2.2.1.0,2.3 and up,United States
CV Builder,BUSINESS,3.8,203,5.9M,"10,000+",Free,0,Everyone,Business,"September 30, 2016",2.2.1.0,2.3 and up,CANADA
Curriculum Vitae - Resume CV,PRODUCTIVITY,2.6,80,2.2M,"10,000+",Free,0,Everyone,Productivity,"May 11, 2017",2.129.12,4.1 and up,United States
"Resume Maker:Free CV Maker,Templates Builder",BUSINESS,4.2,715,7.1M,"100,000+",Free,0,Everyone,Business,"August 1, 2018",1.8,4.0.3 and up,United States
"Resume Maker:Free CV Maker,Templates Builder",BUSINESS,4.2,715,7.1M,"100,000+",Free,0,Everyone,Business,"August 1, 2018",1.8,4.0.3 and up,CANADA
Resume Builder / CV Maker & Templates,BUSINESS,4.4,25,7.9M,"5,000+",Free,0,Everyone,Business,"January 19, 2018",1.0.3,4.0.3 and up,United States
Resume Builder / CV Maker & Templates,BUSINESS,4.4,25,7.9M,"5,000+",Free,0,Everyone,Business,"January 19, 2018",1.0.3,4.0.3 and up,CANADA
CV Templates 2018,FAMILY,4.0,13,26M,"5,000+",Free,0,Everyone,Education,"October 9, 2017",1.1,4.0.3 and up,Canada
Job CV Maker & Portfolio Maker,FAMILY,4.2,593,4.9M,"100,000+",Free,0,Everyone,Education,"January 1, 2018",1.0.2,3.0 and up,Canada
CV Creator,FAMILY,4.4,31,8.3M,"10,000+",Free,0,Everyone,Education,"January 8, 2018",1.2.1,4.2 and up,Canada
Resume ( CV Editor ),BUSINESS,4.5,416,6.0M,"10,000+",Free,0,Everyone,Business,"June 30, 2018",1.2,4.0 and up,United States
Resume ( CV Editor ),BUSINESS,4.5,416,6.0M,"10,000+",Free,0,Everyone,Business,"June 30, 2018",1.2,4.0 and up,CANADA
Resume Maker - Creator,BUSINESS,4.3,740,19M,"50,000+",Free,0,Everyone,Business,"August 4, 2018",1.1.2,4.0.3 and up,United States
Resume Maker - Creator,BUSINESS,4.3,740,19M,"50,000+",Free,0,Everyone,Business,"August 4, 2018",1.1.2,4.0.3 and up,CANADA
CV Builder for Smart Resumes,BUSINESS,3.4,22,4.1M,"1,000+",Free,0,Everyone,Business,"May 23, 2017",1.9,4.0.3 and up,United States
CV Builder for Smart Resumes,BUSINESS,3.4,22,4.1M,"1,000+",Free,0,Everyone,Business,"May 23, 2017",1.9,4.0.3 and up,CANADA
CV-RECORD Pro,COMMUNICATION,2.3,42,6.0M,"1,000+",Paid,$0.99,Everyone,Communication,"January 12, 2017",1.0.5,4.1 and up,UNITED KINGDOM
CV-Library Job Search,BUSINESS,4.4,6997,4.6M,"100,000+",Free,0,Everyone,Business,"July 6, 2018",6.8.0,4.1 and up,United States
CV-Library Job Search,BUSINESS,4.4,6997,4.6M,"100,000+",Free,0,Everyone,Business,"July 6, 2018",6.8.0,4.1 and up,CANADA
CV Samples 2018,BUSINESS,4.3,34,26M,"10,000+",Free,0,Everyone,Business,"October 10, 2017",1.0,4.0.3 and up,United States
CV Samples 2018,BUSINESS,4.3,34,26M,"10,000+",Free,0,Everyone,Business,"October 10, 2017",1.0,4.0.3 and up,CANADA
CV (Curriculum Vitae / Resume) Maker,BUSINESS,,4,4.4M,"5,000+",Free,0,Everyone,Business,"December 27, 2017",1.1,4.0.3 and up,United States
CV (Curriculum Vitae / Resume) Maker,BUSINESS,,4,4.4M,"5,000+",Free,0,Everyone,Business,"December 27, 2017",1.1,4.0.3 and up,CANADA
Resume / CV,BUSINESS,3.6,125,5.0M,"10,000+",Free,0,Everyone,Business,"December 28, 2015",2.0,2.3.3 and up,United States
Resume / CV,BUSINESS,3.6,125,5.0M,"10,000+",Free,0,Everyone,Business,"December 28, 2015",2.0,2.3.3 and up,CANADA
VisualCV Resume Builder,BUSINESS,4.6,2555,16M,"100,000+",Free,0,Everyone,Business,"June 2, 2017",2.5.0,4.4 and up,United States
VisualCV Resume Builder,BUSINESS,4.6,2555,16M,"100,000+",Free,0,Everyone,Business,"June 2, 2017",2.5.0,4.4 and up,CANADA
Resume Builder - Curriculum Vitae & Resume Maker,BUSINESS,4.0,12,8.1M,"5,000+",Free,0,Everyone,Business,"June 7, 2018",1.9,4.0.3 and up,United States
Resume Builder - Curriculum Vitae & Resume Maker,BUSINESS,4.0,12,8.1M,"5,000+",Free,0,Everyone,Business,"June 7, 2018",1.9,4.0.3 and up,CANADA
The CW,FAMILY,4.4,288209,21M,"5,000,000+",Free,0,Teen,Entertainment,"July 23, 2018",2.17,4.4 and up,Canada
CW Seed,FAMILY,4.5,16391,13M,"500,000+",Free,0,Teen,Entertainment,"July 18, 2018",1.16,4.4 and up,Canada
The CW TV app,FAMILY,3.2,24,4.8M,"5,000+",Free,0,Everyone,Entertainment,"July 28, 2018",1.1,3.2 and up,Canada
The CW TN app 2018,FAMILY,2.2,54,4.3M,"10,000+",Free,0,Everyone,Entertainment,"April 30, 2018",1.0,3.2 and up,Canada
Archie Comics,COMICS,3.8,5084,6.2M,"100,000+",Free,0,Everyone,Comics,"June 19, 2018",2.2.0,4.3 and up,AUSTRALIA
2 Amateur ham radio CW Morse code practice keys TX,COMMUNICATION,4.8,6,3.5M,100+,Paid,$1.49,Everyone,Communication,"March 5, 2018",1.0.9,1.6 and up,UNITED KINGDOM
All Star Of CW,FAMILY,,0,2.4M,10+,Free,0,Everyone,Role Playing,"February 6, 2018",2.03,4.0.3 and up,Canada
FANDOM: Arrow and The Flash,FAMILY,4.5,3935,9.5M,"100,000+",Free,0,Mature 17+,Entertainment,"June 7, 2018",2.9.8,4.4 and up,Canada
CW Beacon for Ham Radio,COMMUNICATION,4.8,10,516k,100+,Paid,$1.49,Everyone,Communication,"January 22, 2015",KM,1.6 and up,UNITED KINGDOM
IZ2UUF Morse Koch CW,COMMUNICATION,4.6,649,837k,"50,000+",Free,0,Everyone,Communication,"August 8, 2013",1.0.013,2.1 and up,UNITED KINGDOM
Morse Decoder for Ham Radio,COMMUNICATION,3.7,166,2.0M,"5,000+",Paid,$4.99,Everyone,Communication,"March 14, 2017",1.52,2.3 and up,UNITED KINGDOM
C W Browser,COMMUNICATION,4.4,14,17M,100+,Free,0,Everyone,Communication,"October 28, 2017",1.0,4.0 and up,UNITED KINGDOM
Saiyan Of CW,FAMILY,3.8,5,1.1M,500+,Free,0,Everyone,Role Playing,"July 31, 2018",2.0.10,4.0.3 and up,Canada
CW Studio ®,COMMUNICATION,3.8,9,780k,100+,Paid,$0.99,Everyone,Communication,"May 19, 2015",1.2,2.3.3 and up,UNITED KINGDOM
20WPM Amateur ham radio Koch CW Morse code trainer,COMMUNICATION,4.3,12,3.7M,100+,Paid,$1.49,Everyone,Communication,"May 22, 2018",3.0.4,2.1 and up,UNITED KINGDOM
CW Bluetooth SPP,COMMUNICATION,,3,961k,100+,Free,0,Everyone,Communication,"March 31, 2018",1.2,6.0 and up,UNITED KINGDOM
Morse Trainer for Ham Radio,COMMUNICATION,4.6,265,2.6M,"10,000+",Paid,$2.99,Everyone,Communication,"January 6, 2018",2.28,2.3 and up,UNITED KINGDOM
Free CW TN Videos 2018,FAMILY,,0,4.8M,10+,Free,0,Everyone,Entertainment,"July 28, 2018",1.0,3.2 and up,Canada
The Church at CW,LIFESTYLE,4.5,2,7.8M,100+,Free,0,Teen,Lifestyle,"June 25, 2018",3.8.0,4.1 and up,United States
CW Mobile,FAMILY,,3,22M,50+,Free,0,Everyone,Education,"June 25, 2018",3.3.99,4.2 and up,Canada
"Freeform – Stream Full Episodes, Movies, & Live TV",FAMILY,3.7,29229,Varies with device,"1,000,000+",Free,0,Teen,Entertainment,"August 6, 2018",Varies with device,Varies with device,Canada
CW BLE Peripheral Simulator,COMMUNICATION,,2,1.5M,500+,Free,0,Everyone,Communication,"March 8, 2017",1.0,4.4 and up,UNITED KINGDOM
Morse Machine for Ham Radio,COMMUNICATION,4.8,341,9.6M,"5,000+",Paid,$0.99,Everyone,Communication,"February 20, 2015",iu4,2.0 and up,UNITED KINGDOM
Pocket RxTx Pro,PRODUCTIVITY,4.3,253,Varies with device,"5,000+",Paid,$3.99,Everyone,Productivity,"March 4, 2018",Varies with device,Varies with device,United States
Morse Player,FAMILY,5.0,12,2.4M,100+,Paid,$1.99,Everyone,Education,"January 23, 2017",2.1.1,3.0 and up,Canada
"FXNOW: Movies, Shows & Live TV",FAMILY,3.9,31552,Varies with device,"1,000,000+",Free,0,Teen,Entertainment,"July 23, 2018",Varies with device,4.4 and up,Canada
CW Ringtone (Morse Code generator),COMMUNICATION,,0,269k,10+,Paid,$2.49,Everyone,Communication,"March 16, 2018",1.0.2,2.2 and up,UNITED KINGDOM
30WPM Amateur ham radio Koch CW Morse code trainer,FAMILY,5.0,1,3.7M,10+,Paid,$1.49,Everyone,Education,"May 18, 2018",2.0.2,2.1 and up,Canada
Learn CW,FAMILY,,0,21M,1+,Paid,$2.49,Everyone,Education,"April 6, 2018",1.1,4.3 and up,Canada
DC All Access,FAMILY,4.4,12639,96M,"500,000+",Free,0,Teen,Entertainment,"October 17, 2017",3.5,4.1 and up,Canada
Koch Morse Trainer Pro,COMMUNICATION,4.6,94,1.1M,"1,000+",Paid,$2.49,Everyone,Communication,"February 14, 2015",2.1.1,2.2 and up,UNITED KINGDOM
Morse Code Reader,COMMUNICATION,3.9,1436,20k,"100,000+",Free,0,Everyone,Communication,"August 26, 2013",1.0,1.6 and up,UNITED KINGDOM
CW Nuclear,BOOKS_AND_REFERENCE,3.3,15,12M,"1,000+",Free,0,Everyone,Books & Reference,"November 17, 2017",1.2,4.0 and up,UNITED KINGDOM
Pocket RxTx Free,PRODUCTIVITY,4.1,4513,Varies with device,"100,000+",Free,0,Everyone,Productivity,"March 4, 2018",Varies with device,Varies with device,United States
CW Deposit,BUSINESS,3.0,4,498k,"1,000+",Free,0,Everyone,Business,"February 6, 2014",2.1.5,2.1 and up,United States
CW Deposit,BUSINESS,3.0,4,498k,"1,000+",Free,0,Everyone,Business,"February 6, 2014",2.1.5,2.1 and up,CANADA
Hallmark Channel Everywhere,FAMILY,4.2,6784,13M,"500,000+",Free,0,Everyone,Entertainment,"August 30, 2017",2.3.0,4.4 and up,Canada
Morse Player Free,FAMILY,4.2,268,4.2M,"50,000+",Free,0,Everyone,Education,"January 23, 2017",2.1.1,3.0 and up,Canada
"Hulu: Stream TV, Movies & more",FAMILY,4.0,319777,Varies with device,"10,000,000+",Free,0,Teen,Entertainment,"August 3, 2018",Varies with device,5.0 and up,Canada
Learn Morse Code - G0HYN Learn Morse,COMMUNICATION,4.0,27,600k,"5,000+",Free,0,Everyone,Communication,"May 8, 2018",5.0,2.2 and up,UNITED KINGDOM
SYFY,FAMILY,3.2,3069,18M,"500,000+",Free,0,Teen,Entertainment,"May 24, 2018",3.3.1.41,4.4 and up,Canada
AMC,FAMILY,3.2,20843,14M,"1,000,000+",Free,0,Teen,Entertainment,"August 2, 2018",3.3.85 (2),4.4 and up,Canada
Cartoon Wars 3,FAMILY,4.1,137674,72M,"5,000,000+",Free,0,Teen,Role Playing,"July 4, 2018",2.0.2,2.3 and up,Canada
ABC – Live TV & Full Episodes,FAMILY,3.3,50428,Varies with device,"5,000,000+",Free,0,Teen,Entertainment,"July 25, 2018",Varies with device,5.0 and up,Canada
Oracle CX Cloud Mobile,BUSINESS,4.4,48,54M,"5,000+",Free,0,Everyone,Business,"July 7, 2018",11.13.18.05.07.03,4.4 and up,United States
Oracle CX Cloud Mobile,BUSINESS,4.4,48,54M,"5,000+",Free,0,Everyone,Business,"July 7, 2018",11.13.18.05.07.03,4.4 and up,CANADA
CX-10WiFi,FAMILY,4.0,1419,12M,"100,000+",Free,0,Everyone,Casual,"October 25, 2017",2.5_16,4.0 and up,Canada
CX-OF,FAMILY,4.2,18,37M,"1,000+",Free,0,Everyone,Entertainment,"January 31, 2018",7.2.1,4.3 and up,Canada
cx-32wifi,FAMILY,4.1,62,6.5M,"10,000+",Free,0,Everyone,Entertainment,"November 14, 2015",1.4,2.2 and up,Canada
CX-17WIFI,FAMILY,4.3,49,6.6M,"10,000+",Free,0,Everyone,Entertainment,"March 21, 2018",2.3,4.3 and up,Canada
cx-33wifi,FAMILY,4.4,63,7.6M,"10,000+",Free,0,Everyone,Entertainment,"November 14, 2015",1.4,2.2 and up,Canada
CX-WiFi720P,FAMILY,3.1,47,5.5M,"10,000+",Free,0,Everyone,Entertainment,"November 14, 2015",2.0,2.2 and up,Canada
CX-60,FAMILY,3.1,19,94M,"1,000+",Free,0,Everyone,Casual,"May 9, 2017",1.6,2.3 and up,Canada
CX North America,BUSINESS,3.9,10,55M,500+,Free,0,Everyone,Business,"March 14, 2018",1.2,4.0 and up,United States
CX North America,BUSINESS,3.9,10,55M,500+,Free,0,Everyone,Business,"March 14, 2018",1.2,4.0 and up,CANADA
CX-10DS,FAMILY,3.4,12,11M,"1,000+",Free,0,Everyone,Casual,"September 15, 2017",1.5_6,4.0 and up,Canada
CX-37,FAMILY,3.9,13,12M,"1,000+",Free,0,Everyone,Casual,"May 30, 2016",1.3_4,3.0 and up,Canada
Avaya CX,BUSINESS,4.4,21,21M,"1,000+",Free,0,Everyone,Business,"July 25, 2018",v6.7.14,5.0 and up,United States
Avaya CX,BUSINESS,4.4,21,21M,"1,000+",Free,0,Everyone,Business,"July 25, 2018",v6.7.14,5.0 and up,CANADA
TI-Nspire CX Calculator Manual,FAMILY,3.9,11,27M,500+,Paid,$4.99,Everyone,Education,"July 21, 2018",1.3.0,4.1 and up,Canada
CX watcher,FAMILY,4.5,4,30M,500+,Free,0,Everyone,Casual,"June 21, 2018",1.5_6,4.1 and up,Canada
CX-95WIFI,LIFESTYLE,,6,11M,500+,Free,0,Everyone,Lifestyle,"June 2, 2017",2.1,4.0 and up,United States
Theme for Tecno Camon CX / C8,LIFESTYLE,4.6,147,9.8M,"10,000+",Free,0,Everyone,Lifestyle,"May 2, 2017",1.0.1,4.0 and up,United States
CX Carrier Lite,BUSINESS,,0,68M,10+,Free,0,Everyone,Business,"June 11, 2018",1.0,4.0 and up,United States
CX Carrier Lite,BUSINESS,,0,68M,10+,Free,0,Everyone,Business,"June 11, 2018",1.0,4.0 and up,CANADA
Oración CX,LIFESTYLE,5.0,103,3.8M,"5,000+",Free,0,Everyone,Lifestyle,"September 12, 2017",5.1.10,4.1 and up,United States
CX-40,FAMILY,3.0,2,33M,100+,Free,0,Everyone,Entertainment,"December 14, 2017",3.0,4.0 and up,Canada
Cx Wize,PRODUCTIVITY,,3,24M,100+,Free,0,Everyone,Productivity,"July 30, 2018",2.1.0,4.1 and up,United States
Ring,COMMUNICATION,3.9,517,35M,"10,000+",Free,0,Everyone,Communication,"August 6, 2018",20180805,4.4 and up,UNITED KINGDOM
CX-42,FAMILY,,0,32M,10+,Free,0,Everyone,Casual,"January 2, 2018",1.2_3,4.2 and up,Canada
CX Capture,BUSINESS,,1,5.8M,100+,Free,0,Everyone,Business,"January 23, 2018",v1.2.2,4.0.3 and up,United States
CX Capture,BUSINESS,,1,5.8M,100+,Free,0,Everyone,Business,"January 23, 2018",v1.2.2,4.0.3 and up,CANADA
CONNECT: The Mobile CX Summit,PRODUCTIVITY,,0,18M,50+,Free,0,Teen,Productivity,"August 1, 2018",7.18.0.0,5.0 and up,United States
Hyundai CX Conference,COMMUNICATION,,0,20M,50+,Free,0,Everyone,Communication,"May 27, 2018",2.10.2,4.2 and up,UNITED KINGDOM
CX-41,LIFESTYLE,,1,32M,100+,Free,0,Everyone,Lifestyle,"December 14, 2017",3.0,4.1 and up,United States
CXmodel-ufo,FAMILY,3.8,19,12M,"1,000+",Free,0,Everyone,Entertainment,"January 19, 2017",2.1,2.2 and up,Canada
CX Summit,PRODUCTIVITY,,1,17M,50+,Free,0,Teen,Productivity,"September 20, 2017",7.12.0.1,4.2 and up,United States
WiFi FPV,FAMILY,3.8,316,19M,"100,000+",Free,0,Everyone,Entertainment,"June 1, 2017",1.8,2.2 and up,Canada
CX Elevated,BUSINESS,,0,55M,50+,Free,0,Everyone,Business,"February 1, 2018",1.0,4.1 and up,United States
CX Elevated,BUSINESS,,0,55M,50+,Free,0,Everyone,Business,"February 1, 2018",1.0,4.1 and up,CANADA
go41cx,FAMILY,4.8,171,1.0M,"1,000+",Paid,$10.00,Everyone,Education,"October 18, 2016",1.7.0,2.2 and up,Canada
FlexRelease CX,BUSINESS,,4,2.0M,"1,000+",Free,0,Everyone,Business,"July 25, 2016",1.5.0,2.3.3 and up,United States
FlexRelease CX,BUSINESS,,4,2.0M,"1,000+",Free,0,Everyone,Business,"July 25, 2016",1.5.0,2.3.3 and up,CANADA
Ambient CX,BUSINESS,,0,7.5M,5+,Free,0,Everyone,Business,"May 9, 2017",1.0,2.3.3 and up,United States
Ambient CX,BUSINESS,,0,7.5M,5+,Free,0,Everyone,Business,"May 9, 2017",1.0,2.3.3 and up,CANADA
QuestionPro - CX,BUSINESS,,1,16M,50+,Free,0,Everyone,Business,"August 3, 2018",1.3,4.1 and up,United States
QuestionPro - CX,BUSINESS,,1,16M,50+,Free,0,Everyone,Business,"August 3, 2018",1.3,4.1 and up,CANADA
CX Network,BUSINESS,,0,10M,0+,Free,0,Everyone,Business,"August 6, 2018",1.3.1,4.1 and up,United States
CX Network,BUSINESS,,0,10M,0+,Free,0,Everyone,Business,"August 6, 2018",1.3.1,4.1 and up,CANADA
CY Security Antivirus Cleaner,PRODUCTIVITY,4.5,75140,Varies with device,"1,000,000+",Free,0,Everyone,Productivity,"January 2, 2018",Varies with device,Varies with device,United States
Cy-Reader,FAMILY,4.8,17,15M,100+,Free,0,Everyone,Education,"August 3, 2018",1.7,4.2 and up,Canada
Recycling Cy,LIFESTYLE,4.0,47,4.5M,"1,000+",Free,0,Everyone,Lifestyle,"August 2, 2017",2.0,3.2 and up,United States
Cy Messenger,COMMUNICATION,4.5,4,8.1M,100+,Free,0,Everyone,Communication,"August 30, 2014",1.3.0,2.3.3 and up,UNITED KINGDOM
Amadeus GR & CY,COMMUNICATION,,4,3.8M,100+,Free,0,Everyone,Communication,"February 1, 2018",2.07,4.1 and up,UNITED KINGDOM
Igitabo cy'Indirimbo,FAMILY,4.5,93,1.6M,"50,000+",Free,0,Everyone,Entertainment,"February 5, 2018",INDIRIMBO V.2014.002,1.6 and up,Canada
Cy-Fair Christian Church,LIFESTYLE,5.0,2,9.3M,100+,Free,0,Everyone,Lifestyle,"August 3, 2017",24.8.1,4.1 and up,United States
Mediabox CY,FAMILY,,0,12M,10+,Free,0,Everyone,Entertainment,"December 31, 2017",1.0,4.1 and up,Canada
Cy-Fair Houston Chamber,BUSINESS,,0,5.0M,5+,Free,0,Everyone,Business,"June 6, 2018",4.1.239,4.1 and up,United States
Cy-Fair Houston Chamber,BUSINESS,,0,5.0M,5+,Free,0,Everyone,Business,"June 6, 2018",4.1.239,4.1 and up,CANADA
Phone Clean Best Speed Booster,PRODUCTIVITY,4.5,81502,Varies with device,"1,000,000+",Free,0,Everyone,Productivity,"March 29, 2018",Varies with device,Varies with device,United States
VAT check CY,BUSINESS,,0,642k,100+,Free,0,Everyone,Business,"May 18, 2013",1.0.16,1.6 and up,United States
VAT check CY,BUSINESS,,0,642k,100+,Free,0,Everyone,Business,"May 18, 2013",1.0.16,1.6 and up,CANADA
CY Spray nozzle,BOOKS_AND_REFERENCE,,0,3.3M,10+,Free,0,Everyone,Books & Reference,"August 3, 2017",1.01.00,4.0.3 and up,UNITED KINGDOM
LOCX Applock Lock Apps & Photo,PRODUCTIVITY,4.5,208543,Varies with device,"10,000,000+",Free,0,Everyone,Productivity,"July 5, 2018",Varies with device,Varies with device,United States
Cymath - Math Problem Solver,FAMILY,4.5,10159,6.4M,"1,000,000+",Free,0,Everyone,Education,"April 13, 2018",2.17,4.1 and up,Canada
Army of Heroes,FAMILY,4.5,85015,46M,"1,000,000+",Free,0,Everyone 10+,Strategy,"August 1, 2018",1.03.06,4.0 and up,Canada
BibleRead En Cy Zh Yue,BOOKS_AND_REFERENCE,,0,12M,5+,Free,0,Everyone,Books & Reference,"May 17, 2018",1.0,4.0 and up,UNITED KINGDOM
Math Solver,FAMILY,4.3,2250,30M,"100,000+",Free,0,Everyone,Education,"November 21, 2017",1.2,4.1 and up,Canada
Death Dragon Knights RPG,FAMILY,4.1,11179,19M,"1,000,000+",Free,0,Teen,Role Playing,"September 16, 2016",2.7,2.3 and up,Canada
CZ-USA,LIFESTYLE,4.5,11,3.4M,"1,000+",Free,0,Everyone,Lifestyle,"March 1, 2016",1.0.2,4.0.3 and up,United States
KFC CZ,LIFESTYLE,2.8,1189,18M,"100,000+",Free,0,Everyone,Lifestyle,"June 27, 2018",5.1.0,4.0.3 and up,United States
Skylink Live TV CZ,FAMILY,3.3,2802,15M,"100,000+",Free,0,Teen,Entertainment,"July 11, 2018",5.0,4.3 and up,Canada
CZ-70 (CZ-50) pistol explained,BOOKS_AND_REFERENCE,,2,17M,10+,Paid,$5.99,Everyone,Books & Reference,"November 2, 2016",Android 2.1 - 2015,1.6 and up,UNITED KINGDOM
CZ-52 pistol explained,BOOKS_AND_REFERENCE,,0,9.3M,10+,Paid,$5.99,Everyone,Books & Reference,"September 3, 2015",Android 3.0 - 2015,1.6 and up,UNITED KINGDOM
CZ-27 pistol explained,BOOKS_AND_REFERENCE,,1,11M,10+,Paid,$5.99,Everyone,Books & Reference,"September 2, 2015",Android 3.0 - 2015,1.6 and up,UNITED KINGDOM
Breweries (CZ/SK),LIFESTYLE,4.4,1740,4.4M,"50,000+",Free,0,Teen,Lifestyle,"July 27, 2017",3.1.0,4.1 and up,United States
CZ-45 pistol explained,BOOKS_AND_REFERENCE,,1,12M,10+,Paid,$5.49,Everyone,Books & Reference,"August 10, 2017",Android 3.1 - 2015,1.6 and up,UNITED KINGDOM
CZ-Help,BOOKS_AND_REFERENCE,5.0,2,1.4M,5+,Free,0,Everyone,Books & Reference,"July 13, 2018",0.1,4.4 and up,UNITED KINGDOM
Hlášenírozhlasu.cz,COMMUNICATION,,0,17M,10+,Free,0,Everyone,Communication,"July 27, 2018",2.1.3,4.1 and up,UNITED KINGDOM
Pistolet CZ-70 CZ-50 expliqué,BOOKS_AND_REFERENCE,,0,17M,1+,Paid,$5.99,Everyone,Books & Reference,"November 1, 2016",Android 2.0 - 2016,1.6 and up,UNITED KINGDOM
CZ-38 (vz 38) pistol explained,BOOKS_AND_REFERENCE,,0,13M,5+,Paid,$5.99,Everyone,Books & Reference,"August 10, 2017",Android 3.1 - 2017,1.6 and up,UNITED KINGDOM
SMS Sender - sluzba.cz,COMMUNICATION,,12,72k,"1,000+",Free,0,Everyone,Communication,"June 1, 2012",2.00.00,2.0 and up,UNITED KINGDOM
Modlitební knížka CZ,BOOKS_AND_REFERENCE,,4,18M,500+,Free,0,Everyone,Books & Reference,"February 4, 2018",4.0,4.0.3 and up,UNITED KINGDOM
Reksio cz. 1,BOOKS_AND_REFERENCE,,0,8.6M,10+,Paid,$0.99,Everyone,Books & Reference,"March 30, 2015",1.0.1,4.0.3 and up,UNITED KINGDOM
PLAYzone.cz,FAMILY,4.4,14,7.3M,500+,Free,0,Everyone,Entertainment,"November 7, 2017",2.1.3,4.1 and up,Canada
RoutePlan.cz,PRODUCTIVITY,,6,5.3M,100+,Free,0,Everyone,Productivity,"June 6, 2018",2.5.4,4.0.3 and up,United States
Vira.cz Widget,LIFESTYLE,,86,601k,"1,000+",Free,0,Everyone,Lifestyle,"June 15, 2016",1.0,2.2 and up,United States
The House of Da Vinci,FAMILY,4.8,12400,Varies with device,"100,000+",Paid,$4.99,Everyone,Puzzle,"June 14, 2018",1.0.4,4.1 and up,Canada
Ghost Detector,FAMILY,3.5,35337,7.4M,"5,000,000+",Free,0,Teen,Entertainment,"May 25, 2018",1.7.28,4.0 and up,Canada
King of Math,FAMILY,4.4,766,14M,"10,000+",Paid,$2.99,Everyone,Education;Education,"May 22, 2018",1.0.11,2.2 and up,Canada
Thuglife Video Maker,FAMILY,3.5,38824,12M,"1,000,000+",Free,0,Mature 17+,Entertainment,"January 21, 2018",2.4.1,5.0 and up,Canada
MadLipz,FAMILY,4.6,171017,13M,"10,000,000+",Free,0,Teen,Entertainment,"July 22, 2018",2.2.2,4.4 and up,Canada
Escaping the Prison,FAMILY,4.2,419375,31M,"10,000,000+",Free,0,Everyone 10+,Casual,"June 21, 2016",1.2.2,2.3 and up,Canada
Glam Doll Salon - Chic Fashion,FAMILY,4.0,93898,44M,"10,000,000+",Free,0,Everyone,Casual,"May 26, 2017",1.10,4.1 and up,Canada
Peppa Pig: Party Time,FAMILY,3.8,52,55M,"10,000+",Paid,$2.99,Everyone,Educational;Pretend Play,"August 8, 2017",1.2.1,2.3 and up,Canada
COOKING MAMA Let's Cook!,FAMILY,4.3,528917,59M,"10,000,000+",Free,0,Everyone,Educational;Pretend Play,"July 26, 2018",1.38.0,4.1 and up,Canada
Movie DB,FAMILY,,10,2.6M,"1,000+",Free,0,Teen,Entertainment,"December 10, 2016",1.0.1,4.2 and up,Canada
ACCDB MDB DB Manager Pro - Editor for MS Access,PRODUCTIVITY,3.1,19,4.5M,500+,Paid,$8.99,Everyone,Productivity,"November 3, 2016",1.0.8,4.0 and up,United States
DB Train Simulator,FAMILY,3.7,6514,72M,"500,000+",Free,0,Everyone,Simulation,"May 23, 2018",1.6.2,3.0 and up,Canada
DB Tools,FAMILY,4.6,37,3.3M,"1,000+",Free,0,Everyone,Education,"June 17, 2014",1.9,2.2 and up,Canada
DB Manager,PRODUCTIVITY,,3,108k,"1,000+",Free,0,Everyone,Productivity,"January 21, 2014",2.0.0,3.1 and up,United States
"10,000 Quotes DB (Premium)",BOOKS_AND_REFERENCE,4.1,70,3.5M,500+,Paid,$0.99,Everyone,Books & Reference,"August 30, 2013",1.3,2.1 and up,UNITED KINGDOM
Guide for DB Xenoverse,BOOKS_AND_REFERENCE,4.2,459,11M,"10,000+",Free,0,Everyone,Books & Reference,"October 1, 2016",1.2,4.0 and up,UNITED KINGDOM
DB Stay Connected,BUSINESS,4.6,17,9.4M,"1,000+",Free,0,Everyone,Business,"December 8, 2017",1.4,4.0 and up,United States
DB Stay Connected,BUSINESS,4.6,17,9.4M,"1,000+",Free,0,Everyone,Business,"December 8, 2017",1.4,4.0 and up,CANADA
Guide for DB Xenoverse 2,BOOKS_AND_REFERENCE,4.4,121,8.7M,"10,000+",Free,0,Everyone,Books & Reference,"December 23, 2016",1.1.2,4.1 and up,UNITED KINGDOM
DB Customer Connect,BUSINESS,4.2,100,6.3M,"10,000+",Free,0,Everyone,Business,"July 21, 2018",2.0.0,4.1 and up,United States
DB Customer Connect,BUSINESS,4.2,100,6.3M,"10,000+",Free,0,Everyone,Business,"July 21, 2018",2.0.0,4.1 and up,CANADA
DB HOME,LIFESTYLE,5.0,5,3.2M,100+,Free,0,Everyone,Lifestyle,"August 31, 2017",1.0.1,4.0 and up,United States
Guide for IMS DB,BOOKS_AND_REFERENCE,,0,2.6M,10+,Free,0,Everyone,Books & Reference,"June 11, 2018",1.0.0,4.1 and up,UNITED KINGDOM
DB Pickles,BUSINESS,5.0,5,14M,100+,Free,0,Everyone,Business,"March 20, 2018",2.0.2,4.1 and up,United States
DB Pickles,BUSINESS,5.0,5,14M,100+,Free,0,Everyone,Business,"March 20, 2018",2.0.2,4.1 and up,CANADA
DB for Fallout Shelter,FAMILY,4.0,3323,47M,"100,000+",Free,0,Everyone,Simulation,"March 29, 2018",1.9,4.0 and up,Canada
DB for Hustle Castle,FAMILY,4.8,21,49M,"1,000+",Free,0,Everyone,Role Playing,"July 4, 2018",1.1,4.1 and up,Canada
DC Legends: Battle for Justice,FAMILY,4.5,355613,59M,"10,000,000+",Free,0,Teen,Role Playing,"August 2, 2018",1.21.2,4.4 and up,Canada
DC Comics,COMICS,4.2,25673,Varies with device,"1,000,000+",Free,0,Teen,Comics,"June 5, 2018",Varies with device,Varies with device,AUSTRALIA
FANDOM for: DC,FAMILY,4.4,6715,9.5M,"500,000+",Free,0,Mature 17+,Entertainment,"July 20, 2018",2.9.8.1,4.4 and up,Canada
DC Super Hero Girls™,FAMILY,4.3,43090,95M,"5,000,000+",Free,0,Everyone,Action;Action & Adventure,"June 29, 2018",2.8.0,4.0 and up,Canada
LEGO Batman: DC Super Heroes,FAMILY,4.2,2557,5.8M,"50,000+",Paid,$4.99,Everyone 10+,Adventure;Action & Adventure,"May 9, 2016",Varies with device,4.0.3 and up,Canada
LEGO® DC Mighty Micros,FAMILY,4.3,139545,63M,"10,000,000+",Free,0,Everyone,Racing;Action & Adventure,"January 30, 2018",1.6.1326,4.1 and up,Canada
Comics,COMICS,4.1,45651,Varies with device,"5,000,000+",Free,0,Teen,Comics,"May 24, 2018",Varies with device,Varies with device,AUSTRALIA
Batman: Gotham’s Most Wanted!,FAMILY,4.0,16190,88M,"1,000,000+",Free,0,Everyone,Action;Action & Adventure,"April 24, 2018",2.1.1,4.0 and up,Canada
"Superheroes, Marvel, DC, Comics, TV, Movies News",COMICS,5.0,34,12M,"5,000+",Free,0,Everyone,Comics,"July 31, 2018",1.0.5,5.0 and up,AUSTRALIA
Choose SuperHero Quize Marvel | DC,FAMILY,,3,4.1M,100+,Free,0,Everyone,Entertainment,"July 29, 2018",2.0,5.0 and up,Canada
DC HSEMA,BOOKS_AND_REFERENCE,3.8,38,7.2M,"5,000+",Free,0,Everyone,Books & Reference,"June 18, 2018",4.0,4.4 and up,UNITED KINGDOM
DC Public Library,BOOKS_AND_REFERENCE,4.2,20,3.4M,"1,000+",Free,0,Everyone,Books & Reference,"June 8, 2015",4.6.1,1.6 and up,UNITED KINGDOM
MARVEL Strike Force,FAMILY,4.3,166312,91M,"5,000,000+",Free,0,Teen,Role Playing,"July 31, 2018",1.4.0,4.4 and up,Canada
Villains vs Superheroes,FAMILY,4.3,128,22M,"10,000+",Free,0,Everyone,Puzzle,"September 12, 2017",3.3.3z,4.0.3 and up,Canada
MARVEL Future Fight,FAMILY,4.6,2354042,72M,"50,000,000+",Free,0,Everyone 10+,Role Playing,"July 3, 2018",4.2.0,4.0.3 and up,Canada
DC N COMPANY ENTERTAINMENT RADIO!,FAMILY,5.0,22,2.2M,100+,Free,0,Mature 17+,Entertainment,"November 2, 2017",1.4,4.4 and up,Canada
Results for DC Lottery,FAMILY,4.4,160,8.5M,"5,000+",Free,0,Everyone,Entertainment,"March 11, 2017",5.1,4.1 and up,Canada
Pepsi Cards DC,COMICS,,1,21M,50+,Free,0,Everyone 10+,Comics,"June 26, 2018",0.0.4,4.4 and up,AUSTRALIA
Driver Permit Test Prep DC DMV Driver's License Ed,FAMILY,4.7,78,11M,"5,000+",Free,0,Everyone,Education,"October 12, 2017",2.9.0,4.1 and up,Canada
Robin - DC Movie Collection,FAMILY,,1,2.3M,500+,Free,0,Everyone,Entertainment,"November 19, 2017",1.0.1,4.0 and up,Canada
Painting Lulu DC Super Friends,BOOKS_AND_REFERENCE,,7,17M,"1,000+",Free,0,Everyone,Books & Reference,"February 9, 2017",1.2,4.0.3 and up,UNITED KINGDOM
AC DC Power Monitor,LIFESTYLE,5.0,1,1.2M,10+,Paid,$3.04,Everyone,Lifestyle,"May 29, 2016",1.2,2.3 and up,United States
AutoScout24 - used car finder,AUTO_AND_VEHICLES,4.4,186648,42M,"10,000,000+",Free,0,Everyone,Auto & Vehicles,"August 2, 2018",9.3.52,4.2 and up,United States
WEB.DE Mail,COMMUNICATION,4.3,226541,Varies with device,"10,000,000+",Free,0,Everyone,Communication,"July 25, 2018",Varies with device,Varies with device,UNITED KINGDOM
Your Freedom VPN Client,COMMUNICATION,4.0,74497,5.3M,"5,000,000+",Free,0,Everyone,Communication,"May 19, 2018",20180518-01,4.0 and up,UNITED KINGDOM
Dictionary,BOOKS_AND_REFERENCE,4.5,264260,Varies with device,"10,000,000+",Free,0,Everyone,Books & Reference,"June 22, 2018",Varies with device,Varies with device,UNITED KINGDOM
Babbel – Learn Languages,FAMILY,4.3,267787,21M,"10,000,000+",Free,0,Everyone,Education,"July 30, 2018",20.7.2,4.4 and up,Canada
Coloring Book for Me & Mandala,FAMILY,4.6,401211,Varies with device,"10,000,000+",Free,0,Everyone,Entertainment,"July 18, 2018",Varies with device,Varies with device,Canada
Offroad Police Car DE,FAMILY,4.3,9149,80M,"1,000,000+",Free,0,Everyone,Simulation,"March 15, 2017",1.3,2.3.3 and up,Canada
Heavy Bus Simulator,FAMILY,4.4,252006,26M,"5,000,000+",Free,0,Everyone,Simulation,"March 15, 2018",1.084,2.3 and up,Canada
"CallApp: Caller ID, Blocker & Phone Call Recorder",COMMUNICATION,4.4,483782,20M,"10,000,000+",Free,0,Everyone,Communication,"July 29, 2018",1.286,4.1 and up,UNITED KINGDOM
Escape the Prison Room,FAMILY,3.5,113183,36M,"5,000,000+",Free,0,Everyone,Puzzle,"December 15, 2017",10.6,4.1 and up,Canada
Anime Love Story Games: ✨Shadowtime✨,FAMILY,4.7,198480,82M,"5,000,000+",Free,0,Everyone,Simulation,"August 3, 2018",20.0,4.1 and up,Canada
Myth Defense 2: DF,FAMILY,4.2,17108,8.3M,"100,000+",Free,0,Everyone,Strategy,"June 23, 2016",1.3.9,2.3.3 and up,Canada
Google PDF Viewer,PRODUCTIVITY,4.2,226453,Varies with device,"10,000,000+",Free,0,Everyone,Productivity,"October 9, 2017",Varies with device,Varies with device,United States
Myth Defense 2: DF Platinum,FAMILY,4.6,1764,8.3M,"10,000+",Paid,$3.99,Everyone 10+,Strategy,"June 22, 2016",1.3.8,2.3.3 and up,Canada
DF@realtime,BUSINESS,4.3,24,8.0M,"1,000+",Free,0,Everyone,Business,"October 26, 2017",6.0.8.2.GM,3.2 and up,United States
DF@realtime,BUSINESS,4.3,24,8.0M,"1,000+",Free,0,Everyone,Business,"October 26, 2017",6.0.8.2.GM,3.2 and up,CANADA
The Divine Feminine App: the DF App,LIFESTYLE,5.0,8,6.7M,"1,000+",Free,0,Everyone,Lifestyle,"May 16, 2016",0.0.4,4.1 and up,United States
DF Tracker,BUSINESS,,2,6.0M,100+,Free,0,Everyone,Business,"September 27, 2017",1.0,4.0.3 and up,United States
DF Tracker,BUSINESS,,2,6.0M,100+,Free,0,Everyone,Business,"September 27, 2017",1.0,4.0.3 and up,CANADA
Rádio DF FM,FAMILY,,24,1.5M,"1,000+",Free,0,Everyone,Entertainment,"August 3, 2017",3.0,2.3 and up,Canada
DF-Server Mobile,PRODUCTIVITY,4.9,17,76M,100+,Free,0,Everyone,Productivity,"June 7, 2016",1.0.0,4.4 and up,United States
DF-View,BUSINESS,,0,15M,100+,Free,0,Everyone,Business,"January 4, 2016",1.0.9,4.0 and up,United States
DF-View,BUSINESS,,0,15M,100+,Free,0,Everyone,Business,"January 4, 2016",1.0.9,4.0 and up,CANADA
"MexiRoomies - roomies, mexico, df, apt, house room",LIFESTYLE,,2,32M,500+,Free,0,Everyone,Lifestyle,"July 4, 2018",1.9,4.0.3 and up,United States
Digital FM Brasília DF,FAMILY,,5,1.4M,100+,Free,0,Everyone,Entertainment,"September 22, 2017",1.0,2.3 and up,Canada
ElejaOnline DF,BUSINESS,,0,3.0M,50+,Free,0,Everyone,Business,"June 18, 2018",1.0.0,4.1 and up,United States
ElejaOnline DF,BUSINESS,,0,3.0M,50+,Free,0,Everyone,Business,"June 18, 2018",1.0.0,4.1 and up,CANADA
Técnico Legislativo Câmara Legislativa DF,PRODUCTIVITY,,1,10M,10+,Paid,$2.99,Everyone,Productivity,"June 29, 2018",6.0,4.0.3 and up,United States
Cargo de Praça PM DF,PRODUCTIVITY,,0,5.2M,10+,Paid,$2.99,Everyone,Productivity,"May 7, 2018",3.0,4.0 and up,United States
Fix Error Google Playstore,BOOKS_AND_REFERENCE,4.3,18,5.7M,"1,000+",Free,0,Everyone,Books & Reference,"July 22, 2017",1.0,4.0 and up,UNITED KINGDOM
df-Vegetable,BUSINESS,,0,2.9M,5+,Free,0,Everyone,Business,"June 11, 2018",1.1,4.0.3 and up,United States
df-Vegetable,BUSINESS,,0,2.9M,5+,Free,0,Everyone,Business,"June 11, 2018",1.1,4.0.3 and up,CANADA
Aproveita DF,LIFESTYLE,,0,3.3M,1+,Free,0,Everyone,Lifestyle,"August 2, 2018",1.0,4.0 and up,United States
Rádio Sol Nascente DF,COMMUNICATION,,12,1.6M,500+,Free,0,Everyone,Communication,"July 28, 2016",3.1,2.3 and up,UNITED KINGDOM
Diseño de columnas NTC - RSEE 2017,PRODUCTIVITY,,6,2.8M,100+,Paid,$0.99,Everyone,Productivity,"March 26, 2018",2.0,4.1 and up,United States
DG Surveyor,BUSINESS,3.6,5,6.8M,50+,Paid,$8.99,Everyone,Business,"April 30, 2018",6.00,4.0.3 and up,United States
DG Surveyor,BUSINESS,3.6,5,6.8M,50+,Paid,$8.99,Everyone,Business,"April 30, 2018",6.00,4.0.3 and up,CANADA
ZombieVital DG,FAMILY,4.3,10,20M,100+,Paid,$12.99,Everyone,Simulation,"August 4, 2018",Varies with device,Varies with device,Canada
DJ Electro Mix Pad,FAMILY,3.9,53301,7.6M,"10,000,000+",Free,0,Everyone,Entertainment,"June 16, 2017",1.6.0,4.0.3 and up,Canada
DG Report Reminder,PRODUCTIVITY,4.3,195,Varies with device,"10,000+",Free,0,Everyone,Productivity,"February 6, 2018",Varies with device,Varies with device,United States
The DG Buddy,BUSINESS,3.7,3,11M,10+,Paid,$2.49,Everyone,Business,"June 30, 2014",v3,2.2 and up,United States
The DG Buddy,BUSINESS,3.7,3,11M,10+,Paid,$2.49,Everyone,Business,"June 30, 2014",v3,2.2 and up,CANADA
DG Phone Call Task Switcher,PRODUCTIVITY,4.2,43,34k,"1,000+",Free,0,Everyone,Productivity,"June 9, 2015",2.04,4.0 and up,United States
DG Card,COMMUNICATION,,0,Varies with device,100+,Free,0,Everyone,Communication,"August 15, 2017",Varies with device,Varies with device,UNITED KINGDOM
DG Users,PRODUCTIVITY,4.5,8,3.1M,100+,Free,0,Everyone,Productivity,"June 7, 2018",1.2,4.0.3 and up,United States
DG Hair,LIFESTYLE,,0,3.0M,10+,Free,0,Everyone,Lifestyle,"August 30, 2017",1.0.0,4.0 and up,United States
DG Monitor,BUSINESS,,1,4.5M,100+,Free,0,Everyone,Business,"October 12, 2017",1.0.0.17,4.0 and up,United States
DG Monitor,BUSINESS,,1,4.5M,100+,Free,0,Everyone,Business,"October 12, 2017",1.0.0.17,4.0 and up,CANADA
Daily Horoscope,LIFESTYLE,4.7,407589,Varies with device,"10,000,000+",Free,0,Everyone,Lifestyle,"July 20, 2018",Varies with device,Varies with device,United States
DH UFO,FAMILY,3.0,4,8.0M,"1,000+",Free,0,Everyone,Entertainment,"June 8, 2017",1,4.1 and up,Canada
Galaxy Defense,FAMILY,4.1,78142,17M,"5,000,000+",Free,0,Everyone,Strategy,"August 22, 2015",1.2.3,3.0 and up,Canada
Castle Defense 2,FAMILY,4.2,35172,34M,"1,000,000+",Free,0,Teen,Strategy,"January 20, 2017",3.2.2,2.3.3 and up,Canada
Dungeon Rush,FAMILY,4.0,28633,81M,"1,000,000+",Free,0,Everyone 10+,Role Playing,"December 23, 2016",1.14.0,2.3 and up,Canada
Treasure Defense,FAMILY,4.1,3527,35M,"100,000+",Free,0,Teen,Strategy,"September 8, 2015",2.2.0.23,3.0 and up,Canada
The Lost Lands:DH Lite,FAMILY,4.3,1130,48M,"50,000+",Free,0,Teen,Simulation,"April 3, 2015",1.01,4.2 and up,Canada
DH-UFO,FAMILY,5.0,1,59M,100+,Free,0,Everyone,Entertainment,"May 24, 2018",1.0.9,4.4 and up,Canada
Dungeon Hunter Champions: Epic Online Action RPG,FAMILY,4.2,26307,Varies with device,"1,000,000+",Free,0,Teen,Role Playing,"July 26, 2018",1.1.40,4.0.3 and up,Canada
DH Karaoke,FAMILY,,8,10M,"1,000+",Free,0,Everyone,Entertainment,"October 23, 2017",3.3.6,4.1 and up,Canada
Tiny Defense,FAMILY,4.1,29387,16M,"1,000,000+",Free,0,Everyone,Strategy,"August 22, 2015",1.0.6,3.0 and up,Canada
Toys Defense: Horror Land,FAMILY,3.8,168,24M,"10,000+",Free,0,Everyone,Strategy,"March 1, 2017",1.2.2,4.0.3 and up,Canada
D-H Pharmacy,LIFESTYLE,5.0,6,2.3M,"1,000+",Free,0,Everyone,Lifestyle,"May 4, 2016",v6.1,2.2 and up,United States
Kingdom in Chaos,FAMILY,4.3,5623,28M,"100,000+",Free,0,Everyone 10+,Role Playing,"December 21, 2015",1.0.5,2.3 and up,Canada
Desperate Housewives: The Game,FAMILY,4.2,10440,27M,"500,000+",Free,0,Teen,Role Playing,"August 6, 2018",18.30.22,4.4 and up,Canada
Dinosaur War,FAMILY,4.3,157997,27M,"10,000,000+",Free,0,Everyone,Simulation,"August 4, 2016",1.4.4,2.3.3 and up,Canada
"Red Bull TV: Live Sports, Music & Entertainment",FAMILY,4.4,42069,Varies with device,"1,000,000+",Free,0,Teen,Entertainment,"August 3, 2018",Varies with device,Varies with device,Canada
DH Mariage,LIFESTYLE,,0,4.9M,50+,Free,0,Everyone,Lifestyle,"September 12, 2017",1.0,4.3 and up,United States
Castle Defense : Invasion,FAMILY,4.2,1484,41M,"100,000+",Free,0,Everyone,Strategy,"July 15, 2018",1.2.1,4.0.3 and up,Canada
Avenger Legends,FAMILY,4.0,3715,94M,"100,000+",Free,0,Everyone,Role Playing,"July 13, 2017",1.13.299,4.0.3 and up,Canada
DrivingTest,FAMILY,2.9,975,45M,"100,000+",Free,0,Everyone,Simulation,"February 27, 2017",5,4.1 and up,Canada
D. H. Lawrence Poems FREE,BOOKS_AND_REFERENCE,,13,942k,"1,000+",Free,0,Everyone,Books & Reference,"November 22, 2013",1.11,2.3.3 and up,UNITED KINGDOM
Idle Heroes,FAMILY,4.7,417197,99M,"10,000,000+",Free,0,Everyone 10+,Role Playing,"May 30, 2018",1.14.0,2.3 and up,Canada
DH-Security Camera,BUSINESS,,3,36M,100+,Free,0,Everyone,Business,"August 1, 2017",DH-Security Camera,5.0 and up,United States
DH-Security Camera,BUSINESS,,3,36M,100+,Free,0,Everyone,Business,"August 1, 2017",DH-Security Camera,5.0 and up,CANADA
Pocket Heroes,FAMILY,4.5,96658,26M,"1,000,000+",Free,0,Everyone 10+,Role Playing,"September 5, 2015",2.0.5,3.0 and up,Canada
Duolingo: Learn Languages Free,FAMILY,4.7,6297590,Varies with device,"100,000,000+",Free,0,Everyone,Education;Education,"August 6, 2018",Varies with device,Varies with device,Canada
Meme Generator Free,FAMILY,4.4,303394,53M,"10,000,000+",Free,0,Mature 17+,Entertainment,"August 3, 2018",4.426,4.1 and up,Canada
Whoscall - Caller ID & Block,COMMUNICATION,4.4,552635,29M,"10,000,000+",Free,0,Everyone,Communication,"August 1, 2018",6.19.1,4.1 and up,UNITED KINGDOM
Cooking in the Kitchen,FAMILY,4.1,217736,87M,"10,000,000+",Free,0,Everyone,Casual;Pretend Play,"August 2, 2018",1.1.64,4.1 and up,Canada
Google Sheets,PRODUCTIVITY,4.3,496397,Varies with device,"100,000,000+",Free,0,Everyone,Productivity,"August 6, 2018",Varies with device,Varies with device,United States
Euro Truck Driver (Simulator),FAMILY,4.4,860078,30M,"10,000,000+",Free,0,Everyone,Simulation,"February 15, 2018",1.6.0,4.1 and up,Canada
DJ Mix Effects Simulator,FAMILY,4.1,5997,20M,"1,000,000+",Free,0,Everyone,Simulation,"January 26, 2018",1.1,4.1 and up,Canada
3D DJ – Music Mixer with Virtual DJ,FAMILY,4.3,796,28M,"100,000+",Free,0,Everyone,Entertainment,"July 3, 2018",6.6.8,5.0 and up,Canada
Resources For Virtual DJ,FAMILY,3.6,21095,7.9M,"1,000,000+",Free,0,Everyone,Entertainment,"December 16, 2016",4,4.0.3 and up,Canada
DK 15 Minute Language Course,FAMILY,2.8,21,57M,"1,000+",Free,0,Everyone,Education,"April 6, 2018",1.0.0.5,4.0.3 and up,Canada
DK Readers,FAMILY,3.9,30,16M,"1,000+",Free,0,Everyone,Education,"July 2, 2014",1.1,2.3 and up,Canada
Eyewitness Travel Phrase Book,FAMILY,3.8,10,25M,"1,000+",Free,0,Everyone,Education,"July 28, 2017",1.0,4.1 and up,Canada
DK Virtual Reality,FAMILY,3.7,42,29M,"1,000+",Free,0,Everyone,Books & Reference;Education,"March 13, 2018",1.7.1,5.0 and up,Canada
Bilingual Dictionary Audio App,BOOKS_AND_REFERENCE,2.7,68,87M,"5,000+",Free,0,Everyone,Books & Reference,"May 2, 2018",1.0.0.22,4.1 and up,UNITED KINGDOM
English for Everyone,FAMILY,3.2,429,18M,"10,000+",Free,0,Everyone,Education,"July 6, 2018",3.9.1,4.4 and up,Canada
Visuelles Wörterbuch Audio-App,FAMILY,3.1,192,66M,"10,000+",Free,0,Everyone,Education,"July 7, 2017",1.1.6,4.1 and up,Canada
10 Minutes a Day Times Tables,FAMILY,4.1,681,48M,"100,000+",Free,0,Everyone,Education,"July 3, 2014",1.2,2.2 and up,Canada
dk Verk,BUSINESS,4.4,9,31M,500+,Free,0,Everyone,Business,"March 14, 2018",2.0.14,4.1 and up,United States
dk Verk,BUSINESS,4.4,9,31M,500+,Free,0,Everyone,Business,"March 14, 2018",2.0.14,4.1 and up,CANADA
e-Boks.dk,PRODUCTIVITY,3.2,6752,3.3M,"1,000,000+",Free,0,Everyone,Productivity,"March 21, 2018",3.5.2,4.0.3 and up,United States
Account Class-11 Solutions (D K Goel),FAMILY,4.5,663,25M,"50,000+",Free,0,Everyone,Education,"February 9, 2018",3.0.0,3.0 and up,Canada
S-Home DK,LIFESTYLE,,4,17M,"1,000+",Free,0,Everyone,Lifestyle,"October 18, 2017",1.26,4.0 and up,United States
DK Online,FAMILY,,21,3.5M,100+,Free,0,Everyone,Entertainment,"May 18, 2018",8.2,4.0.3 and up,Canada
Account Class-12 Solutions (D K Goel) Vol-1,FAMILY,4.4,708,33M,"50,000+",Free,0,Everyone,Education,"February 12, 2018",1.0.0,3.0 and up,Canada
Salah Widget (DK+Malmo),LIFESTYLE,4.5,532,6.4M,"10,000+",Free,0,Everyone,Lifestyle,"June 28, 2015",0.9.9.14,2.3 and up,United States
PK and DK Audio App,FAMILY,5.0,2,3.9M,100+,Free,0,Everyone,Entertainment,"October 25, 2017",5.1.4,4.1 and up,Canada
dk,FAMILY,4.8,5,1.5M,10+,Free,0,Everyone,Education,"September 18, 2017",1.0,2.3 and up,Canada
Account Class-12 Solutions (D K Goel) Vol-2,FAMILY,4.6,124,23M,"10,000+",Free,0,Everyone,Education,"April 17, 2018",1.0.0,3.0 and up,Canada
DK Browser,COMMUNICATION,4.0,1,2.4M,10+,Free,0,Everyone,Communication,"April 25, 2017",1.0,4.2 and up,UNITED KINGDOM
Discovery K!ds Play!,FAMILY,4.1,19388,35M,"1,000,000+",Free,0,Everyone,Entertainment;Music & Video,"May 3, 2018",2.1.0.2173,4.0.3 and up,Canada
cluster.dk,COMMUNICATION,,49,1.1M,"1,000+",Free,0,Everyone,Communication,"June 25, 2013",1.0.2,2.3 and up,UNITED KINGDOM
DK Childcare Centers,LIFESTYLE,,0,13M,500+,Free,0,Everyone,Lifestyle,"April 2, 2018",1.0.2,4.1 and up,United States
Gokarting.dk,FAMILY,,13,34M,"1,000+",Free,0,Everyone,Entertainment,"March 25, 2018",5.0.45,4.1 and up,Canada
DK TEL Dialer,COMMUNICATION,,0,4.2M,50+,Free,0,Everyone,Communication,"November 26, 2017",3.8.8,2.2 and up,UNITED KINGDOM
DK Studio Barbershop,BEAUTY,,8,17M,100+,Free,0,Everyone,Beauty,"March 20, 2018",1.1,4.1 and up,INDIA
Dr. D.K. Olukoya Sermons,LIFESTYLE,,1,3.0M,100+,Free,0,Everyone,Lifestyle,"September 26, 2017",1.0,4.0 and up,United States
Dr D K Olukoya,LIFESTYLE,,0,3.3M,1+,Free,0,Teen,Lifestyle,"July 25, 2018",1.0,4.1 and up,United States
DK Hair Design,LIFESTYLE,,0,2.5M,10+,Free,0,Everyone,Lifestyle,"May 15, 2017",1.0.0,4.0 and up,United States
Download Manager Pro FREE,PRODUCTIVITY,3.8,637,7.2M,"100,000+",Free,0,Everyone,Productivity,"October 31, 2017",2.5,4.1 and up,United States
Download Video Free,FAMILY,4.0,39682,6.2M,"1,000,000+",Free,0,Everyone,Entertainment,"April 3, 2018",3.5.5,4.1 and up,Canada
DL Hughley,FAMILY,4.6,12,10M,"1,000+",Free,0,Mature 17+,Entertainment,"March 23, 2018",2.0.4,4.1 and up,Canada
The DL Hughley Show,FAMILY,4.3,23,11M,"5,000+",Free,0,Everyone,Entertainment,"May 29, 2018",3.1.2,5.0 and up,Canada
DL Image Manager,PRODUCTIVITY,5.0,2,1.7M,10+,Paid,$0.99,Everyone,Productivity,"July 29, 2018",1.0.5,4.0 and up,United States
Trimble DL,PRODUCTIVITY,4.2,133,7.9M,"10,000+",Free,0,Everyone,Productivity,"January 12, 2018",1.0.184,4.2 and up,United States
IDM Internet Download Manager,PRODUCTIVITY,3.9,1322,4.2M,"100,000+",Free,0,Everyone,Productivity,"October 25, 2016",1.0.4,4.2 and up,United States
DM Screen,BOOKS_AND_REFERENCE,4.4,283,5.4M,"10,000+",Free,0,Everyone 10+,Books & Reference,"January 12, 2018",1.1.10a,4.0 and up,UNITED KINGDOM
DM for WhatsApp,COMMUNICATION,4.4,25,2.9M,"5,000+",Free,0,Everyone,Communication,"June 3, 2018",0.3.7,4.4 and up,UNITED KINGDOM
Fifth Edition DM Tools,FAMILY,4.1,942,3.0M,"100,000+",Free,0,Everyone,Role Playing,"January 19, 2017",1.14b,3.0 and up,Canada
DM Talk New,COMMUNICATION,,3,4.2M,"5,000+",Free,0,Everyone,Communication,"February 7, 2018",3.8.8,2.2 and up,UNITED KINGDOM
Dungeons and Dragons DM Tools,BOOKS_AND_REFERENCE,3.1,50,4.9M,"1,000+",Paid,$1.99,Everyone,Books & Reference,"February 22, 2017",2.0,2.3 and up,UNITED KINGDOM
DM - The Offical Messaging App,COMMUNICATION,,0,11M,10+,Free,0,Teen,Communication,"December 20, 2017",1.3,4.0.3 and up,UNITED KINGDOM
DM Tracker,COMMUNICATION,3.5,11,5.2M,"1,000+",Free,0,Everyone,Communication,"July 26, 2018",2.0.1,4.3 and up,UNITED KINGDOM
Interactive NPC DM Tool,FAMILY,2.8,5,629k,50+,Paid,$0.99,Everyone,Role Playing,"January 31, 2015",1.0.0,2.3.3 and up,Canada
DM Buddy » Learn Digital Marketing,FAMILY,5.0,3,1.7M,500+,Free,0,Everyone,Education,"July 11, 2017",2.1,4.1 and up,Canada
Shaggy's DM Assistant,PRODUCTIVITY,,0,Varies with device,5+,Free,0,Everyone,Productivity,"January 14, 2018",Varies with device,Varies with device,United States
Ramdor DM Mobile,BUSINESS,,1,23M,100+,Free,0,Everyone,Business,"June 13, 2018",21 - Rel2.0,3.0 and up,United States
Ramdor DM Mobile,BUSINESS,,1,23M,100+,Free,0,Everyone,Business,"June 13, 2018",21 - Rel2.0,3.0 and up,CANADA
Disciple Maker’s (DM) Lab,FAMILY,5.0,3,4.0M,100+,Free,0,Everyone,Education,"August 1, 2018",1.0.5,4.4 and up,Canada
Ultimate DM,FAMILY,,0,Varies with device,10+,Free,0,Everyone,Role Playing,"March 10, 2018",Varies with device,Varies with device,Canada
DN Managed Mobility App,BUSINESS,,0,3.4M,50+,Free,0,Everyone,Business,"July 13, 2018",2.1.2,5.0 and up,United States
DN Managed Mobility App,BUSINESS,,0,3.4M,50+,Free,0,Everyone,Business,"July 13, 2018",2.1.2,5.0 and up,CANADA
DN Events,PRODUCTIVITY,,4,18M,500+,Free,0,Teen,Productivity,"June 7, 2018",7.17.2.0,5.0 and up,United States
DN Employee,FAMILY,5.0,1,3.8M,10+,Free,0,Everyone,Education,"June 25, 2018",1.4,4.4 and up,Canada
DN Advanced Service Coder,BUSINESS,,0,21M,10+,Free,0,Everyone,Business,"June 1, 2018",1.0.0,4.0 and up,United States
DN Advanced Service Coder,BUSINESS,,0,21M,10+,Free,0,Everyone,Business,"June 1, 2018",1.0.0,4.0 and up,CANADA
DN Premium Hookah Lounge,BUSINESS,,1,4.2M,50+,Free,0,Everyone,Business,"October 21, 2015",1.0,2.3 and up,United States
DN Premium Hookah Lounge,BUSINESS,,1,4.2M,50+,Free,0,Everyone,Business,"October 21, 2015",1.0,2.3 and up,CANADA
PlayMotiv dn edition,BUSINESS,,0,28M,500+,Free,0,Everyone,Business,"April 8, 2018",1.0.2,4.1 and up,United States
PlayMotiv dn edition,BUSINESS,,0,28M,500+,Free,0,Everyone,Business,"April 8, 2018",1.0.2,4.1 and up,CANADA
Cossack Dictionary (DN),BOOKS_AND_REFERENCE,,7,2.3M,10+,Paid,$2.99,Teen,Books & Reference,"April 28, 2018",1.0,4.0.3 and up,UNITED KINGDOM
DN Diamonds,BUSINESS,,4,10M,100+,Free,0,Everyone,Business,"July 31, 2018",3.9.17,4.0.3 and up,United States
DN Diamonds,BUSINESS,,4,10M,100+,Free,0,Everyone,Business,"July 31, 2018",3.9.17,4.0.3 and up,CANADA
Writing Wizard Premium - Handwriting,FAMILY,4.1,89,33M,"5,000+",Paid,$4.49,Everyone,Education;Education,"December 3, 2017",2.5.0,4.0.3 and up,Canada
DN Driver,FAMILY,,0,7.5M,5+,Free,0,Everyone,Education,"June 9, 2018",1.0.2,4.1 and up,Canada
D.N. College Meerut,FAMILY,,0,19M,10+,Free,0,Everyone,Education,"March 26, 2018",1.0.0,4.0 and up,Canada
Dragon Nest M,FAMILY,4.6,11872,62M,"100,000+",Free,0,Teen,Role Playing,"July 17, 2018",1.2.0,4.3 and up,Canada
Downtown Mafia: Gang Wars (Mobster Game) Free,FAMILY,4.5,69013,Varies with device,"1,000,000+",Free,0,Teen,Role Playing,"September 2, 2017",Varies with device,Varies with device,Canada
DN Snacks,BUSINESS,,0,7.6M,1+,Free,0,Everyone,Business,"April 9, 2018",1.0.0,4.0 and up,United States
DN Snacks,BUSINESS,,0,7.6M,1+,Free,0,Everyone,Business,"April 9, 2018",1.0.0,4.0 and up,CANADA
Guardian Hunter: SuperBrawlRPG,FAMILY,4.5,364013,27M,"1,000,000+",Free,0,Everyone 10+,Role Playing,"August 6, 2018",14.4.4.00,4.1 and up,Canada
ES Remote,FAMILY,3.3,707,15M,"100,000+",Free,0,Everyone,Entertainment,"November 20, 2014",2.1.1,2.3 and up,Canada
MC.Fitting,PRODUCTIVITY,,130,3.4M,"1,000+",Paid,$8.49,Everyone,Productivity,"May 3, 2017",12.0,1.6 and up,United States
CritDice - Dice Roller,FAMILY,4.7,2910,5.3M,"50,000+",Free,0,Everyone,Entertainment,"October 30, 2016",2.0.0,4.1 and up,Canada
Cursive Writing Wizard - Handwriting,FAMILY,4.0,3745,31M,"1,000,000+",Free,0,Everyone,Education;Education,"December 3, 2017",2.5.0,4.0.3 and up,Canada
WFVS 2018 | WhatApp Full Video Status & Downloader,PRODUCTIVITY,4.3,596,22M,"50,000+",Free,0,Everyone,Productivity,"July 4, 2018",1.3,4.1 and up,United States
Maher EL Mouaikly - Offline,FAMILY,4.6,166,2.6M,"10,000+",Free,0,Everyone,Entertainment,"May 24, 2017",1.1.0,3.1 and up,Canada
Darkness Rises,FAMILY,4.7,456474,86M,"5,000,000+",Free,0,Teen,Role Playing,"July 24, 2018",1.2.0,4.4 and up,Canada
Sword Art Online: Integral Factor,FAMILY,4.0,45359,32M,"1,000,000+",Free,0,Everyone 10+,Role Playing,"July 26, 2018",1.0.9,4.4 and up,Canada
Mahalaxmi Dindarshika 2018,PRODUCTIVITY,4.2,25427,9.2M,"1,000,000+",Free,0,Everyone,Productivity,"January 5, 2018",18.0,4.0 and up,United States
Google Docs,PRODUCTIVITY,4.3,815974,Varies with device,"100,000,000+",Free,0,Everyone,Productivity,"August 6, 2018",Varies with device,Varies with device,United States
"Microsoft To-Do: List, Task & Reminder",PRODUCTIVITY,4.1,14432,16M,"1,000,000+",Free,0,Everyone,Productivity,"July 31, 2018",1.36.82,4.4 and up,United States
"Any.do: To-do list, Calendar, Reminders & Planner",PRODUCTIVITY,4.5,298854,Varies with device,"10,000,000+",Free,0,Everyone,Productivity,"August 5, 2018",Varies with device,Varies with device,United States
PDF Reader - Scan、Edit & Share,BUSINESS,4.3,54520,Varies with device,"10,000,000+",Free,0,Everyone,Business,"July 30, 2018",3.12.4,Varies with device,United States
PDF Reader - Scan、Edit & Share,BUSINESS,4.3,54520,Varies with device,"10,000,000+",Free,0,Everyone,Business,"July 30, 2018",3.12.4,Varies with device,CANADA
Notepad & To do list,PRODUCTIVITY,4.3,226295,4.2M,"10,000,000+",Free,0,Everyone,Productivity,"June 6, 2018",4.3.19,2.3.3 and up,United States
To Do List,PRODUCTIVITY,4.7,253155,3.5M,"5,000,000+",Free,0,Everyone,Productivity,"March 19, 2018",3.0.17,4.0 and up,United States
"Polaris Office - Word, Docs, Sheets, Slide, PDF",PRODUCTIVITY,4.3,549900,60M,"10,000,000+",Free,0,Everyone,Productivity,"July 18, 2018",7.3.30,4.1 and up,United States
Google Keep,PRODUCTIVITY,4.4,691474,Varies with device,"100,000,000+",Free,0,Everyone,Productivity,"August 6, 2018",Varies with device,Varies with device,United States
do,FAMILY,3.1,1073,5.9M,"100,000+",Free,0,Everyone,Strategy,"June 8, 2016",1.0.4,4.0 and up,Canada
Do It Later: Tasks & To-Dos,PRODUCTIVITY,4.5,123412,Varies with device,"50,000,000+",Free,0,Everyone,Productivity,"April 13, 2018",Varies with device,Varies with device,United States
Todoist: To-do lists for task management & errands,PRODUCTIVITY,4.5,155998,12M,"10,000,000+",Free,0,Everyone,Productivity,"August 5, 2018",12.8.2,4.4 and up,United States
To Do Reminder with Alarm,PRODUCTIVITY,4.4,72161,4.9M,"1,000,000+",Free,0,Everyone,Productivity,"March 21, 2018",2.68.14,4.0 and up,United States
To-Do Calendar Planner,PRODUCTIVITY,4.2,30291,Varies with device,"1,000,000+",Free,0,Everyone,Productivity,"May 29, 2018",Varies with device,Varies with device,United States
Wunderlist: To-Do List & Tasks,PRODUCTIVITY,4.6,404610,Varies with device,"10,000,000+",Free,0,Everyone,Productivity,"April 6, 2018",Varies with device,Varies with device,United States
wikiHow: how to do anything,BOOKS_AND_REFERENCE,4.4,43088,3.0M,"1,000,000+",Free,0,Teen,Books & Reference,"April 19, 2017",2.7.3,4.0 and up,UNITED KINGDOM
"Ike - To-Do List, Task List",PRODUCTIVITY,4.6,6320,6.3M,"100,000+",Free,0,Everyone,Productivity,"December 10, 2016",2.0,4.4 and up,United States
"My Effectiveness: To do, Tasks",PRODUCTIVITY,4.6,14089,8.4M,"500,000+",Free,0,Everyone,Productivity,"August 5, 2018",0.21.1,4.1 and up,United States
Do it (Tomorrow),PRODUCTIVITY,4.3,26452,4.0M,"1,000,000+",Free,0,Everyone,Productivity,"November 3, 2014",2.3.5,2.1 and up,United States
Do Not Disturb,PRODUCTIVITY,4.3,6120,1.9M,"100,000+",Free,0,Everyone,Productivity,"November 22, 2017",2.10.1,6.0 and up,United States
To-Do List Widget,PRODUCTIVITY,3.9,7801,201k,"1,000,000+",Free,0,Everyone,Productivity,"September 28, 2013",2.0,1.5 and up,United States
NoteToDo. Notes. To do list,PRODUCTIVITY,4.5,57449,5.0M,"1,000,000+",Free,0,Everyone,Productivity,"August 4, 2018",1.2.187-83,4.0 and up,United States
"Memory Helper - To do list, Notepad, Notes, Memo",PRODUCTIVITY,4.7,7566,4.0M,"500,000+",Free,0,Everyone,Productivity,"July 21, 2018",67,4.1 and up,United States
"2Do - Reminders, To-do List & Notes",PRODUCTIVITY,4.3,4649,30M,"100,000+",Free,0,Everyone,Productivity,"June 19, 2018",2.8.12,5.0 and up,United States
"TickTick: To Do List with Reminder, Day Planner",PRODUCTIVITY,4.6,25370,Varies with device,"1,000,000+",Free,0,Everyone,Productivity,"August 6, 2018",Varies with device,Varies with device,United States
"Notes : Colorful Notepad Note,To Do,Reminder,Memo",LIFESTYLE,4.6,10484,9.0M,"1,000,000+",Free,0,Everyone,Lifestyle,"June 9, 2018",1.4.9,4.1 and up,United States
"Time Planner - Schedule, To-Do List, Time Tracker",PRODUCTIVITY,4.2,2537,8.5M,"500,000+",Free,0,Everyone,Productivity,"January 10, 2018",2.2 (Protostar),4.0 and up,United States
MyLifeOrganized: To-Do List,PRODUCTIVITY,4.3,4441,Varies with device,"100,000+",Free,0,Everyone,Productivity,"June 18, 2018",Varies with device,Varies with device,United States
ColorNote Notepad Notes,PRODUCTIVITY,4.6,2401017,Varies with device,"100,000,000+",Free,0,Everyone,Productivity,"June 27, 2018",Varies with device,Varies with device,United States
Cal - Google Calendar + Widget,PRODUCTIVITY,4.2,86172,13M,"1,000,000+",Free,0,Everyone,Productivity,"February 1, 2016",1.1.7,4.0 and up,United States
"Clean My House – Chore To Do List, Task Scheduler",PRODUCTIVITY,4.1,661,3.4M,"100,000+",Free,0,Everyone,Productivity,"June 21, 2018",2.1.2,4.1 and up,United States
"Goal Meter: Goal Tracker, Habit Changer,To-Do List",PRODUCTIVITY,4.6,7969,20M,"100,000+",Free,0,Everyone,Productivity,"February 6, 2018",2.7.92,4.4 and up,United States
To-do list,PRODUCTIVITY,4.4,688,4.4M,"50,000+",Free,0,Everyone,Productivity,"July 17, 2018",2.22,4.0 and up,United States
Do Not Crash,FAMILY,3.7,56664,8.3M,"1,000,000+",Free,0,Everyone,Casual,"February 5, 2015",1.4,2.3 and up,Canada
Adobe Fill & Sign: Easy PDF Form Filler,PRODUCTIVITY,4.3,11402,5.3M,"1,000,000+",Free,0,Everyone,Productivity,"November 7, 2017",1.3.0,5.0 and up,United States
DO YOU KNOW THE WAY Soundboard,FAMILY,4.5,1007,5.2M,"100,000+",Free,0,Everyone,Entertainment,"July 1, 2018",7.0,4.1 and up,Canada
All Type DP,FAMILY,4.3,1853,5.8M,"500,000+",Free,0,Everyone,Entertainment,"May 10, 2018",1.8,4.0 and up,Canada
DP & Status,FAMILY,4.3,1922,4.7M,"500,000+",Free,0,Everyone,Entertainment,"January 9, 2018",1.13,4.1 and up,Canada
Dp for girls,ART_AND_DESIGN,4.2,175,8.2M,"50,000+",Free,0,Everyone,Art & Design,"May 26, 2017",1.2,4.0.3 and up,United States
DP and Status,FAMILY,4.1,623,3.0M,"100,000+",Free,0,Everyone,Entertainment,"August 11, 2017",1.0.1,3.0 and up,Canada
Best DP and Status (Daily Updates Photos),FAMILY,4.1,3003,3.2M,"1,000,000+",Free,0,Everyone,Entertainment,"May 7, 2018",1.8,4.0 and up,Canada
"Marathi DP - status and message,jokes,Video app",FAMILY,4.3,694,3.8M,"100,000+",Free,0,Everyone,Entertainment,"August 1, 2018",1.6,4.2 and up,Canada
Cute Images for Whatsapp,FAMILY,4.4,634,8.1M,"100,000+",Free,0,Teen,Entertainment,"December 23, 2015",1.0,2.3.3 and up,Canada
Profile Pictures - Best DP Status,FAMILY,4.3,131,5.4M,"50,000+",Free,0,Everyone,Entertainment,"November 29, 2017",1.2.1,4.1 and up,Canada
Best DP and Status - All Type DP & Status,FAMILY,,1,5.7M,100+,Free,0,Everyone,Entertainment,"May 30, 2018",1.0,4.0.3 and up,Canada
DP and Status Images | All Latest Status 2018,LIFESTYLE,4.7,25,3.8M,"10,000+",Free,0,Teen,Lifestyle,"July 22, 2017",1.0,4.0 and up,United States
"100000+ Messages - DP, Status, Jokes & GIF 2018",LIFESTYLE,3.7,121,3.8M,"10,000+",Free,0,Mature 17+,Lifestyle,"December 29, 2017",DPSTATUS1.0.1,4.0.3 and up,United States
Latest DP and Status Pro 2018,FAMILY,4.7,19,5.7M,"1,000+",Free,0,Everyone,Entertainment,"January 5, 2018",1.0.4,4.0.3 and up,Canada
Best DP And Video Status 2018 For Whatsapp,FAMILY,4.2,91,3.8M,"10,000+",Free,0,Everyone,Entertainment,"May 31, 2018",9.0,4.1 and up,Canada
DP Battle,FAMILY,4.5,132,2.5M,"5,000+",Free,0,Everyone,Entertainment,"March 26, 2017",2.0.5,4.0.3 and up,Canada
Faceoff DP Battle App,FAMILY,4.8,38,6.7M,"1,000+",Free,0,Everyone,Entertainment,"June 15, 2018",5.2,4.4 and up,Canada
Name Art DP - Focus n Filter Text 2018,ART_AND_DESIGN,4.3,132,7.7M,"10,000+",Free,0,Everyone,Art & Design,"January 4, 2018",1,4.1 and up,United States
DQ Events,BUSINESS,2.3,41,20M,"10,000+",Free,0,Everyone,Business,"December 20, 2017",1.1,4.0 and up,United States
DQ Events,BUSINESS,2.3,41,20M,"10,000+",Free,0,Everyone,Business,"December 20, 2017",1.1,4.0 and up,CANADA
DRAGON QUEST VIII,FAMILY,4.5,7812,27M,"50,000+",Paid,$19.99,Everyone 10+,Role Playing,"April 4, 2017",1.1.4,4.0 and up,Canada
ODTMobile v4,BUSINESS,4.0,3,16M,"1,000+",Free,0,Everyone,Business,"April 17, 2018",1.10,4.1 and up,United States
ODTMobile v4,BUSINESS,4.0,3,16M,"1,000+",Free,0,Everyone,Business,"April 17, 2018",1.10,4.1 and up,CANADA
DRAGON QUEST III,FAMILY,4.2,1661,63M,"10,000+",Paid,$9.99,Everyone,Role Playing,"March 9, 2018",1.0.5,4.0 and up,Canada
DRAGON QUEST,FAMILY,4.2,9659,30M,"100,000+",Paid,$2.99,Everyone,Role Playing,"March 10, 2017",1.0.7,2.3 and up,Canada
DRAGON QUEST II,FAMILY,4.5,2576,44M,"10,000+",Paid,$4.99,Everyone,Role Playing,"March 9, 2018",1.0.5,4.0 and up,Canada
DRAGON QUEST VI,FAMILY,4.4,3358,17M,"100,000+",Paid,$14.99,Everyone,Role Playing,"August 1, 2018",1.0.4,2.3 and up,Canada
DQT GPS,BUSINESS,4.0,3,6.3M,500+,Free,0,Everyone,Business,"October 5, 2015",1.2,4.2 and up,United States
DQT GPS,BUSINESS,4.0,3,6.3M,500+,Free,0,Everyone,Business,"October 5, 2015",1.2,4.2 and up,CANADA
Taco Bell,LIFESTYLE,3.8,28140,16M,"1,000,000+",Free,0,Everyone,Lifestyle,"July 30, 2018",5.0.4,4.2 and up,United States
CHRONO TRIGGER (Upgrade Ver.),FAMILY,3.8,11250,6.3M,"100,000+",Paid,$9.99,Everyone 10+,Role Playing,"June 12, 2018",2.0.4,4.2 and up,Canada
ODTMobile,BUSINESS,3.4,15,2.7M,"10,000+",Free,0,Everyone,Business,"March 10, 2016",3.2,2.2 and up,United States
ODTMobile,BUSINESS,3.4,15,2.7M,"10,000+",Free,0,Everyone,Business,"March 10, 2016",3.2,2.2 and up,CANADA
FINAL FANTASY DIMENSIONS,FAMILY,4.3,8450,1.1M,"100,000+",Paid,$13.99,Everyone,Role Playing,"March 15, 2017",1.1.3,2.3.3 and up,Canada
RPG Dragon Lapis,FAMILY,4.6,13492,56M,"100,000+",Free,0,Teen,Role Playing,"July 9, 2018",1.1.4g,4.1 and up,Canada
DQSalmaan - A fan made App,FAMILY,4.9,707,6.0M,"10,000+",Free,0,Everyone,Entertainment,"February 4, 2018",1.5,4.1 and up,Canada
Culver's,LIFESTYLE,3.9,1638,4.9M,"100,000+",Free,0,Everyone,Lifestyle,"April 11, 2018",1.20,4.3 and up,United States
Call Blocker & Blacklist,COMMUNICATION,4.0,6,4.2M,"1,000+",Free,0,Everyone,Communication,"July 13, 2018",3.1.0,4.0 and up,UNITED KINGDOM
myGrow,PRODUCTIVITY,4.6,84,23M,"1,000+",Paid,$4.29,Mature 17+,Productivity,"April 29, 2016",2.3.9,3.2 and up,United States
Dr. Truck Driver : Real Truck Simulator 3D,FAMILY,4.1,1626,96M,"100,000+",Free,0,Everyone 10+,Simulation,"July 5, 2018",1.8,4.1 and up,Canada
Dr. Cares - Pet Rescue 911 🐶,FAMILY,4.2,14432,35M,"500,000+",Free,0,Everyone,Casual,"September 21, 2017",1.5,4.0.3 and up,Canada
Dr. Panda Town,FAMILY,4.0,36578,Varies with device,"1,000,000+",Free,0,Everyone,Education;Pretend Play,"August 3, 2018",Varies with device,Varies with device,Canada
Real Car Dr Parking Master: Parking Games 2018,FAMILY,4.2,3345,27M,"1,000,000+",Free,0,Everyone,Simulation,"May 12, 2018",1.0,4.1 and up,Canada
Doctor Kids,FAMILY,4.2,200450,25M,"10,000,000+",Free,0,Everyone,Casual;Pretend Play,"July 26, 2018",1.39,4.1 and up,Canada
Dr. Sudoku,FAMILY,3.5,2310,3.1M,"500,000+",Free,0,Everyone,Puzzle,"January 4, 2018",1.06,4.1 and up,Canada
Dr. Unblock,FAMILY,3.9,3847,4.3M,"1,000,000+",Free,0,Everyone,Puzzle,"January 3, 2018",1.05,4.1 and up,Canada
Dr. Panda Farm,FAMILY,4.1,265,46M,"10,000+",Paid,$2.99,Everyone,Education;Pretend Play,"July 21, 2016",1.0,4.0 and up,Canada
DR.MEEP,FAMILY,4.4,54,33M,500+,Paid,$2.99,Everyone,Puzzle,"June 29, 2018",1.2,4.1 and up,Canada
Dr. Panda Art Class,FAMILY,4.2,1013,58M,"50,000+",Paid,$2.99,Everyone,Education;Creativity,"April 26, 2017",1.7,4.0 and up,Canada
Dr. Panda's Swimming Pool,FAMILY,4.4,2311,9.3M,"100,000+",Paid,$1.99,Everyone,Casual;Pretend Play,"January 15, 2015",1.01,4.0 and up,Canada
Dr. Pixel: Pill mania Classic,FAMILY,4.3,2419,6.2M,"100,000+",Free,0,Everyone,Puzzle,"March 31, 2018",1.2.7,4.0 and up,Canada
Super Dr. Parking 3D,FAMILY,4.0,4518,41M,"1,000,000+",Free,0,Everyone,Simulation,"December 17, 2017",3.3,4.1 and up,Canada
Dr. Panda & Toto's Treehouse,FAMILY,4.4,3397,9.5M,"50,000+",Paid,$3.99,Everyone,Casual;Pretend Play,"December 9, 2014",1.8,4.0 and up,Canada
Dr. Cares - Amy's Pet Clinic 🐈 🐕,FAMILY,4.5,3580,60M,"100,000+",Free,0,Everyone,Casual,"April 30, 2018",1.8,4.4 and up,Canada
Pet Vet Dr - Animals Hospital,FAMILY,3.7,11748,36M,"1,000,000+",Free,0,Teen,Casual,"October 31, 2016",1.3,4.0.3 and up,Canada
Dr.Android Repair Master 2017,PRODUCTIVITY,3.8,1205,4.3M,"100,000+",Free,0,Everyone,Productivity,"June 10, 2018",2,4.0 and up,United States
DR CONTROL,FAMILY,3.4,267,1.5M,"10,000+",Free,0,Everyone,Entertainment,"March 8, 2017",2.1.0,4.0.3 and up,Canada
Dr. Seuss's ABC,FAMILY,4.7,429,12M,"10,000+",Paid,$3.99,Everyone,Books & Reference;Education,"February 26, 2018",2.05,4.0.3 and up,Canada
Dr. Panda Hospital,FAMILY,4.4,1091,45M,"50,000+",Paid,$2.99,Everyone,Education;Pretend Play,"December 5, 2013",1.6,2.0.1 and up,Canada
Dr. Panda Café Freemium,FAMILY,4.1,11788,62M,"1,000,000+",Free,0,Everyone,Educational;Pretend Play,"August 10, 2017",1.01,4.0 and up,Canada
Dr. Panda Ice Cream Truck Free,FAMILY,4.4,23022,80M,"1,000,000+",Free,0,Everyone,Role Playing;Pretend Play,"August 2, 2018",2.16,4.1 and up,Canada
Dr. Doug's Tips,BOOKS_AND_REFERENCE,4.0,22,34M,"1,000+",Free,0,Everyone,Books & Reference,"September 1, 2016",1.1,2.3 and up,UNITED KINGDOM
Dr. 2048,FAMILY,3.9,1985,3.5M,"500,000+",Free,0,Everyone,Puzzle,"December 30, 2017",1.05,4.1 and up,Canada
Dr. Panda Restaurant 2,FAMILY,4.3,3725,67M,"100,000+",Paid,$2.99,Everyone,Educational;Pretend Play,"February 17, 2016",1.96,4.0 and up,Canada
Dr. Panda Supermarket,FAMILY,4.2,1357,58M,"50,000+",Paid,$2.99,Everyone,Educational;Pretend Play,"February 16, 2016",1.6,4.0 and up,Canada
DR Sebi's Alkaline List,FAMILY,4.0,68,5.5M,"5,000+",Free,0,Everyone,Education,"April 5, 2017",0.1,2.3 and up,Canada
DS file,PRODUCTIVITY,4.1,10676,12M,"1,000,000+",Free,0,Everyone,Productivity,"May 23, 2018",4.11.0,4.1 and up,United States
DS note,PRODUCTIVITY,3.9,2046,60M,"100,000+",Free,0,Everyone,Productivity,"June 11, 2018",1.10.1,4.4 and up,United States
DS cam,PRODUCTIVITY,3.6,3227,35M,"500,000+",Free,0,Everyone,Productivity,"July 26, 2018",3.0.1,4.1 and up,United States
Synology Drive,PRODUCTIVITY,3.2,368,Varies with device,"100,000+",Free,0,Everyone,Productivity,"August 2, 2018",Varies with device,5.0 and up,United States
DS Helpdesk Plus,BUSINESS,3.6,21,Varies with device,100+,Paid,$12.99,Everyone,Business,"January 30, 2017",Varies with device,Varies with device,United States
DS Helpdesk Plus,BUSINESS,3.6,21,Varies with device,100+,Paid,$12.99,Everyone,Business,"January 30, 2017",Varies with device,Varies with device,CANADA
DS,FAMILY,4.9,15,23M,100+,Free,0,Everyone,Casual,"January 19, 2016",1,2.3 and up,Canada
Ability DS UNO,PRODUCTIVITY,,3,2.3M,50+,Paid,$2.60,Everyone,Productivity,"May 19, 2014",1.0,1.5 and up,United States
DS-Admin,FAMILY,,1,21M,10+,Free,0,Everyone,Education,"March 5, 2018",2.0,4.2 and up,Canada
DS-11 form,BUSINESS,,3,28M,100+,Free,0,Everyone,Business,"April 27, 2018",1.7.7,4.1 and up,United States
DS-11 form,BUSINESS,,3,28M,100+,Free,0,Everyone,Business,"April 27, 2018",1.7.7,4.1 and up,CANADA
SmartCircle Remote DS,BUSINESS,,2,1.6M,500+,Free,0,Everyone,Business,"May 22, 2018",2.983,5.0 and up,United States
SmartCircle Remote DS,BUSINESS,,2,1.6M,500+,Free,0,Everyone,Business,"May 22, 2018",2.983,5.0 and up,CANADA
MegaN64 (N64 Emulator),FAMILY,4.6,877576,12M,"10,000,000+",Free,0,Everyone,Casual,"May 14, 2016",6.0,2.0 and up,Canada
DS-20000S,PRODUCTIVITY,1.8,12,14M,"1,000+",Free,0,Everyone,Productivity,"August 3, 2018",1.2.2,4.1 and up,United States
DS Vision,BUSINESS,,0,38M,5+,Free,0,Everyone,Business,"May 21, 2018",1.2,4.1 and up,United States
DS Vision,BUSINESS,,0,38M,5+,Free,0,Everyone,Business,"May 21, 2018",1.2,4.1 and up,CANADA
Learn DS [BETA],FAMILY,4.3,9,5.0M,500+,Free,0,Everyone,Education,"February 12, 2017",0.5,4.0 and up,Canada
DS - xR,BUSINESS,,2,1.4M,10+,Free,0,Everyone,Business,"November 21, 2017",1.0,4.4 and up,United States
DS - xR,BUSINESS,,2,1.4M,10+,Free,0,Everyone,Business,"November 21, 2017",1.0,4.4 and up,CANADA
DS-Students,FAMILY,4.8,5,8.4M,100+,Free,0,Everyone,Education,"July 3, 2018",2.0,4.1 and up,Canada
DS-82 form,BUSINESS,,1,28M,100+,Free,0,Everyone,Business,"April 27, 2018",1.7.7,4.1 and up,United States
DS-82 form,BUSINESS,,1,28M,100+,Free,0,Everyone,Business,"April 27, 2018",1.7.7,4.1 and up,CANADA
DT,LIFESTYLE,,0,8.9M,100+,Free,0,Everyone,Lifestyle,"July 24, 2018",7.2.2,4.1 and up,United States
DT Manager,PRODUCTIVITY,4.0,9,3.1M,500+,Free,0,Everyone,Productivity,"May 21, 2015",1.7,2.3 and up,United States
Real Sheet ∞: Pathfinder + DT,FAMILY,3.5,2,22M,50+,Paid,$2.99,Everyone,Role Playing,"March 20, 2017",1.1,4.2 and up,Canada
DT-CAM,FAMILY,,6,9.9M,"1,000+",Free,0,Everyone,Entertainment,"July 29, 2017",1.3,2.2 and up,Canada
DT Fieldlink,BUSINESS,3.0,2,49M,500+,Free,0,Everyone,Business,"September 19, 2017",2.1.1,4.1 and up,United States
DT Fieldlink,BUSINESS,3.0,2,49M,500+,Free,0,Everyone,Business,"September 19, 2017",2.1.1,4.1 and up,CANADA
DT Driving Test Theory,FAMILY,4.6,477,1.6M,"10,000+",Free,0,Everyone,Education,"February 22, 2018",1.1,4.0.3 and up,Canada
Truck Simulator DT 3D,FAMILY,3.8,110,22M,"5,000+",Free,0,Everyone,Simulation,"April 23, 2017",1.0.6,2.3 and up,Canada
Bloons TD 5,FAMILY,4.6,190086,94M,"1,000,000+",Paid,$2.99,Everyone,Strategy,"July 13, 2018",3.16,2.3.3 and up,Canada
WPBS-DT,FAMILY,5.0,3,6.3M,500+,Free,0,Everyone,Entertainment,"April 3, 2015",4.1.1,2.3.3 and up,Canada
ReadyOp DT,COMMUNICATION,4.6,8,1.1M,"1,000+",Free,0,Everyone,Communication,"July 6, 2018",1.0.56,2.3.3 and up,UNITED KINGDOM
DT-VR,FAMILY,3.8,25,9.5M,"1,000+",Free,0,Everyone,Entertainment,"August 9, 2016",1.2,2.2 and up,Canada
Dt Tracking,AUTO_AND_VEHICLES,4.0,4,24M,100+,Free,0,Everyone,Auto & Vehicles,"October 28, 2016",0.20,4.0 and up,United States
PAY DT,BUSINESS,,0,5.3M,1+,Free,0,Everyone,Business,"February 6, 2018",1.1.0,4.0 and up,United States
PAY DT,BUSINESS,,0,5.3M,1+,Free,0,Everyone,Business,"February 6, 2018",1.1.0,4.0 and up,CANADA
Test Application DT 02,ART_AND_DESIGN,,0,1.2M,0+,Free,0,Everyone,Art & Design,"March 14, 2017",4.0,4.2 and up,United States
DT Practice,BUSINESS,,6,5.7M,500+,Free,0,Everyone,Business,"October 6, 2017",1.1.0,4.4 and up,United States
DT Practice,BUSINESS,,6,5.7M,500+,Free,0,Everyone,Business,"October 6, 2017",1.1.0,4.4 and up,CANADA
DT Freight,PRODUCTIVITY,,0,54M,1+,Free,0,Everyone,Productivity,"November 29, 2017",8.0,4.0.3 and up,United States
The Secret Daily Teachings,LIFESTYLE,4.3,206,32M,"1,000+",Paid,$4.99,Everyone,Lifestyle,"February 11, 2018",14.0,4.0.3 and up,United States
Spring flowers theme couleurs d t space,ART_AND_DESIGN,5.0,1,2.9M,100+,Free,0,Everyone,Art & Design,"April 18, 2018",1.0.2,4.0 and up,United States
du app,LIFESTYLE,3.5,7578,25M,"1,000,000+",Free,0,Everyone,Lifestyle,"July 24, 2018",3.98,4.2 and up,United States
DU Browser—Browse fast & fun,COMMUNICATION,4.3,1133539,4.7M,"10,000,000+",Free,0,Everyone,Communication,"April 1, 2016",6.4.0.4,4.0 and up,UNITED KINGDOM
Caller ID & Call Block - DU Caller,COMMUNICATION,4.6,93930,14M,"5,000,000+",Free,0,Everyone,Communication,"August 1, 2018",4.0.8,4.2 and up,UNITED KINGDOM
du View,FAMILY,3.8,935,22M,"50,000+",Free,0,Teen,Entertainment,"March 26, 2018",6.4.1,4.3 and up,Canada
Du Chinese – Mandarin Lessons,FAMILY,4.8,3390,9.2M,"100,000+",Free,0,Everyone,Education,"October 3, 2017",1.5.0,4.1 and up,Canada
Hadith du jour,FAMILY,4.4,276,Varies with device,"50,000+",Free,0,Everyone,Education,"March 22, 2016",Varies with device,Varies with device,Canada
Bible du Semeur-BDS (French),BOOKS_AND_REFERENCE,4.5,313,6.9M,"50,000+",Free,0,Everyone,Books & Reference,"August 4, 2018",0.7,1.0 and up,UNITED KINGDOM
La citadelle du musulman,BOOKS_AND_REFERENCE,4.5,314,9.8M,"50,000+",Free,0,Everyone,Books & Reference,"March 17, 2016",2.10,2.3.3 and up,UNITED KINGDOM
Voyance du pyromancien,FAMILY,,22,16M,"5,000+",Free,0,Everyone,Entertainment,"July 13, 2018",1.0.3,4.1 and up,Canada
Clean My Android,PRODUCTIVITY,4.7,101163,6.2M,"5,000,000+",Free,0,Everyone,Productivity,"July 31, 2018",1.4.5.2,4.1 and up,United States
Citation du Jour - Motivation,FAMILY,4.1,321,914k,"100,000+",Free,0,Everyone,Education,"February 14, 2015",1.0,2.2 and up,Canada
La Poupée du Voyant,FAMILY,4.4,265,8.2M,"50,000+",Free,0,Everyone,Entertainment,"January 6, 2017",1.0.0,4.1 and up,Canada
Star Chart,FAMILY,4.3,128808,Varies with device,"10,000,000+",Free,0,Everyone,Education;Education,"August 2, 2018",Varies with device,Varies with device,Canada
APUS Booster - Space Cleaner & Booster,PRODUCTIVITY,4.6,1048766,13M,"10,000,000+",Free,0,Everyone,Productivity,"August 3, 2018",2.6.28,4.0.3 and up,United States
Officiel du SCRABBLE LAROUSSE,BOOKS_AND_REFERENCE,3.4,116,48M,"5,000+",Paid,$4.60,Everyone,Books & Reference,"October 13, 2016",1.4,2.3 and up,UNITED KINGDOM
Proverbes du monde,FAMILY,,38,2.8M,"10,000+",Free,0,Everyone,Entertainment,"March 12, 2018",1.1.2.0,1.6 and up,Canada
Sports DV,LIFESTYLE,2.1,86,29M,"10,000+",Free,0,Everyone,Lifestyle,"July 17, 2018",3.0.3,4.3 and up,United States
Mini DV,AUTO_AND_VEHICLES,3.5,12,19M,"5,000+",Free,0,Everyone,Auto & Vehicles,"May 29, 2018",1.27,4.0 and up,United States
DV-2019 Results,FAMILY,4.3,158,2.6M,"10,000+",Free,0,Everyone,Entertainment,"June 14, 2018",17.0,4.0 and up,Canada
DV-LOTTERY 2019 REGISTRATION,FAMILY,4.5,97,2.6M,"10,000+",Free,0,Everyone,Entertainment,"January 20, 2018",3.0,4.0 and up,Canada
DV 2019 Entry Guide,BOOKS_AND_REFERENCE,4.5,92,5.1M,"10,000+",Free,0,Everyone,Books & Reference,"October 18, 2017",2.0.0,4.1 and up,UNITED KINGDOM
DV 2019 - EDV Photo & Form,BOOKS_AND_REFERENCE,3.9,314,2.6M,"50,000+",Free,0,Everyone,Books & Reference,"October 24, 2016",6.0.0,4.0.3 and up,UNITED KINGDOM
DV-2019 PHOTO TOOL,FAMILY,4.3,21,2.5M,"1,000+",Free,0,Everyone,Entertainment,"January 20, 2018",5.0,4.0 and up,Canada
DV ASSIST,FAMILY,5.0,1,18M,100+,Free,0,Everyone,Education,"August 2, 2018",1.0,4.4 and up,Canada
DV Lottery Simulator,FAMILY,4.6,13,1.3M,"1,000+",Free,0,Everyone,Entertainment,"October 20, 2016",1.1,4.1 and up,Canada
U.S.A DV Lottery Process,FAMILY,4.5,8,1.7M,"1,000+",Free,0,Everyone,Education,"March 12, 2017",1.0,4.1 and up,Canada
DV 2018 Winners Guide,BOOKS_AND_REFERENCE,4.8,11,608k,"1,000+",Free,0,Everyone,Books & Reference,"July 23, 2017",1.09,4.2 and up,UNITED KINGDOM
DV-2019 UK/British,FAMILY,4.6,166,4.2M,"5,000+",Free,0,Everyone,Entertainment,"March 11, 2018",3.0,4.0 and up,Canada
DV Youth,LIFESTYLE,5.0,5,15M,100+,Free,0,Everyone,Lifestyle,"April 25, 2016",1.2,4.0.3 and up,United States
DV Web Design Tips,PRODUCTIVITY,,1,5.1M,10+,Free,0,Teen,Productivity,"October 26, 2017",1.0.0,4.1 and up,United States
BlueDV AMBE,COMMUNICATION,,0,Varies with device,"1,000+",Free,0,Everyone,Communication,"May 23, 2018",Varies with device,Varies with device,UNITED KINGDOM
"DW Learn German - A1, A2, B1 and placement test",FAMILY,4.3,902,1.8M,"100,000+",Free,0,Everyone,Education,"September 28, 2017",1.0,4.4 and up,Canada
DW Mobile,BUSINESS,2.7,33,Varies with device,"10,000+",Free,0,Everyone,Business,"January 23, 2018",Varies with device,Varies with device,United States
DW Mobile,BUSINESS,2.7,33,Varies with device,"10,000+",Free,0,Everyone,Business,"January 23, 2018",Varies with device,Varies with device,CANADA
DW Spectrum™ IPVMS Mobile,BUSINESS,4.0,44,30M,"10,000+",Free,0,Everyone,Business,"June 19, 2018",18.1.18164,4.1 and up,United States
DW Spectrum™ IPVMS Mobile,BUSINESS,4.0,44,30M,"10,000+",Free,0,Everyone,Business,"June 19, 2018",18.1.18164,4.1 and up,CANADA
DW Contacts & Phone & Dialer,COMMUNICATION,4.3,21186,10M,"1,000,000+",Free,0,Everyone,Communication,"August 4, 2018",Varies with device,Varies with device,UNITED KINGDOM
Learn German: Die Bienenretter,FAMILY,4.0,25,79M,"5,000+",Free,0,Everyone,Educational;Education,"July 26, 2017",1.0.5,2.3 and up,Canada
DW Spectrum™ IP VMS,BUSINESS,3.4,102,2.4M,"10,000+",Free,0,Everyone,Business,"April 14, 2016",2.5.0-prod,2.2 and up,United States
DW Spectrum™ IP VMS,BUSINESS,3.4,102,2.4M,"10,000+",Free,0,Everyone,Business,"April 14, 2016",2.5.0-prod,2.2 and up,CANADA
DW Audio,FAMILY,4.9,38,5.0M,"1,000+",Free,0,Everyone,Education,"June 16, 2017",0.9.0,4.1 and up,Canada
German Listening,FAMILY,4.8,18298,8.0M,"500,000+",Free,0,Everyone,Education,"July 23, 2018",2.94,2.3.3 and up,Canada
Deaf World DW,COMMUNICATION,4.3,298,Varies with device,"10,000+",Free,0,Teen,Communication,"November 28, 2017",Varies with device,4.1 and up,UNITED KINGDOM
DW Witness,BUSINESS,4.0,6,3.5M,500+,Free,0,Everyone,Business,"May 14, 2018",1.1.2,5.0 and up,United States
DW Witness,BUSINESS,4.0,6,3.5M,500+,Free,0,Everyone,Business,"May 14, 2018",1.1.2,5.0 and up,CANADA
Fahrschule DW,FAMILY,,5,3.9M,"1,000+",Free,0,Everyone,Education,"April 19, 2016",1.2,2.2 and up,Canada
DW Tech Tools,BUSINESS,,1,5.9M,100+,Free,0,Everyone,Business,"July 24, 2018",26.1,4.1 and up,United States
DW Tech Tools,BUSINESS,,1,5.9M,100+,Free,0,Everyone,Business,"July 24, 2018",26.1,4.1 and up,CANADA
DW Security,BUSINESS,5.0,6,15M,100+,Free,0,Everyone,Business,"July 25, 2018",69.1,4.1 and up,United States
DW Security,BUSINESS,5.0,6,15M,100+,Free,0,Everyone,Business,"July 25, 2018",69.1,4.1 and up,CANADA
ZAK DW,BUSINESS,,0,3.0M,10+,Free,0,Teen,Business,"November 13, 2015",1.0,4.1 and up,United States
ZAK DW,BUSINESS,,0,3.0M,10+,Free,0,Teen,Business,"November 13, 2015",1.0,4.1 and up,CANADA
VMAX IP Plus Mobile Client,BUSINESS,2.0,9,3.4M,"1,000+",Free,0,Everyone,Business,"June 9, 2017",1.1.12,2.3 and up,United States
VMAX IP Plus Mobile Client,BUSINESS,2.0,9,3.4M,"1,000+",Free,0,Everyone,Business,"June 9, 2017",1.1.12,2.3 and up,CANADA
White Classic Petite Watch Theme for DW,LIFESTYLE,,2,3.0M,500+,Free,0,Everyone,Lifestyle,"July 24, 2018",1.1.1,4.0 and up,United States
Across Age DX,FAMILY,3.8,5964,48M,"500,000+",Free,0,Teen,Role Playing,"January 9, 2015",1.1.0,2.2 and up,Canada
ZOOKEEPER DX TouchEdition,FAMILY,4.2,3195,4.6M,"100,000+",Paid,$0.99,Everyone,Puzzle,"November 26, 2015",1.2.7,2.1 and up,Canada
Ham DX Cluster & Spots Finder,COMMUNICATION,4.5,115,2.8M,"5,000+",Free,0,Everyone,Communication,"July 15, 2016",1.4.4,4.1 and up,UNITED KINGDOM
DX Alerts,LIFESTYLE,4.5,22,23M,"1,000+",Free,0,Everyone,Lifestyle,"July 19, 2016",2.0,4.0.3 and up,United States
Piczle Lines DX,FAMILY,4.6,281,26M,"5,000+",Free,0,Everyone,Puzzle,"April 15, 2018",1.4.6,4.0 and up,Canada
3DAnimeGirl DX DreamPortrait KAWAII Girl DressUp,FAMILY,4.2,449,56M,"10,000+",Free,0,Teen,Casual,"February 16, 2018",1.5,4.0 and up,Canada
Bubble Shooter DX,FAMILY,4.2,636,4.0M,"100,000+",Free,0,Everyone,Casual,"June 21, 2018",1.21,4.0.3 and up,Canada
Age of Procreation DX,FAMILY,4.3,1894,40M,"100,000+",Free,0,Mature 17+,Simulation,"April 22, 2016",1.441,2.3 and up,Canada
Chronolink DX,FAMILY,5.0,7,73M,10+,Paid,$0.99,Everyone,Puzzle,"July 6, 2017",1.2,4.1 and up,Canada
DX Simulation for OOO Dx Belt,FAMILY,4.6,67,31M,"10,000+",Free,0,Everyone,Simulation,"August 4, 2018",1.7,4.1 and up,Canada
Tricky Bike Stunt Rider DX,FAMILY,4.4,16,45M,500+,Free,0,Everyone,Simulation;Education,"July 29, 2018",1.1.1,4.0 and up,Canada
DX Gashacon Sword for Ex-Aid Henshin,FAMILY,,17,42M,"1,000+",Free,0,Everyone,Simulation,"July 14, 2018",1.0,4.1 and up,Canada
DX Simulation Belt for Build henshin,FAMILY,4.5,182,39M,"10,000+",Free,0,Everyone,Simulation,"July 11, 2018",2.0,4.1 and up,Canada
DX Simulation for Kabuto Henshin Belt 2018,FAMILY,4.6,14,7.2M,"5,000+",Free,0,Everyone,Simulation,"August 6, 2018",1.5,4.0.3 and up,Canada
DX Simulation for Decade Henshin Belt 2018,FAMILY,,23,10M,"5,000+",Free,0,Everyone,Simulation,"August 6, 2018",1.6,4.0 and up,Canada
Elemental Galaxy Dx - Match3,FAMILY,4.0,127,14M,"10,000+",Free,0,Everyone,Puzzle,"March 11, 2014",1.0.9,2.2 and up,Canada
DX Simulation for Double Dx Henshin Belt 2018,FAMILY,4.6,33,11M,"5,000+",Free,0,Everyone,Simulation,"August 6, 2018",1.5,4.0.3 and up,Canada
Mircules DX Cluster Lite,COMMUNICATION,4.5,51,21M,"5,000+",Free,0,Everyone,Communication,"May 10, 2016",3.0,4.1 and up,UNITED KINGDOM
DX Simulation Belt for Decade henshin,FAMILY,4.5,64,32M,"5,000+",Free,0,Everyone,Simulation,"July 27, 2018",3.0,4.1 and up,Canada
Chronolink DX Lite,FAMILY,,2,47M,10+,Free,0,Everyone,Puzzle,"October 9, 2017",1,4.1 and up,Canada
Bubble Shooter DX AdFree,FAMILY,,1,2.1M,50+,Paid,$2.99,Everyone,Casual,"May 31, 2016",1.02,2.3 and up,Canada
iCluster - The DX-Cluster database,COMMUNICATION,,0,17M,10+,Paid,$0.99,Everyone,Communication,"July 26, 2018",1.7,6.0 and up,UNITED KINGDOM
Dress Up RagazzA13 DX,FAMILY,3.5,13,42M,100+,Paid,$0.99,Everyone,Simulation,"September 16, 2016",1.0.5,4.0.3 and up,Canada
DX Simulation for X-aid Dx Belt,FAMILY,4.0,35,48M,"5,000+",Free,0,Everyone,Simulation,"August 4, 2018",1.6,4.1 and up,Canada
Unstoppaball DX,FAMILY,4.2,5,40M,50+,Paid,$1.49,Everyone,Puzzle,"May 20, 2014",1.7,2.0.1 and up,Canada
Sokoban Land DX,FAMILY,3.9,46,20M,"10,000+",Paid,$2.99,Everyone,Puzzle,"January 29, 2018",1.0.6,2.3 and up,Canada
Dx Ludo,FAMILY,3.6,215,2.6M,"50,000+",Free,0,Everyone,Puzzle,"April 18, 2011",1.0,2.1 and up,Canada
My Dy Dice - 3D Dice Roller,LIFESTYLE,4.2,9,22M,100+,Free,0,Everyone,Lifestyle,"September 20, 2016",1.01,4.1 and up,United States
Dy So Exam,FAMILY,3.0,6,3.2M,"1,000+",Free,0,Everyone,Education,"July 3, 2017",1.0,2.3 and up,Canada
Dr. D. Y. Patil Vidyapeeth GBS,FAMILY,4.0,3,5.3M,100+,Free,0,Everyone,Education,"February 14, 2017",1.0.1702140017,4.1 and up,Canada
KPS CHAUHAN DY/DX,FAMILY,4.9,37,10M,100+,Free,0,Everyone,Education,"July 28, 2018",1.0.32.1,4.1 and up,Canada
dy n fly,LIFESTYLE,,1,4.8M,50+,Free,0,Everyone,Lifestyle,"March 5, 2018",1.0.3,4.0 and up,United States
DY TECHNICAL GYAN,BUSINESS,4.0,2,3.3M,10+,Free,0,Everyone,Business,"January 17, 2018",1.1.0,4.0 and up,United States
DY TECHNICAL GYAN,BUSINESS,4.0,2,3.3M,10+,Free,0,Everyone,Business,"January 17, 2018",1.1.0,4.0 and up,CANADA
JONACK (D Story Teller),FAMILY,4.4,152,1.2M,"10,000+",Free,0,Everyone,Entertainment,"November 28, 2015",1.0,2.2 and up,Canada
Guardians of Ancora,FAMILY,4.4,969,26M,"50,000+",Free,0,Everyone,Educational;Action & Adventure,"July 20, 2018",2.9.1,2.3.3 and up,Canada
Train Sim Pro,FAMILY,4.0,1763,Varies with device,"10,000+",Paid,$1.49,Everyone,Simulation;Pretend Play,"June 25, 2018",3.9.9,4.1 and up,Canada
Truck Transport Raw Material,FAMILY,4.2,632,50M,"100,000+",Free,0,Everyone,Simulation,"July 20, 2018",1.4,4.1 and up,Canada
DYPhyzio-Physiology Forum,FAMILY,,4,1.3M,100+,Free,0,Everyone,Education,"August 22, 2017",1.1,4.1 and up,Canada
DYPSOET,FAMILY,5.0,8,7.4M,50+,Free,0,Everyone,Education,"August 7, 2018",1.0.2,4.1 and up,Canada
Triceratops - Dino Robot,FAMILY,4.4,3032,30M,"1,000,000+",Free,0,Everyone,Casual,"December 18, 2017",1.2.3,4.0 and up,Canada
Differential Equations Steps,FAMILY,3.6,1185,3.9M,"100,000+",Free,0,Everyone,Education,"April 11, 2017",5.3.0,4.0.3 and up,Canada
Dz Dinars Numbers to letters,PRODUCTIVITY,4.7,2807,9.8M,"100,000+",Free,0,Everyone,Productivity,"December 15, 2016",0.74 11.12.2016,4.0.3 and up,United States
DZ Puzzle,FAMILY,,14,47M,10+,Paid,$0.99,Everyone,Puzzle,"April 22, 2017",1.2,2.3 and up,Canada
3G DZ Configuration,COMMUNICATION,4.3,488,2.5M,"50,000+",Free,0,Everyone,Communication,"November 19, 2015",6.2.3,3.0 and up,UNITED KINGDOM
Numbers Into Words,PRODUCTIVITY,4.4,457,562k,"50,000+",Free,0,Everyone,Productivity,"May 6, 2014",1.2,2.1 and up,United States
لعبة تقدر تربح DZ,FAMILY,4.2,238,6.8M,"10,000+",Free,0,Everyone,Education,"November 18, 2016",6.0.0.0,4.1 and up,Canada
chat dz,COMMUNICATION,5.0,8,29M,100+,Free,0,Teen,Communication,"March 14, 2018",1.0,4.1 and up,UNITED KINGDOM
BAC DZ Questionnaire,FAMILY,4.0,38,Varies with device,"5,000+",Free,0,Everyone,Education,"May 25, 2018",Varies with device,Varies with device,Canada
ONEC DZ,FAMILY,,40,3.1M,"1,000+",Free,0,Everyone,Education,"June 13, 2018",4.0,4.0.3 and up,Canada
Agent HQ for The Division,FAMILY,4.1,1060,2.5M,"100,000+",Free,0,Everyone,Entertainment,"February 17, 2018",0.35,4.0.3 and up,Canada
DZ Urgences,FAMILY,,16,1.6M,500+,Free,0,Everyone,Education,"December 21, 2016",2.0,4.0 and up,Canada
love sms good morning,COMMUNICATION,4.2,10,3.1M,"5,000+",Free,0,Everyone,Communication,"April 28, 2016",1.0,2.3 and up,UNITED KINGDOM
DZ Blagues,FAMILY,4.2,580,2.1M,"10,000+",Free,0,Everyone,Entertainment,"December 19, 2012",1.3,2.1 and up,Canada
DZ Register,PRODUCTIVITY,,0,18M,1+,Free,0,Everyone,Productivity,"July 31, 2018",1.0.6,4.1 and up,United States
Real Racing 3,FAMILY,4.5,354454,71M,"10,000,000+",Free,0,Everyone,Racing;Action & Adventure,"July 2, 2018",6.4.0,4.1 and up,Canada
Madden NFL Football,FAMILY,4.5,1455952,Varies with device,"10,000,000+",Free,0,Everyone,Sports;Action & Adventure,"May 15, 2018",4.3.6,4.0 and up,Canada
The Simpsons™: Tapped Out,FAMILY,4.3,636995,49M,"10,000,000+",Free,0,Teen,Casual,"July 31, 2018",4.34.0,4.0.3 and up,Canada
Plants vs. Zombies™ 2,FAMILY,4.4,567632,15M,"10,000,000+",Free,0,Everyone 10+,Casual,"June 12, 2018",6.8.1,4.1 and up,Canada
Command & Conquer: Rivals,FAMILY,,0,Varies with device,0,,0,Everyone 10+,Strategy,"June 28, 2018",Varies with device,Varies with device,Canada
Star Wars™: Galaxy of Heroes,FAMILY,4.5,1461698,67M,"10,000,000+",Free,0,Everyone 10+,Role Playing,"May 21, 2018",0.12.334385,4.1 and up,Canada
Dungeon Keeper,FAMILY,4.0,69574,45M,"500,000+",Free,0,Everyone 10+,Strategy,"May 24, 2018",1.8.91,4.1 and up,Canada
TETRIS,FAMILY,4.0,199808,57M,"10,000,000+",Free,0,Everyone,Puzzle,"June 14, 2018",3.0.10,3.0 and up,Canada
Bejeweled Classic,FAMILY,4.4,203101,Varies with device,"5,000,000+",Free,0,Everyone,Casual,"May 31, 2018",Varies with device,4.1 and up,Canada
NBA JAM by EA SPORTS™,FAMILY,4.3,56444,43M,"500,000+",Paid,$4.99,Everyone,Sports;Action & Adventure,"February 8, 2017",04.00.40,2.3 and up,Canada
TETRIS Blitz,FAMILY,4.4,201631,96M,"5,000,000+",Free,0,Everyone,Puzzle,"June 1, 2018",4.4.4,4.1 and up,Canada
POGO Games,FAMILY,3.8,32600,26M,"1,000,000+",Free,0,Everyone,Casual,"February 22, 2017",1.4.10,4.1 and up,Canada
SW Battlefront Companion,FAMILY,4.4,93870,79M,"1,000,000+",Free,0,Everyone,Strategy,"February 3, 2016",1.0.6,4.0 and up,Canada
Bejeweled Blitz,FAMILY,4.2,222664,98M,"10,000,000+",Free,0,Everyone,Puzzle,"August 1, 2018",2.6.0.125,4.0.3 and up,Canada
Bejeweled Stars: Free Match 3,FAMILY,4.5,85484,Varies with device,"1,000,000+",Free,0,Everyone,Puzzle;Brain Games,"August 2, 2018",2.17.1,4.1 and up,Canada
Plants vs. Zombies™ Watch Face,FAMILY,3.5,33178,3.1M,"1,000,000+",Free,0,Everyone,Casual,"February 2, 2015",1.0.5,4.3 and up,Canada
Typical EA Game,FAMILY,4.6,33,3.3M,100+,Free,0,Everyone,Casual,"November 18, 2017",1.0,4.0 and up,Canada
EB Mobile,FAMILY,1.7,1172,5.6M,"10,000+",Free,0,Everyone,Education,"October 9, 2017",1.1.2,4.1 and up,Canada
EB-Link,BUSINESS,4.8,6,11M,100+,Free,0,Everyone,Business,"June 7, 2018",1.2.7,4.2 and up,United States
EB-Link,BUSINESS,4.8,6,11M,100+,Free,0,Everyone,Business,"June 7, 2018",1.2.7,4.2 and up,CANADA
Debra Care Conference,BUSINESS,,0,30M,50+,Free,0,Everyone,Business,"June 15, 2018",5.29.02,5.0 and up,United States
Debra Care Conference,BUSINESS,,0,30M,50+,Free,0,Everyone,Business,"June 15, 2018",5.29.02,5.0 and up,CANADA
TANGEDCO Mobile App (Official),BUSINESS,3.3,2915,3.3M,"500,000+",Free,0,Everyone,Business,"November 3, 2017",1.0.2,4.4 and up,United States
TANGEDCO Mobile App (Official),BUSINESS,3.3,2915,3.3M,"500,000+",Free,0,Everyone,Business,"November 3, 2017",1.0.2,4.4 and up,CANADA
EB Kit,BUSINESS,,4,5.2M,100+,Free,0,Everyone,Business,"May 15, 2018",1.2,4.1 and up,United States
EB Kit,BUSINESS,,4,5.2M,100+,Free,0,Everyone,Business,"May 15, 2018",1.2,4.1 and up,CANADA
Epson iProjection,PRODUCTIVITY,3.5,3930,18M,"1,000,000+",Free,0,Everyone,Productivity,"March 22, 2018",3.0.0,4.0 and up,United States
EB Scanner,PRODUCTIVITY,5.0,9,25M,50+,Free,0,Everyone,Productivity,"February 11, 2018",1.7.8,4.0.3 and up,United States
EB Demo for Android,FAMILY,,0,13M,10+,Free,0,Teen,Entertainment,"May 17, 2017",1.0,4.1 and up,Canada
EB Annual Meetings,BOOKS_AND_REFERENCE,3.5,11,15M,"1,000+",Free,0,Everyone,Books & Reference,"April 13, 2018",9.4.7.6,4.0 and up,UNITED KINGDOM
EB Remote Deposit,BUSINESS,,0,9.0M,10+,Free,0,Everyone,Business,"May 10, 2018",5.1,4.1 and up,United States
EB Remote Deposit,BUSINESS,,0,9.0M,10+,Free,0,Everyone,Business,"May 10, 2018",5.1,4.1 and up,CANADA
বাংলাflix,FAMILY,4.2,1111,7.3M,"100,000+",Free,0,Everyone,Entertainment,"June 5, 2018",3.6.1,4.1 and up,Canada
EB Experience,LIFESTYLE,,0,1.8M,1+,Free,0,Everyone,Lifestyle,"October 19, 2017",1.0,4.0.3 and up,United States
TNEB,BUSINESS,3.8,1777,948k,"100,000+",Free,0,Everyone,Business,"May 18, 2014",1.0,2.2 and up,United States
TNEB,BUSINESS,3.8,1777,948k,"100,000+",Free,0,Everyone,Business,"May 18, 2014",1.0,2.2 and up,CANADA
Skin Disease,BEAUTY,4.0,1,2.2M,100+,Free,0,Everyone,Beauty,"August 30, 2017",1.0,2.2 and up,INDIA
Schlaumeier,BOOKS_AND_REFERENCE,,0,688k,5+,Paid,$0.99,Everyone,Books & Reference,"June 17, 2015",0.1,2.3 and up,UNITED KINGDOM
RPG ブレイジング ソウルズ アクセレイト,FAMILY,3.4,159,3.1M,"1,000+",Paid,$10.99,Teen,Role Playing,"April 26, 2018",2.12,2.3 and up,Canada
Goodbox - Mega App,COMMUNICATION,4.3,3429,Varies with device,"100,000+",Free,0,Everyone,Communication,"March 8, 2018",1.10.279.2,4.2 and up,UNITED KINGDOM
Exército Brasileiro,PRODUCTIVITY,4.7,1730,16M,"100,000+",Free,0,Everyone,Productivity,"February 1, 2018",1.5,4.1 and up,United States
EB Cash Collections,BUSINESS,5.0,1,4.3M,5+,Free,0,Everyone,Business,"July 31, 2018",1.10,4.4 and up,United States
EB Cash Collections,BUSINESS,5.0,1,4.3M,5+,Free,0,Everyone,Business,"July 31, 2018",1.10,4.4 and up,CANADA
TN Electricity (TNEB),LIFESTYLE,3.9,73,3.8M,"10,000+",Free,0,Everyone,Lifestyle,"December 21, 2016",8.0,2.3 and up,United States
"Call Blocker - Blacklist, SMS Blocker",COMMUNICATION,4.2,30350,3.7M,"1,000,000+",Free,0,Everyone,Communication,"January 16, 2018",10.0.0,4.1 and up,UNITED KINGDOM
英漢字典 EC Dictionary,FAMILY,4.3,55408,Varies with device,"1,000,000+",Free,0,Everyone,Education,"January 8, 2018",Varies with device,Varies with device,Canada
EC - AP & Telangana,BOOKS_AND_REFERENCE,3.5,10,3.0M,"5,000+",Free,0,Everyone,Books & Reference,"November 10, 2017",1.0,4.0.3 and up,UNITED KINGDOM
EC Security,LIFESTYLE,4.5,13,28M,"1,000+",Free,0,Everyone,Lifestyle,"May 9, 2017",1.17.0.0,2.3.3 and up,United States
TN Patta Citta & EC,BOOKS_AND_REFERENCE,3.8,48,1.5M,"10,000+",Free,0,Everyone,Books & Reference,"March 27, 2018",1.0,3.0 and up,UNITED KINGDOM
EC - Encumbrance Search - telangana state,BUSINESS,3.4,45,5.5M,"10,000+",Free,0,Everyone,Business,"June 18, 2017",1.0,2.3 and up,United States
EC - Encumbrance Search - telangana state,BUSINESS,3.4,45,5.5M,"10,000+",Free,0,Everyone,Business,"June 18, 2017",1.0,2.3 and up,CANADA
Ec Solutions Mobile,BUSINESS,,0,4.0M,10+,Free,0,Everyone,Business,"November 20, 2016",1.02,4.1 and up,United States
Ec Solutions Mobile,BUSINESS,,0,4.0M,10+,Free,0,Everyone,Business,"November 20, 2016",1.02,4.1 and up,CANADA
Encumbrance Certificate - (Obsolete),BUSINESS,3.9,184,48k,"50,000+",Free,0,Everyone,Business,"August 12, 2014",1.1,2.3 and up,United States
Encumbrance Certificate - (Obsolete),BUSINESS,3.9,184,48k,"50,000+",Free,0,Everyone,Business,"August 12, 2014",1.1,2.3 and up,CANADA
"My Handbook : EE, EC, EI, E&T, EEE, EECS",FAMILY,4.5,3776,7.7M,"100,000+",Free,0,Everyone,Education,"July 24, 2017",8.07.021,4.0 and up,Canada
ec-Work,PRODUCTIVITY,,3,26M,100+,Free,0,Everyone,Productivity,"July 9, 2018",1.12,5.0 and up,United States
ec.tv,LIFESTYLE,,0,8.6M,50+,Free,0,Everyone,Lifestyle,"November 11, 2016",1.0,4.1 and up,United States
New Holland Agriculture T5 EC,PRODUCTIVITY,4.6,12,15M,"1,000+",Free,0,Everyone,Productivity,"February 24, 2017",1.2,4.0.3 and up,United States
tv-ec,FAMILY,,1,3.4M,50+,Free,0,Everyone,Entertainment,"April 7, 2018",8.1,4.0.3 and up,Canada
EC Taximeter,PRODUCTIVITY,3.9,162,5.0M,"10,000+",Free,0,Everyone,Productivity,"May 14, 2018",3.0.21,4.0 and up,United States
AP Stamps and Registration,BOOKS_AND_REFERENCE,3.4,82,2.7M,"10,000+",Free,0,Everyone,Books & Reference,"March 27, 2018",2.0,3.0 and up,UNITED KINGDOM
EC Calgary,FAMILY,5.0,6,8.1M,100+,Free,0,Teen,Education,"June 26, 2018",3.8.0,4.1 and up,Canada
ECナビ×シュフー,LIFESTYLE,4.0,576,7.4M,"50,000+",Free,0,Everyone,Lifestyle,"June 7, 2018",1.0.2,4.0 and up,United States
Arrayanes EC,LIFESTYLE,,2,7.9M,100+,Free,0,Everyone,Lifestyle,"June 27, 2018",3.5,4.4 and up,United States
EC Reps,BUSINESS,4.0,1,5.4M,100+,Free,0,Everyone,Business,"March 15, 2017",1.10,4.0 and up,United States
EC Reps,BUSINESS,4.0,1,5.4M,100+,Free,0,Everyone,Business,"March 15, 2017",1.10,4.0 and up,CANADA
EC QR,PRODUCTIVITY,,0,4.0M,10+,Free,0,Everyone,Productivity,"July 24, 2018",1.0.2,4.1 and up,United States
EC Fairgrounds,FAMILY,5.0,3,5.5M,500+,Free,0,Everyone,Entertainment,"July 13, 2018",erie1.3.23.42-release,4.4 and up,Canada
CompactiMa EC pH Calibration,BOOKS_AND_REFERENCE,,0,8.4M,100+,Free,0,Everyone,Books & Reference,"December 22, 2016",1.1.2,4.1 and up,UNITED KINGDOM
FILL EC,BUSINESS,4.1,13,3.8M,100+,Free,0,Everyone,Business,"April 23, 2018",1.0,4.0.3 and up,United States
FILL EC,BUSINESS,4.1,13,3.8M,100+,Free,0,Everyone,Business,"April 23, 2018",1.0,4.0.3 and up,CANADA
GATE Syllabus for EC 2018 & Notifications,FAMILY,4.7,23,4.3M,"1,000+",Free,0,Everyone,Education,"August 28, 2017",1.3,4.4 and up,Canada
EC Sampler,PRODUCTIVITY,,0,30M,1+,Free,0,Everyone,Productivity,"July 31, 2018",1.4,4.0.3 and up,United States
SCS eC,PRODUCTIVITY,4.4,7,17M,100+,Free,0,Everyone,Productivity,"October 21, 2016",1.0.1,4.1 and up,United States
My EF,FAMILY,3.3,4114,14M,"100,000+",Free,0,Everyone,Education,"July 10, 2018",3.29,4.2 and up,Canada
EF Mentor: Words,FAMILY,4.0,403,39M,"50,000+",Free,0,Teen,Education,"July 30, 2018",1.7.0.00115,4.1 and up,Canada
EF Smart English for Phone,FAMILY,3.5,208,13M,"10,000+",Free,0,Everyone,Education,"June 29, 2018",1.2.1,4.4 and up,Canada
My EF Center,FAMILY,2.8,89,35M,"10,000+",Free,0,Everyone,Education,"July 23, 2018",1.10.0,4.4 and up,Canada
EF Mentor: Sounds,FAMILY,,19,6.9M,"5,000+",Free,0,Everyone,Education,"August 16, 2017",1.0.1.00613,4.1 and up,Canada
EF English Live Business,FAMILY,3.6,496,14M,"100,000+",Free,0,Everyone,Education,"May 4, 2018",2.0.1,4.4 and up,Canada
EF Classroom,FAMILY,3.2,190,23M,"50,000+",Free,0,Everyone,Education,"July 23, 2018",3.0.0.2927,5.0 and up,Canada
EF English Live for phone,FAMILY,3.6,2210,15M,"100,000+",Free,0,Everyone,Education,"July 24, 2018",3.1.0,5.0 and up,Canada
EF Smart English,FAMILY,3.7,150,11M,"5,000+",Free,0,Everyone,Education,"June 11, 2018",1.6.0,4.4 and up,Canada
EF English Live Business Tablet,FAMILY,3.3,279,14M,"10,000+",Free,0,Everyone,Education,"December 25, 2017",1.6.6,4.4 and up,Canada
EF English Live for tablets,FAMILY,3.1,1242,14M,"50,000+",Free,0,Everyone,Education,"April 24, 2018",1.7.0,4.4 and up,Canada
EF Parеnts,FAMILY,4.1,435,17M,"50,000+",Free,0,Everyone,Education,"June 21, 2018",3.1.0,4.1 and up,Canada
EF Teacher,FAMILY,3.1,16,17M,"1,000+",Free,0,Everyone,Education,"April 19, 2018",1.6,4.1 and up,Canada
English Bite,FAMILY,3.5,268,9.8M,"10,000+",Free,0,Everyone,Education,"January 25, 2016",1.3.0,4.0 and up,Canada
EF/VR – VR Tours of EF Schools,FAMILY,3.6,17,15M,"1,000+",Free,0,Teen,Education,"September 15, 2015",1.0.05,4.0 and up,Canada
EF Spelling Bee,FAMILY,3.0,2,9.4M,500+,Free,0,Everyone,Education;Education,"October 12, 2017",1.2.2,4.3 and up,Canada
Travelmoji,FAMILY,3.9,13,10M,500+,Free,0,Everyone,Education,"June 24, 2016",2.0,4.3 and up,Canada
EF Forms,BUSINESS,5.0,2,23M,50+,Free,0,Everyone,Business,"July 24, 2018",1.29,4.4 and up,United States
EF Forms,BUSINESS,5.0,2,23M,50+,Free,0,Everyone,Business,"July 24, 2018",1.29,4.4 and up,CANADA
EFAmbassador,FAMILY,,5,10M,100+,Free,0,Everyone,Education,"July 10, 2018",1.2,5.0 and up,Canada
Agenda EF,FAMILY,3.4,79,33M,"5,000+",Free,0,Everyone,Education,"May 27, 2015",1.03,3.0 and up,Canada
EF App,BUSINESS,5.0,8,20M,100+,Free,0,Everyone,Business,"January 23, 2017",1.0.5,4.4 and up,United States
EF App,BUSINESS,5.0,8,20M,100+,Free,0,Everyone,Business,"January 23, 2017",1.0.5,4.4 and up,CANADA
e-Docente EI/anos iniciais EF,FAMILY,,2,2.3M,"1,000+",Free,0,Everyone,Education,"May 22, 2018",1.0.0,4.1 and up,Canada
EF Universe: Endless Battle,FAMILY,4.2,5,54M,50+,Free,0,Teen,Role Playing,"July 31, 2018",4541.25.51,4.1 and up,Canada
[EF]ShoutBox,COMMUNICATION,,3,2.5M,100+,Free,0,Teen,Communication,"August 7, 2018",Build 54,4.0.3 and up,UNITED KINGDOM
EF Catalogues · Kataloge,BUSINESS,,15,4.3M,500+,Free,0,Everyone,Business,"September 21, 2016",1.0.1 (1.5.1),4.0 and up,United States
EF Catalogues · Kataloge,BUSINESS,,15,4.3M,500+,Free,0,Everyone,Business,"September 21, 2016",1.0.1 (1.5.1),4.0 and up,CANADA
EF Staff,PRODUCTIVITY,,0,11M,100+,Free,0,Everyone,Productivity,"May 8, 2018",1.2,4.2 and up,United States
EF First,FAMILY,,0,1.6M,1+,Free,0,Everyone,Entertainment,"February 9, 2018",1.0,4.0.3 and up,Canada
Carrier Landings Pro,FAMILY,4.6,5969,31M,"10,000+",Paid,$12.99,Everyone,Simulation,"June 29, 2018",4.2.4,4.1 and up,Canada
EF Calculator,PRODUCTIVITY,4.7,19,Varies with device,"1,000+",Free,0,Everyone,Productivity,"September 20, 2017",1.6.1,Varies with device,United States
Diário Escola Mestres EF,FAMILY,,11,6.6M,"1,000+",Free,0,Everyone,Education,"July 31, 2018",3.0.18 Fundamental,4.0 and up,Canada
English Conversation Courses,FAMILY,4.6,22165,6.8M,"1,000,000+",Free,0,Everyone,Education,"June 28, 2018",4.1806.3,4.0 and up,Canada
Equestria Girls,FAMILY,4.3,392819,53M,"10,000,000+",Free,0,Everyone,Role Playing;Action & Adventure,"July 22, 2016",37893,4.0 and up,Canada
eG Monitor,PRODUCTIVITY,4.6,8,7.5M,100+,Free,0,Everyone,Productivity,"July 27, 2018",2.0.7,4.1 and up,United States
"EG SIM CARD (EGSIMCARD, 이지심카드)",BUSINESS,2.9,322,1.5M,"50,000+",Free,0,Everyone,Business,"March 28, 2017",2.13,2.2 and up,United States
"EG SIM CARD (EGSIMCARD, 이지심카드)",BUSINESS,2.9,322,1.5M,"50,000+",Free,0,Everyone,Business,"March 28, 2017",2.13,2.2 and up,CANADA
EG-Boost,BUSINESS,4.1,25,2.4M,"1,000+",Free,0,Everyone,Business,"November 27, 2017",7.0,2.3.3 and up,United States
EG-Boost,BUSINESS,4.1,25,2.4M,"1,000+",Free,0,Everyone,Business,"November 27, 2017",7.0,2.3.3 and up,CANADA
EG Mantenimiento,BUSINESS,,1,25M,50+,Free,0,Teen,Business,"May 30, 2018",0.0.3,4.1 and up,United States
EG Mantenimiento,BUSINESS,,1,25M,50+,Free,0,Teen,Business,"May 30, 2018",0.0.3,4.1 and up,CANADA
EG CrossPad - ASPECT4,BUSINESS,,4,30M,"1,000+",Free,0,Everyone,Business,"July 3, 2018",1.6.07,4.1 and up,United States
EG CrossPad - ASPECT4,BUSINESS,,4,30M,"1,000+",Free,0,Everyone,Business,"July 3, 2018",1.6.07,4.1 and up,CANADA
EG CrossPad,BUSINESS,,3,Varies with device,"1,000+",Free,0,Everyone,Business,"December 19, 2016",Varies with device,Varies with device,United States
EG CrossPad,BUSINESS,,3,Varies with device,"1,000+",Free,0,Everyone,Business,"December 19, 2016",Varies with device,Varies with device,CANADA
EG Player,FAMILY,,1,13M,100+,Free,0,Everyone,Entertainment,"December 20, 2017",Final,4.0 and up,Canada
EG,PRODUCTIVITY,,3,4.4M,100+,Free,0,Everyone,Productivity,"July 1, 2016",4.2,4.0.3 and up,United States
EG Retail,BUSINESS,2.4,29,16M,500+,Free,0,Everyone,Business,"July 5, 2018",2.2.1335,4.1 and up,United States
EG Retail,BUSINESS,2.4,29,16M,500+,Free,0,Everyone,Business,"July 5, 2018",2.2.1335,4.1 and up,CANADA
EG Classroom Decimals™,FAMILY,3.0,2,18M,50+,Paid,$2.99,Everyone,Education;Education,"June 12, 2017",2.2.2,2.2 and up,Canada
EGW Writings 2,BOOKS_AND_REFERENCE,4.7,6547,16M,"100,000+",Free,0,Everyone,Books & Reference,"December 8, 2017",4.0.3,4.0.3 and up,UNITED KINGDOM
EGW Writings,BOOKS_AND_REFERENCE,4.7,24278,3.1M,"1,000,000+",Free,0,Everyone,Books & Reference,"December 27, 2017",2.1.2,2.2 and up,UNITED KINGDOM
Bible with EGW Comments,BOOKS_AND_REFERENCE,4.7,3776,12M,"100,000+",Free,0,Everyone,Books & Reference,"February 7, 2018",2.12.0,4.1 and up,UNITED KINGDOM
Eg Call,COMMUNICATION,4.2,91,6.0M,"10,000+",Free,0,Everyone,Communication,"February 26, 2017",3.8.6,2.2 and up,UNITED KINGDOM
EG India,LIFESTYLE,5.0,3,4.0M,100+,Free,0,Everyone,Lifestyle,"July 29, 2018",1.1.3,4.0.3 and up,United States
Fashion Pony Girls Dress Up Makeup Game,FAMILY,4.5,256,30M,"10,000+",Free,0,Everyone,Simulation,"July 13, 2018",1.7,4.0 and up,Canada
My Little Pony Celebration,FAMILY,4.3,63192,17M,"1,000,000+",Free,0,Everyone,Simulation;Pretend Play,"July 22, 2016",1.0.0,2.3 and up,Canada
My Little Pony AR Guide,BOOKS_AND_REFERENCE,3.3,7993,51M,"1,000,000+",Free,0,Everyone,Books & Reference,"November 3, 2017",1.0.6,4.0 and up,UNITED KINGDOM
MY LITTLE PONY: Magic Princess,FAMILY,4.4,1309728,Varies with device,"50,000,000+",Free,0,Everyone,Casual,"July 11, 2018",Varies with device,Varies with device,Canada
Equestria Girl Snapchat Addict,FAMILY,,20,31M,"1,000+",Free,0,Everyone,Educational,"April 19, 2018",1.0.0,4.0 and up,Canada
SDA Sabbath School Quarterly,BOOKS_AND_REFERENCE,4.7,14773,6.4M,"500,000+",Free,0,Everyone,Books & Reference,"October 9, 2017",4.1.92,3.0 and up,UNITED KINGDOM
Sirens Fashion Style Game,FAMILY,4.3,2282,22M,"500,000+",Free,0,Everyone,Simulation,"February 20, 2018",1.0,4.0 and up,Canada
Propertyfinder,LIFESTYLE,4.2,1506,11M,"100,000+",Free,0,Everyone,Lifestyle,"August 7, 2018",6.5.2,4.4 and up,United States
My Little Pony: Story Creator,FAMILY,4.2,11002,21M,"1,000,000+",Free,0,Everyone,Education;Action & Adventure,"May 11, 2017",1.0,4.0.3 and up,Canada
Pocket Little Pony,FAMILY,4.1,47576,14M,"1,000,000+",Free,0,Everyone 10+,Simulation,"March 1, 2017",1.95,4.0 and up,Canada
Dance Magic Fashion Style Games,FAMILY,4.6,2533,46M,"100,000+",Free,0,Everyone,Simulation,"February 27, 2018",1.0,4.0 and up,Canada
Inventory & Barcode scanner & WIFI scanner,PRODUCTIVITY,4.6,1880,18M,"50,000+",Paid,$1.49,Everyone,Productivity,"July 1, 2018",6.08,4.3 and up,United States
MLP Colouring Adventures,FAMILY,3.8,7379,61M,"1,000,000+",Free,0,Everyone,Entertainment,"March 28, 2017",1.0,4.4 and up,Canada
Fashion Girls Dress up Makeup,FAMILY,4.4,115,31M,"10,000+",Free,0,Everyone,Simulation,"July 13, 2018",1.0,4.0 and up,Canada
My Little Pony: Harmony Quest,FAMILY,4.1,148405,26M,"10,000,000+",Free,0,Everyone,Casual;Action & Adventure,"March 5, 2018",1.6,4.1 and up,Canada
Home Pony 2,FAMILY,4.0,20977,26M,"1,000,000+",Free,0,Everyone,Simulation,"June 18, 2018",1.4.5,4.0 and up,Canada
Eh Volevi!,FAMILY,3.9,1619,7.0M,"100,000+",Free,0,Everyone,Entertainment,"October 7, 2017",1.2.1,4.0 and up,Canada
EH!,LIFESTYLE,4.6,10,8.7M,"1,000+",Free,0,Everyone,Lifestyle,"July 18, 2018",7.2.2,4.1 and up,United States
Me-eh,FAMILY,,13,62M,100+,Free,0,Everyone,Puzzle,"April 6, 2018",3.33,4.1 and up,Canada
EH Autolink,BUSINESS,,1,921k,100+,Free,0,Everyone,Business,"March 11, 2016",1.0,3.0 and up,United States
EH Autolink,BUSINESS,,1,921k,100+,Free,0,Everyone,Business,"March 11, 2016",1.0,3.0 and up,CANADA
Eh Plus English Application,FAMILY,,1,874k,100+,Free,0,Everyone,Education,"May 27, 2015",1.1,4.0 and up,Canada
My Theme Park: RollerCoaster & Water Park Tycoon,FAMILY,4.2,128,41M,"10,000+",Free,0,Everyone 10+,Strategy,"June 12, 2018",1.50,4.2 and up,Canada
Doomsday Preppers™,FAMILY,4.2,137167,52M,"1,000,000+",Free,0,Everyone,Strategy,"January 17, 2017",130.48.08,4.0.3 and up,Canada
TAXI DRIVER,FAMILY,3.7,7203,32M,"1,000,000+",Free,0,Everyone,Simulation,"January 11, 2016",1.0,4.0 and up,Canada
Crazy Doctor,FAMILY,4.0,267636,13M,"10,000,000+",Free,0,Teen,Role Playing,"March 3, 2014",1.5,2.1 and up,Canada
Endress+Hauser Operations,BUSINESS,4.5,234,3.4M,"10,000+",Free,0,Everyone,Business,"April 16, 2018",2.4.3.1523,4.0 and up,United States
Endress+Hauser Operations,BUSINESS,4.5,234,3.4M,"10,000+",Free,0,Everyone,Business,"April 16, 2018",2.4.3.1523,4.0 and up,CANADA
Soldiers of Glory: Modern War,FAMILY,4.2,64815,23M,"5,000,000+",Free,0,Teen,Strategy,"June 1, 2018",1.7.5,2.3 and up,Canada
Driving School 3D 2017,FAMILY,3.9,5075,48M,"500,000+",Free,0,Everyone,Simulation,"April 4, 2017",2.1.5,3.0 and up,Canada
Ludo Family Dice Game,FAMILY,4.2,3593,19M,"500,000+",Free,0,Everyone,Board;Brain Games,"March 7, 2018",1.4,4.1 and up,Canada
Masterchef Cooking Games: Fun Restaurant & Kitchen,FAMILY,3.9,1036,33M,"100,000+",Free,0,Everyone,Casual,"July 6, 2018",2.6,2.3 and up,Canada
US Army Training Courses Game,FAMILY,4.1,27130,35M,"5,000,000+",Free,0,Everyone,Simulation,"December 8, 2017",1.4,2.3 and up,Canada
Instant Buttons: The Best Soundboard,FAMILY,4.5,157322,9.2M,"5,000,000+",Free,0,Teen,Entertainment,"January 5, 2018",1.0.15,4.1 and up,Canada
eHub,BUSINESS,4.2,6969,4.8M,"100,000+",Free,0,Everyone,Business,"June 29, 2018",3.9.11,4.4 and up,United States
eHub,BUSINESS,4.2,6969,4.8M,"100,000+",Free,0,Everyone,Business,"June 29, 2018",3.9.11,4.4 and up,CANADA
Voice Changer,FAMILY,4.1,138050,5.7M,"10,000,000+",Free,0,Everyone,Entertainment;Music & Video,"April 19, 2018",2.4,4.0.3 and up,Canada
Heart Surgery Emergency Doctor,FAMILY,4.1,2248,29M,"100,000+",Free,0,Teen,Educational,"April 28, 2017",1.3,4.0 and up,Canada
100 Doors of Revenge,FAMILY,4.1,105766,48M,"10,000,000+",Free,0,Teen,Puzzle,"May 24, 2018",2.2.2,4.4 and up,Canada
Lie Detector Prank,FAMILY,3.9,80313,3.7M,"10,000,000+",Free,0,Everyone,Casual,"November 22, 2017",1.7,2.3 and up,Canada
Virtual Mother Surgery Doctor : Emergency Hospital,FAMILY,3.9,70,61M,"10,000+",Free,0,Teen,Educational,"May 30, 2018",1.1,4.0 and up,Canada
Princess Palace: Royal Pony,FAMILY,4.4,11442,66M,"1,000,000+",Free,0,Everyone,Educational;Creativity,"June 30, 2016",1.4,2.3 and up,Canada
TAMAGO,FAMILY,3.0,42515,1.6M,"5,000,000+",Free,0,Everyone,Casual,"May 23, 2018",1.0.3,2.3.3 and up,Canada
EI HabitTracker,FAMILY,,2,981k,100+,Free,0,Everyone,Education,"August 17, 2017",1.40.170809,4.0.3 and up,Canada
NEMA ei,BUSINESS,5.0,4,12M,100+,Free,0,Everyone,Business,"November 6, 2017",1.0.4,4.4 and up,United States
NEMA ei,BUSINESS,5.0,4,12M,100+,Free,0,Everyone,Business,"November 6, 2017",1.0.4,4.4 and up,CANADA
ei,COMMUNICATION,,2,4.5M,10+,Free,0,Teen,Communication,"July 16, 2018",0.0.10,4.4 and up,UNITED KINGDOM
the Egg - crack the egg,FAMILY,4.1,211,14M,"10,000+",Free,0,Everyone,Casual,"November 21, 2016",1.1.0,2.3 and up,Canada
Yeled EI,FAMILY,,0,15M,100+,Free,0,Everyone,Education,"April 26, 2018",0.62,4.1 and up,Canada
Sensenuts eI,BUSINESS,,0,Varies with device,5+,Free,0,Everyone,Business,"August 2, 2018",Varies with device,Varies with device,United States
Sensenuts eI,BUSINESS,,0,Varies with device,5+,Free,0,Everyone,Business,"August 2, 2018",Varies with device,Varies with device,CANADA
EI!,PRODUCTIVITY,,0,7.7M,10+,Free,0,Everyone,Productivity,"July 19, 2018",1.1.14,4.1 and up,United States
EI App 1,FAMILY,,0,13M,10+,Free,0,Everyone,Education,"November 23, 2017",1.0.4,4.1 and up,Canada
Ei-ij Spelling Dutch,FAMILY,,20,3.2M,"10,000+",Free,0,Everyone,Education,"December 12, 2017",2.1,4.0 and up,Canada
Egg,FAMILY,2.9,72,27M,"5,000+",Free,0,Mature 17+,Simulation,"June 9, 2018",1.2.2,2.3 and up,Canada
Disaster Will Strike,FAMILY,4.5,14692,45M,"1,000,000+",Free,0,Everyone,Puzzle,"July 19, 2018",1.173.126,4.1 and up,Canada
Egg: clicker,FAMILY,3.7,40678,15M,"1,000,000+",Free,0,Everyone,Casual,"May 22, 2017",2.1.3,4.0 and up,Canada
Egg for Pou,FAMILY,3.0,59096,Varies with device,"5,000,000+",Free,0,Everyone,Casual,"September 14, 2017",Varies with device,4.0.3 and up,Canada
EI App 2,FAMILY,,0,13M,10+,Free,0,Everyone,Education,"November 23, 2017",1.0.4,4.1 and up,Canada
Crack the blue angry birds egg,FAMILY,3.2,85,2.1M,"10,000+",Free,0,Everyone,Puzzle,"April 22, 2016",1.0.0,2.1 and up,Canada
Tamago Tap Clicker Egg,FAMILY,3.6,209,16M,"50,000+",Free,0,Everyone,Casual,"October 19, 2016",1.1,2.3 and up,Canada
Tap The Easter Egg!,FAMILY,3.2,111,3.3M,"5,000+",Free,0,Everyone,Casual,"March 18, 2016",1.7,2.3 and up,Canada
EI国际,FAMILY,4.7,15,5.2M,"1,000+",Free,0,Everyone,Education,"September 9, 2016",1.0.4,4.0 and up,Canada
Egg Baby,FAMILY,4.4,351607,8.7M,"5,000,000+",Free,0,Everyone 10+,Casual,"June 29, 2016",1.26.03,2.3.3 and up,Canada
Surprise Eggs,FAMILY,3.9,81543,Varies with device,"10,000,000+",Free,0,Everyone,Casual;Pretend Play,"July 19, 2018",Varies with device,Varies with device,Canada
PJ Masks: Moonlight Heroes,FAMILY,4.4,87045,99M,"10,000,000+",Free,0,Everyone,Casual;Action & Adventure,"June 5, 2018",2.0.1,4.0.3 and up,Canada
Crack Attack,FAMILY,4.3,31970,77M,"1,000,000+",Free,0,Everyone,Puzzle,"June 7, 2017",1.8,Varies with device,Canada
Break the Egg,FAMILY,2.6,366,6.0M,"50,000+",Free,0,Everyone,Entertainment,"January 5, 2018",1.0,4.0 and up,Canada
PJ Masks: HQ,FAMILY,4.1,13731,55M,"1,000,000+",Free,0,Everyone,Entertainment;Action & Adventure,"June 22, 2018",1.2.1,4.0 and up,Canada
Super Sport Car Simulator,FAMILY,4.2,58553,50M,"1,000,000+",Free,0,Everyone,Simulation,"December 25, 2016",3.1,2.3.3 and up,Canada
Ambulance Rescue Simulator 17,FAMILY,4.3,6669,31M,"1,000,000+",Free,0,Everyone,Simulation,"March 1, 2018",1.0.8,2.3 and up,Canada
EJ Trívia Game,FAMILY,,1,19M,1+,Free,0,Everyone,Puzzle,"July 19, 2018",1.0,4.1 and up,Canada
Bad Piggies HD,FAMILY,4.4,764967,69M,"10,000,000+",Free,0,Everyone,Puzzle,"July 5, 2018",2.3.4,4.1 and up,Canada
EJ messenger,COMMUNICATION,5.0,1,25M,10+,Free,0,Teen,Communication,"October 18, 2017",1.0,4.0 and up,UNITED KINGDOM
EJ Ecuador,LIFESTYLE,,9,6.8M,100+,Free,0,Teen,Lifestyle,"November 22, 2016",3.0.16,4.0 and up,United States
Ej-buy,BUSINESS,,2,4.1M,5+,Free,0,Everyone,Business,"August 2, 2018",1.2.0,4.1 and up,United States
Ej-buy,BUSINESS,,2,4.1M,5+,Free,0,Everyone,Business,"August 2, 2018",1.2.0,4.1 and up,CANADA
Sport Car Simulator,FAMILY,4.0,48731,68M,"5,000,000+",Free,0,Everyone,Simulation,"April 19, 2018",4.0.5,4.1 and up,Canada
Learn Music Notes,FAMILY,4.7,143,4.4M,"1,000+",Paid,$1.99,Everyone,Music;Music & Video,"June 17, 2018",1.2.1,2.2 and up,Canada
Luxury Car Simulator,FAMILY,3.9,35989,46M,"1,000,000+",Free,0,Everyone,Simulation,"August 7, 2015",2.3,2.3.3 and up,Canada
Office Bike Racing Simulator,FAMILY,3.8,21149,30M,"1,000,000+",Free,0,Everyone,Simulation,"October 9, 2015",2.1,2.3 and up,Canada
Pregnant Mom Surgery Newborn Twins Baby Birth Care,FAMILY,4.3,95,28M,"10,000+",Free,0,Teen,Educational,"February 24, 2018",1.0,4.1 and up,Canada
Pet Beauty Salon,FAMILY,3.8,20292,47M,"1,000,000+",Free,0,Everyone,Educational;Creativity,"May 24, 2015",1.2,2.3 and up,Canada
Nights Keeper (do not disturb),LIFESTYLE,4.5,16426,1.6M,"500,000+",Free,0,Everyone,Lifestyle,"February 26, 2017",2.7.8,2.2 and up,United States
Farming Simulator 16,FAMILY,4.2,32812,14M,"500,000+",Paid,$2.99,Everyone,Simulation;Education,"April 10, 2018",1.1.1.6,4.0.3 and up,Canada
Lily & Leo - Crazy Circus Day,FAMILY,3.6,8091,43M,"1,000,000+",Free,0,Everyone,Casual;Pretend Play,"June 5, 2018",1.0.8,4.1 and up,Canada
Fake Call From Wengie Prank,FAMILY,3.5,352,3.8M,"50,000+",Free,0,Everyone,Entertainment,"July 23, 2017",1.0,3.0 and up,Canada
TeamWard – live help for LoL,FAMILY,4.8,3136,2.7M,"100,000+",Free,0,Everyone,Entertainment,"June 27, 2018",2.19.6,4.0.3 and up,Canada
OffRoad US Army Train Driving Simulator,FAMILY,4.3,1216,59M,"500,000+",Free,0,Everyone 10+,Simulation,"June 11, 2018",1.3,4.1 and up,Canada
Do Not Disturb! 2 - Challenge Your Prank Skills!,FAMILY,4.0,34417,48M,"1,000,000+",Free,0,Everyone,Educational,"August 6, 2018",1.0.9,4.1 and up,Canada
WiFi Tether Router,COMMUNICATION,4.2,5599,1.3M,"100,000+",Paid,$2.90,Everyone,Communication,"July 2, 2018",6.2.7,1.6 and up,UNITED KINGDOM
Kiss Me! Lip Kissing Test,FAMILY,3.5,191,5.0M,"50,000+",Free,0,Everyone,Entertainment,"May 18, 2018",5.0,4.1 and up,Canada
Master E.K,FAMILY,5.0,90,Varies with device,"1,000+",Free,0,Everyone,Education,"August 11, 2017",1.5.0,4.4 and up,Canada
EK Platinum,LIFESTYLE,3.8,52,10M,"10,000+",Free,0,Everyone,Lifestyle,"December 26, 2017",1.0.6®,4.0 and up,United States
Ek Onkar,FAMILY,4.9,107,18M,"10,000+",Free,0,Everyone,Entertainment,"April 3, 2016",1.3,4.0 and up,Canada
Pyaar Ek Dhoka hai Game - Anti Valentines,FAMILY,,8,17M,100+,Free,0,Everyone,Casual,"February 11, 2018",3,4.1 and up,Canada
Pyaar Ek Dhoka,FAMILY,5.0,18,1.3M,50+,Free,0,Everyone,Casual,"February 13, 2018",1.0,4.3 and up,Canada
Ek Biladi Jadi Video Song,FAMILY,,3,3.7M,"5,000+",Free,0,Everyone,Entertainment,"October 20, 2016",4.1,4.0 and up,Canada
Duaa Ek Ibaadat,BOOKS_AND_REFERENCE,4.9,122,26M,"5,000+",Free,0,Everyone,Books & Reference,"April 10, 2016",1.5,2.2 and up,UNITED KINGDOM
Ek Onkar Mantras,LIFESTYLE,4.9,82,5.0M,"5,000+",Free,0,Everyone,Lifestyle,"August 7, 2016",1.0,4.1 and up,United States
Ringtones Of Ek Onkar,FAMILY,4.5,6,3.9M,"1,000+",Free,0,Everyone,Entertainment,"May 31, 2017",1.0,4.0.3 and up,Canada
EK Carevec,FAMILY,,1,29M,10+,Free,0,Teen,Entertainment,"July 17, 2018",2.177.5489,4.3 and up,Canada
Ek Kahani Aisi Bhi Season 2 - The Horror Story,FAMILY,4.5,28,5.6M,"1,000+",Free,0,Teen,Entertainment,"July 20, 2018",1.3,5.0 and up,Canada
Ek Bander Ne Kholi Dukan,FAMILY,5.0,10,3.0M,"10,000+",Free,0,Everyone,Entertainment,"June 26, 2017",1.0.9,4.0 and up,Canada
Ek Kahani Aisi Bhi Season 3 - The Horror Story,FAMILY,3.0,1,5.8M,100+,Free,0,Teen,Entertainment,"July 21, 2018",1.1,5.0 and up,Canada
Ek IRA,COMMUNICATION,,0,5.7M,10+,Free,0,Everyone,Communication,"July 27, 2018",0.3.1,4.1 and up,UNITED KINGDOM
Sai Baba - Sabka Malik Ek,PRODUCTIVITY,4.9,42,38M,"1,000+",Free,0,Everyone,Productivity,"May 26, 2018",1.4,4.0 and up,United States
Ek Vote,PRODUCTIVITY,5.0,43,6.2M,500+,Free,0,Everyone,Productivity,"November 7, 2017",1.1,4.0.3 and up,United States
Meslek Lisesi YGS Ek Puan,FAMILY,,11,1.5M,"1,000+",Free,0,Everyone,Education,"January 8, 2017",1.0,4.0 and up,Canada
Airplane Pilot Car Transporter,FAMILY,4.1,182363,62M,"10,000,000+",Free,0,Everyone,Simulation,"July 27, 2018",2.1.8,4.1 and up,Canada
Mahila Vashikaran(Ek rat me)-Hindi,FAMILY,,0,4.0M,"1,000+",Free,0,Everyone,Entertainment,"January 23, 2018",1.1,4.0.3 and up,Canada
Ek Kauwa Pyasa Tha,FAMILY,4.1,35,3.1M,"50,000+",Free,0,Everyone,Entertainment,"June 25, 2017",1.3.6,4.0 and up,Canada
Toilet Ek Prem Katha Songs Lyrics in Hindi,FAMILY,4.7,3,2.0M,"1,000+",Free,0,Everyone,Entertainment,"August 10, 2017",1.0,4.1 and up,Canada
Ek Do Teen Song Videos - Baaghi 2 Video Songs,FAMILY,,2,4.5M,"1,000+",Free,0,Everyone,Entertainment,"March 20, 2018",1.4.1,4.0.3 and up,Canada
Sanu Ek Pal Chain Song Videos - RAID Movie Songs,FAMILY,4.9,11,4.3M,"5,000+",Free,0,Everyone,Entertainment,"March 8, 2018",1.2.8,4.0.3 and up,Canada
Ek Qissa He Quran Se (Qurani Waqiyat),FAMILY,5.0,4,2.0M,100+,Free,0,Everyone,Entertainment,"October 30, 2017",1.0,4.0 and up,Canada
Lyrics of Ek Paheli Leela,FAMILY,5.0,4,2.3M,500+,Free,0,Everyone,Entertainment,"April 23, 2016",1.0,4.0 and up,Canada
Exiled Kingdoms RPG,FAMILY,4.6,49210,99M,"1,000,000+",Free,0,Everyone 10+,Role Playing,"July 5, 2018",1.2.1107,4.1 and up,Canada
Voice Lock Screen,LIFESTYLE,3.7,6667,2.7M,"1,000,000+",Free,0,Everyone,Lifestyle,"April 2, 2018",2.4.2,4.0 and up,United States
Shabad Gurubani Punjabi mp3 free - Ek Onkar Satnam,FAMILY,5.0,5,64M,100+,Free,0,Everyone,Entertainment,"January 19, 2018",1.1,4.4 and up,Canada
Bus Driver 3D: Hill Station,FAMILY,4.3,31705,49M,"5,000,000+",Free,0,Everyone,Simulation,"November 6, 2017",1.7,4.1 and up,Canada
Extreme Motorbike Jump 3D,FAMILY,4.0,94308,79M,"10,000,000+",Free,0,Everyone,Simulation,"December 25, 2016",4.2,2.3.3 and up,Canada
el,FAMILY,4.3,32405,47M,"1,000,000+",Free,0,Everyone,Casual,"December 18, 2014",1.2.1,4.2 and up,Canada
El Chavo,FAMILY,4.0,751,49M,"10,000+",Paid,$0.99,Everyone,Casual,"November 4, 2014",1.2.9,2.3 and up,Canada
Learn English with El Chavo.,FAMILY,4.2,6133,7.0M,"100,000+",Free,0,Everyone,Education,"October 1, 2015",6.2,2.3.3 and up,Canada
Learn Math with el Chavo,FAMILY,4.2,840,60M,"100,000+",Free,0,Everyone,Education,"June 28, 2018",1.1,4.1 and up,Canada
El Laberinto del Demonio 3D,FAMILY,4.0,20421,31M,"1,000,000+",Free,0,Teen,Puzzle,"August 20, 2015",1.5,2.3 and up,Canada
Learn to code with el Chavo,FAMILY,3.9,5933,60M,"1,000,000+",Free,0,Everyone,Educational,"March 27, 2018",2.6,4.1 and up,Canada
El Falı,FAMILY,4.8,36968,16M,"1,000,000+",Free,0,Everyone,Entertainment,"November 3, 2017",1.2.9,2.3 and up,Canada
El Laberinto del Demonio 2,FAMILY,4.1,3654,25M,"100,000+",Free,0,Teen,Puzzle,"April 14, 2017",1.0.1,4.0 and up,Canada
TV Local El Salvador,FAMILY,4.3,323,3.6M,"10,000+",Free,0,Everyone,Entertainment,"May 8, 2018",1,4.0.3 and up,Canada
Hangman,FAMILY,4.4,23302,12M,"5,000,000+",Free,0,Everyone,Puzzle,"March 24, 2018",1.0.6,4.0 and up,Canada
Explora con el Chavo,FAMILY,,0,Varies with device,"100,000+",Free,0,Everyone,Educational,"June 26, 2018",Varies with device,Varies with device,Canada
OWLIE BOO,FAMILY,4.6,834,22M,"100,000+",Free,0,Everyone,Puzzle;Education,"March 15, 2018",1.8.11,4.0 and up,Canada
Spanish English Translator,BOOKS_AND_REFERENCE,4.2,87919,Varies with device,"10,000,000+",Free,0,Teen,Books & Reference,"May 28, 2018",Varies with device,Varies with device,UNITED KINGDOM
The Holy Rosary,LIFESTYLE,4.7,56197,15M,"1,000,000+",Free,0,Everyone,Lifestyle,"August 6, 2018",1.6.17,1.6 and up,United States
Narcos: Cartel Wars,FAMILY,4.7,244797,52M,"5,000,000+",Free,0,Teen,Strategy,"July 30, 2018",1.24.09,4.0.3 and up,Canada
Connect'Em,FAMILY,4.5,49381,6.8M,"1,000,000+",Free,0,Everyone,Puzzle,"June 25, 2018",1.0.17,2.0 and up,Canada
Shoot Em Down Free,FAMILY,3.7,2850,39M,"500,000+",Free,0,Everyone,Puzzle,"February 9, 2018",23,2.3 and up,Canada
Game for KIDS: KIDS match'em,FAMILY,4.4,7006,6.9M,"1,000,000+",Free,0,Everyone,Education,"October 23, 2016",1.17,2.3 and up,Canada
Nuke Em All,FAMILY,3.4,2714,52M,"500,000+",Free,0,Mature 17+,Casual,"November 19, 2017",1.1.8,4.1 and up,Canada
Elevator Simulator Lift EM ALL,FAMILY,4.4,2941,28M,"100,000+",Free,0,Teen,Simulation,"July 31, 2018",2.4.1343-prod,4.0.3 and up,Canada
Connect'Em Halloween,FAMILY,4.5,6673,4.4M,"500,000+",Free,0,Everyone,Puzzle,"September 23, 2016",1.0.7,2.0 and up,Canada
Em Fuga Brasil,FAMILY,,1317,60M,"100,000+",Free,0,Everyone,Simulation,"April 22, 2018",1.0,4.1 and up,Canada
Holy Knight EN,FAMILY,4.0,26202,41M,"1,000,000+",Free,0,Teen,Role Playing,"May 5, 2018",1.1.700,2.3 and up,Canada
Hello English: Learn English,FAMILY,4.6,750321,Varies with device,"10,000,000+",Free,0,Everyone,Education,"August 7, 2018",Varies with device,Varies with device,Canada
Dictionary - Merriam-Webster,BOOKS_AND_REFERENCE,4.5,454412,Varies with device,"10,000,000+",Free,0,Everyone,Books & Reference,"May 18, 2018",Varies with device,Varies with device,UNITED KINGDOM
English in a Month Free,FAMILY,3.8,6577,13M,"1,000,000+",Free,0,Everyone,Education,"July 23, 2017",1.28,4.1 and up,Canada
JW Library,BOOKS_AND_REFERENCE,4.9,922752,Varies with device,"10,000,000+",Free,0,Everyone,Books & Reference,"June 15, 2018",Varies with device,Varies with device,UNITED KINGDOM
Learn Body Parts in English,FAMILY,4.0,7243,42M,"1,000,000+",Free,0,Everyone,Education,"December 6, 2016",5.13,2.3 and up,Canada
Edmodo,FAMILY,4.1,200214,18M,"10,000,000+",Free,0,Everyone,Education,"August 6, 2018",9.12.6,4.0.3 and up,Canada
Learn English Daily,FAMILY,4.5,7881,53M,"500,000+",Free,0,Everyone,Education,"May 6, 2018",7.0,4.0 and up,Canada
Orfox: Tor Browser for Android,COMMUNICATION,4.2,44233,31M,"10,000,000+",Free,0,Everyone,Communication,"July 2, 2018",Fennec-52.9.0esr/TorBrowser-7.5-1/Orfox-1.5.4-RC-1,4.0.3 and up,UNITED KINGDOM
RightNow English Conversation,FAMILY,4.0,5118,11M,"1,000,000+",Free,0,Everyone,Education,"March 2, 2018",1.4.1,2.3 and up,Canada
"busuu: Learn Languages - Spanish, English & More",FAMILY,4.3,207294,21M,"10,000,000+",Free,0,Everyone 10+,Education,"August 1, 2018",13.9.0.161,5.0 and up,Canada
"Ginger Keyboard - Emoji, GIFs, Themes & Games",PRODUCTIVITY,4.4,162831,43M,"5,000,000+",Free,0,Everyone,Productivity,"August 1, 2018",8.1.01,4.1 and up,United States
English Audio Books - Librivox,FAMILY,4.0,10773,10M,"1,000,000+",Free,0,Everyone,Education,"November 29, 2017",8.02,4.1 and up,Canada
Learn Top 300 English Words,FAMILY,4.7,61600,3.4M,"1,000,000+",Free,0,Everyone,Education,"February 24, 2018",3.1,2.3 and up,Canada
Oxford Dictionary of English : Free,BOOKS_AND_REFERENCE,4.1,364452,7.1M,"10,000,000+",Free,0,Everyone,Books & Reference,"July 11, 2018",9.1.363,4.1 and up,UNITED KINGDOM
English Hindi Dictionary,BOOKS_AND_REFERENCE,4.4,384368,Varies with device,"10,000,000+",Free,0,Everyone,Books & Reference,"August 4, 2018",Varies with device,Varies with device,UNITED KINGDOM
English to Hindi Dictionary,BOOKS_AND_REFERENCE,4.1,71328,11M,"5,000,000+",Free,0,Everyone,Books & Reference,"June 11, 2017",BlueOrange,4.0.3 and up,UNITED KINGDOM
EO Network,BUSINESS,3.5,13,21M,"1,000+",Free,0,Teen,Business,"September 20, 2017",1.0.3,4.4 and up,United States
EO Network,BUSINESS,3.5,13,21M,"1,000+",Free,0,Teen,Business,"September 20, 2017",1.0.3,4.4 and up,CANADA
EO Mumbai,COMMUNICATION,,0,11M,10+,Free,0,Everyone,Communication,"February 21, 2018",1.02,4.1 and up,UNITED KINGDOM
EO Global,BUSINESS,2.6,13,8.9M,"1,000+",Free,0,Everyone,Business,"October 20, 2016",3.2,4.1 and up,United States
EO Global,BUSINESS,2.6,13,8.9M,"1,000+",Free,0,Everyone,Business,"October 20, 2016",3.2,4.1 and up,CANADA
EO SouthAsia,BUSINESS,4.2,8,19M,100+,Free,0,Teen,Business,"April 25, 2018",1.0.23,4.1 and up,United States
EO SouthAsia,BUSINESS,4.2,8,19M,100+,Free,0,Teen,Business,"April 25, 2018",1.0.23,4.1 and up,CANADA
EO Forum,BUSINESS,,0,1.1M,100+,Free,0,Everyone,Business,"April 5, 2013",1.1,2.1 and up,United States
EO Forum,BUSINESS,,0,1.1M,100+,Free,0,Everyone,Business,"April 5, 2013",1.1,2.1 and up,CANADA
EO Events,BUSINESS,,0,11M,10+,Free,0,Teen,Business,"June 21, 2018",v2.7.11.27,4.1 and up,United States
EO Events,BUSINESS,,0,11M,10+,Free,0,Teen,Business,"June 21, 2018",v2.7.11.27,4.1 and up,CANADA
EO KOREA,BUSINESS,,0,14M,50+,Free,0,Teen,Business,"December 4, 2017",1.0.7,2.2 and up,United States
EO KOREA,BUSINESS,,0,14M,50+,Free,0,Teen,Business,"December 4, 2017",1.0.7,2.2 and up,CANADA
EO GSEA,BUSINESS,,1,30M,10+,Free,0,Everyone,Business,"January 4, 2018",1.0.0,4.4 and up,United States
EO GSEA,BUSINESS,,1,30M,10+,Free,0,Everyone,Business,"January 4, 2018",1.0.0,4.4 and up,CANADA
EO SA Benefits,BUSINESS,,0,518k,10+,Free,0,Everyone,Business,"August 25, 2014",1.0,2.3.3 and up,United States
EO SA Benefits,BUSINESS,,0,518k,10+,Free,0,Everyone,Business,"August 25, 2014",1.0,2.3.3 and up,CANADA
23rd QM BDE EO,BUSINESS,,0,6.3M,10+,Free,0,Everyone,Business,"September 27, 2017",1.0.0,4.1 and up,United States
23rd QM BDE EO,BUSINESS,,0,6.3M,10+,Free,0,Everyone,Business,"September 27, 2017",1.0.0,4.1 and up,CANADA
EO Bijbel Open,LIFESTYLE,4.3,102,41M,"10,000+",Free,0,Everyone,Lifestyle,"November 24, 2016",2.0.0,4.0.3 and up,United States
EO LAC,LIFESTYLE,,0,18M,10+,Free,0,Everyone,Lifestyle,"January 17, 2017",1.1,4.1 and up,United States
EO Hub,BUSINESS,,0,5.2M,50+,Free,0,Teen,Business,"February 6, 2018",3.5.4,4.1 and up,United States
EO Hub,BUSINESS,,0,5.2M,50+,Free,0,Teen,Business,"February 6, 2018",3.5.4,4.1 and up,CANADA
Kenny e o Cupcake,FAMILY,,0,6.7M,1+,Free,0,Everyone,Arcade;Action & Adventure,"July 19, 2018",1.0,2.1 and up,Canada
EO,BUSINESS,,0,3.1M,50+,Free,0,Everyone,Business,"July 1, 2015",1.0,4.0.3 and up,United States
EO,BUSINESS,,0,3.1M,50+,Free,0,Everyone,Business,"July 1, 2015",1.0,4.0.3 and up,CANADA
4Eternity EO,BUSINESS,,0,2.0M,10+,Free,0,Everyone,Business,"January 17, 2018",1.2,4.1 and up,United States
4Eternity EO,BUSINESS,,0,2.0M,10+,Free,0,Everyone,Business,"January 17, 2018",1.2,4.1 and up,CANADA
Masha and the Bear,FAMILY,4.4,15105,36M,"1,000,000+",Free,0,Everyone,Education,"June 11, 2018",3.1.8,4.3 and up,Canada
Free games: Masha and the Bear,FAMILY,4.3,34514,60M,"5,000,000+",Free,0,Everyone,Puzzle;Brain Games,"July 20, 2018",1.2.8,4.1 and up,Canada
Masha and the Bear- House Cleaning Games for Girls,FAMILY,,0,74M,100+,Paid,$1.99,Everyone,Educational;Pretend Play,"January 25, 2018",0.0.1,4.1 and up,Canada
Masha and the Bear Child Games,FAMILY,4.1,288606,92M,"10,000,000+",Free,0,Everyone,Adventure;Education,"May 8, 2018",2.7.4,4.0 and up,Canada
Masha and the Bear - Hair Salon and MakeUp Games,FAMILY,,1,83M,100+,Paid,$2.49,Everyone,Role Playing;Education,"March 5, 2018",1.0.1,4.1 and up,Canada
Masha and Bear: Cooking Dash,FAMILY,4.3,151374,54M,"10,000,000+",Free,0,Everyone,Role Playing;Brain Games,"June 5, 2018",1.2.7,4.1 and up,Canada
Masha and the Bear: Evolution,FAMILY,4.5,2062,42M,"500,000+",Free,0,Everyone,Strategy;Education,"June 14, 2018",1.0.9,4.0 and up,Canada
Masha and the Bear. Games for kids,FAMILY,4.6,6231,31M,"1,000,000+",Free,0,Everyone,Educational;Pretend Play,"July 13, 2018",2.6,4.0.3 and up,Canada
Masha and The Bear Jam Day Match 3 games for kids,FAMILY,4.6,50060,98M,"1,000,000+",Free,0,Everyone,Puzzle;Brain Games,"August 7, 2018",1.4.83,4.1 and up,Canada
Where's My Water?,FAMILY,4.7,188740,69M,"1,000,000+",Paid,$1.99,Everyone,Puzzle;Brain Games,"July 5, 2018",1.16.0,4.2 and up,Canada
O Céu e o Inferno,BOOKS_AND_REFERENCE,,14,754k,500+,Paid,$0.99,Everyone,Books & Reference,"October 7, 2013",1.1,1.6 and up,UNITED KINGDOM
Frozen Free Fall,FAMILY,4.3,1574546,37M,"50,000,000+",Free,0,Everyone,Puzzle;Action & Adventure,"July 27, 2018",6.7.0,4.2 and up,Canada
Urban Car Simulator,FAMILY,4.2,23292,20M,"1,000,000+",Free,0,Everyone,Simulation,"September 19, 2017",1.4,2.3 and up,Canada
Masha and the Bear: House Cleaning Games for Girls,FAMILY,4.5,43852,77M,"10,000,000+",Free,0,Everyone,Role Playing;Pretend Play,"July 19, 2018",1.9.10,4.1 and up,Canada
Masha and The Bear Puzzle Game,FAMILY,4.3,13330,73M,"1,000,000+",Free,0,Everyone,Puzzle;Brain Games,"May 24, 2018",2.0,4.1 and up,Canada
Masha and the Bear. Educational Games,FAMILY,4.5,46369,33M,"10,000,000+",Free,0,Everyone,Educational;Brain Games,"July 13, 2018",2.3,4.0.3 and up,Canada
Masha and the Bear: Good Night!,FAMILY,4.6,29155,83M,"1,000,000+",Free,0,Everyone,Educational;Pretend Play,"July 26, 2018",1.0.4,4.1 and up,Canada
Masha and the Bear: Climb Racing and Car Games,FAMILY,4.5,2200,73M,"1,000,000+",Free,0,Everyone,Racing;Pretend Play,"July 23, 2018",1.1.0,4.1 and up,Canada
Episode - Choose Your Story,FAMILY,4.3,1842381,Varies with device,"50,000,000+",Free,0,Teen,Simulation,"July 31, 2018",Varies with device,Varies with device,Canada
Out There Chronicles - Ep. 1,FAMILY,4.4,1516,44M,"50,000+",Paid,$2.99,Everyone,Role Playing,"November 27, 2017",1.0.4,4.2 and up,Canada
EP Home Energy Hub,PRODUCTIVITY,,4,13M,100+,Free,0,Everyone,Productivity,"June 21, 2018",3.4.2,4.4 and up,United States
EP,BUSINESS,,3,2.1M,100+,Free,0,Everyone,Business,"November 13, 2015",1.0.1,2.3.3 and up,United States
EP,BUSINESS,,3,2.1M,100+,Free,0,Everyone,Business,"November 13, 2015",1.0.1,2.3.3 and up,CANADA
EP Spotter,FAMILY,3.4,9,28M,500+,Free,0,Everyone,Entertainment,"September 28, 2016",314007,4.3 and up,Canada
EP RSS Reader,COMMUNICATION,3.8,4,892k,100+,Free,0,Everyone,Communication,"July 16, 2018",0.99,4.0.3 and up,UNITED KINGDOM
Out There Chronicles - Ep. 2,FAMILY,4.5,144,70M,"1,000+",Paid,$2.99,Teen,Role Playing,"January 26, 2018",1.0.0,4.2 and up,Canada
EP Cloud,PRODUCTIVITY,,9,2.3M,10+,Free,0,Everyone,Productivity,"July 26, 2018",2.2.2,4.1 and up,United States
EP McGuffey Primer,FAMILY,,0,Varies with device,50+,Paid,$1.99,Everyone,Education,"July 16, 2018",Varies with device,Varies with device,Canada
EP Church Annapolis,LIFESTYLE,5.0,2,8.8M,100+,Free,0,Everyone,Lifestyle,"January 14, 2017",1.0,4.1 and up,United States
EP Horlogerie,LIFESTYLE,4.9,18,24M,"1,000+",Free,0,Everyone,Lifestyle,"March 28, 2018",4.0.2,4.0.3 and up,United States
EP Radio,FAMILY,5.0,3,154k,50+,Free,0,Everyone,Entertainment,"March 26, 2018",1.0,3.0 and up,Canada
EP Joaillerie,LIFESTYLE,,54,21M,"5,000+",Free,0,Teen,Lifestyle,"March 28, 2018",4.0.2,4.0.3 and up,United States
EP Research Service,BOOKS_AND_REFERENCE,4.7,14,27M,"1,000+",Free,0,Everyone,Books & Reference,"March 5, 2018",1.9,4.1 and up,UNITED KINGDOM
eP Finder,AUTO_AND_VEHICLES,,0,6.3M,10+,Free,0,Everyone,Auto & Vehicles,"June 21, 2018",1.0,4.4 and up,United States
EP Music,FAMILY,,0,11M,10+,Free,0,Everyone,Entertainment,"July 26, 2017",1.0,4.1 and up,Canada
The Great Wobo Escape Ep.1,FAMILY,4.3,11,20M,500+,Paid,$1.99,Everyone 10+,Action;Action & Adventure,"May 3, 2016",1.0.3289,4.1 and up,Canada
EP Search and Find,FAMILY,,20,23M,500+,Free,0,Everyone,Casual,"May 27, 2015",1.0.0,2.3 and up,Canada
What's Your Story?™ ft Charmed,FAMILY,4.1,39661,47M,"1,000,000+",Free,0,Teen,Role Playing,"August 2, 2018",1.10.4,5.0 and up,Canada
EP Chain Reaction,FAMILY,3.9,249,21M,"10,000+",Free,0,Everyone,Casual;Brain Games,"April 10, 2016",1.2.2,2.3 and up,Canada
Lean EQ,BUSINESS,,6,10M,10+,Paid,$89.99,Everyone,Business,"February 14, 2017",1.0,4.1 and up,United States
Lean EQ,BUSINESS,,6,10M,10+,Paid,$89.99,Everyone,Business,"February 14, 2017",1.0,4.1 and up,CANADA
Operate Now: Hospital,FAMILY,4.3,254861,52M,"10,000,000+",Free,0,Teen,Simulation,"August 1, 2018",1.20.3,4.4 and up,Canada
Multi Surgery ER Emergency Hospital : Doctor Game,FAMILY,4.1,227,69M,"10,000+",Free,0,Teen,Educational,"June 21, 2018",1.2,4.0 and up,Canada
ER Surgery Simulator,FAMILY,3.6,19601,56M,"1,000,000+",Free,0,Everyone 10+,Casual,"June 6, 2018",1.0.4,4.1 and up,Canada
Dentist Surgery ER Emergency Doctor Hospital Games,FAMILY,3.5,2580,53M,"100,000+",Free,0,Everyone,Simulation,"July 6, 2018",10,4.1 and up,Canada
Eye Transplant : ER Emergency Hospital,FAMILY,3.9,1938,62M,"1,000,000+",Free,0,Teen,Educational,"May 25, 2018",1.6,4.1 and up,Canada
Lifeguard Beach Rescue ER Emergency Hospital Games,FAMILY,3.9,519,76M,"100,000+",Free,0,Everyone,Simulation,"August 7, 2018",12,4.1 and up,Canada
Hospital ER Emergency Heart Surgery: Doctor Games,FAMILY,3.8,1652,71M,"100,000+",Free,0,Everyone,Simulation,"July 11, 2018",10,4.1 and up,Canada
Superhero Doctor 2 -ER Surgery,FAMILY,4.0,39647,72M,"10,000,000+",Free,0,Everyone 10+,Casual,"September 30, 2017",1.7,4.0.3 and up,Canada
ER,LIFESTYLE,,2,28M,500+,Free,0,Everyone,Lifestyle,"September 1, 2017",1.1.2,2.3.3 and up,United States
Noot-Noot-er!,FAMILY,4.5,74,2.8M,"5,000+",Free,0,Everyone,Entertainment,"November 22, 2017",2.0,4.0.3 and up,Canada
Doctor X - ER On Wheels,FAMILY,3.6,12781,51M,"1,000,000+",Free,0,Everyone,Casual;Pretend Play,"June 6, 2018",1.0.9,4.1 and up,Canada
Foot Surgery Hospital Simulator: ER Doctor Games,FAMILY,3.9,314,28M,"100,000+",Free,0,Everyone,Casual,"January 15, 2018",1.1,5.1 and up,Canada
ER Heart Surgery - Emergency Simulator Game,FAMILY,4.3,429,40M,"100,000+",Free,0,Everyone,Educational,"July 19, 2018",2.0,4.1 and up,Canada
Pregnant Mom ER Emergency Doctor Hospital Games,FAMILY,4.0,325,27M,"50,000+",Free,0,Everyone,Educational,"June 12, 2018",1.2,4.1 and up,Canada
Plastic Surgery Surgeon Simulator Er Doctor Games,FAMILY,3.7,3482,37M,"500,000+",Free,0,Everyone,Casual,"August 7, 2018",1.6,4.4 and up,Canada
Shoulder Surgery ER Emergency Doctor Game,FAMILY,3.9,55,46M,"10,000+",Free,0,Teen,Educational,"November 7, 2017",1.0.1,4.0 and up,Canada
Superhero Doctor 3 ER Surgery,FAMILY,4.2,2801,50M,"500,000+",Free,0,Everyone,Casual,"March 22, 2017",1.0,4.0.3 and up,Canada
Mom Doctor ER Emergency Family Game,FAMILY,3.5,173,49M,"10,000+",Free,0,Everyone,Educational,"January 26, 2018",1.0.0,4.1 and up,Canada
ER Blood Draw Doctor & Surgeon,FAMILY,4.0,154,58M,"50,000+",Free,0,Teen,Educational,"June 13, 2018",1.8,4.0.3 and up,Canada
"ER Emergency Hospital - Brain, Knee, Eye Surgery",FAMILY,3.8,25,41M,"1,000+",Free,0,Teen,Educational,"July 21, 2017",1.1,2.3 and up,Canada
Super Doctor 1-Pregnant Mom ER Surgery Simulator,FAMILY,4.1,290,73M,"10,000+",Free,0,Teen,Role Playing,"May 23, 2018",1.0,4.3 and up,Canada
Multi Surgery Hospital Pro: Virtual Doctor ER Game,FAMILY,4.2,23,33M,"1,000+",Free,0,Teen,Casual,"April 3, 2018",1.0,4.1 and up,Canada
Clumsy Santa ER Surgery,FAMILY,4.1,214,46M,"100,000+",Free,0,Teen,Casual,"December 22, 2016",1.0,4.0.3 and up,Canada
Little Eye Surgery Simulator - ER Doctor Game,FAMILY,4.4,12,19M,"1,000+",Free,0,Teen,Casual,"April 20, 2018",1.0,2.3 and up,Canada
Spinal Cord Surgery Doctor: Operation ER surgery,FAMILY,3.7,52,32M,"10,000+",Free,0,Everyone 10+,Role Playing,"February 26, 2018",1.0,4.1 and up,Canada
ER Neck Surgery: Hospital Christmas Emergency,FAMILY,,11,30M,"5,000+",Free,0,Everyone 10+,Role Playing,"November 24, 2017",1.0.1,4.1 and up,Canada
Super Doctor 2 - My Newborn Baby ER Injection,FAMILY,4.7,54,92M,"1,000+",Free,0,Teen,Role Playing,"June 25, 2018",1.0,4.3 and up,Canada
Virtual Brain Surgery Simulator : Kid ER Emergency,FAMILY,3.8,20,55M,"5,000+",Free,0,Teen,Educational,"February 23, 2018",1.1,4.0 and up,Canada
Crazy ER Open Heart Surgery Simulator,FAMILY,4.0,2936,45M,"500,000+",Free,0,Everyone,Simulation,"October 26, 2017",1.5,4.0 and up,Canada
ER Injection Simulator: Blood Test Doctor Hospital,FAMILY,4.2,3263,47M,"1,000,000+",Free,0,Everyone 10+,Role Playing,"May 29, 2018",2.6.4,4.1 and up,Canada
Kids Doctor ER Emergency Rescue Kids Hospital Game,FAMILY,3.8,515,85M,"100,000+",Free,0,Everyone,Simulation,"July 20, 2018",7,4.1 and up,Canada
Heart Surgery Doctor - ER Emergency Game,FAMILY,3.9,2510,48M,"500,000+",Free,0,Everyone 10+,Educational,"July 19, 2018",2.1,4.1 and up,Canada
Virtual Mom Surgery Doctor : ER Emergency Hospital,FAMILY,4.0,1130,77M,"100,000+",Free,0,Teen,Educational,"May 15, 2018",1.4,4.0 and up,Canada
ER Doctor Kids Emergency Room,FAMILY,3.1,4798,30M,"500,000+",Free,0,Teen,Casual,"June 13, 2018",1.9,4.0.3 and up,Canada
ER Assist,PRODUCTIVITY,5.0,3,28M,10+,Free,0,Everyone,Productivity,"December 6, 2016",0.1.7,4.1 and up,United States
Blood Injection : ER Emergency Doctor ER injection,FAMILY,3.5,246,35M,"50,000+",Free,0,Teen,Casual,"September 23, 2016",1.0,2.3 and up,Canada
Doctor Games For Girls - Hospital ER,FAMILY,4.5,51,39M,"5,000+",Free,0,Everyone,Casual,"April 16, 2018",2.1,4.1 and up,Canada
Open Heart Surgery Hospital ER: Crazy Doctor Sim,FAMILY,4.7,7,25M,"1,000+",Free,0,Teen,Casual,"April 5, 2018",1.0,4.1 and up,Canada
Hand Doctor Games ER Surgery Simulator,FAMILY,4.1,120,32M,"10,000+",Free,0,Everyone,Casual,"March 13, 2018",2.0,4.1 and up,Canada
ER Doctor City Emergency - Surgery City Doc FREE,FAMILY,3.9,1909,84M,"100,000+",Free,0,Teen,Educational,"June 13, 2018",2.1,4.0.3 and up,Canada
ER Hospital Simulator,FAMILY,4.0,286,60M,"100,000+",Free,0,Everyone,Simulation,"June 28, 2018",4.0,4.0.3 and up,Canada
Nose Surgery ER Simulator Lite,FAMILY,3.1,269,39M,"50,000+",Free,0,Teen,Educational,"June 3, 2017",1.0,4.0 and up,Canada
FAHREDDİN er-RÂZİ TEFSİRİ,BOOKS_AND_REFERENCE,,9,20M,"1,000+",Free,0,Everyone,Books & Reference,"March 19, 2018",1.1,4.0.3 and up,UNITED KINGDOM
The NBC App - Watch Live TV and Full Episodes,FAMILY,4.1,58104,17M,"5,000,000+",Free,0,Teen,Entertainment,"July 5, 2018",4.18.1,4.1 and up,Canada
Scanner Radio - Fire and Police Scanner,FAMILY,4.4,175509,Varies with device,"10,000,000+",Free,0,Everyone,Entertainment,"August 7, 2018",Varies with device,Varies with device,Canada
Ankle Surgery ER Emergency,FAMILY,3.3,10449,29M,"1,000,000+",Free,0,Teen,Educational,"December 2, 2016",1.7,2.3 and up,Canada
Voxer Walkie Talkie Messenger,COMMUNICATION,4.3,230564,Varies with device,"10,000,000+",Free,0,Everyone,Communication,"July 31, 2018",Varies with device,Varies with device,UNITED KINGDOM
ES File Explorer/Manager PRO,PRODUCTIVITY,4.7,81614,6.6M,"500,000+",Paid,$2.99,Everyone,Productivity,"July 11, 2018",Pro 1.1.4.1,4.0 and up,United States
ES Task Manager (Task Killer ),BUSINESS,4.3,171771,3.2M,"10,000,000+",Free,0,Everyone,Business,"January 15, 2018",2.0.6.4,2.1 and up,United States
ES Task Manager (Task Killer ),BUSINESS,4.3,171771,3.2M,"10,000,000+",Free,0,Everyone,Business,"January 15, 2018",2.0.6.4,2.1 and up,CANADA
ES Disk Analyzer - Storage Space,PRODUCTIVITY,4.7,5867,4.4M,"100,000+",Free,0,Everyone,Productivity,"October 31, 2017",1.0.2.9,4.0 and up,United States
ES Material Theme for Pro,PRODUCTIVITY,4.2,14428,1.2M,"1,000,000+",Free,0,Everyone,Productivity,"December 3, 2015",2.0.3,2.2 and up,United States
ES Holo Theme for Pro,PRODUCTIVITY,4.2,4737,1.7M,"500,000+",Free,0,Everyone,Productivity,"November 26, 2015",2.0.3,2.0 and up,United States
ES Billing System (Offline App),PRODUCTIVITY,5.0,1,4.2M,100+,Free,0,Everyone,Productivity,"May 17, 2018",1.0,4.1 and up,United States
ES Anywhere,BUSINESS,4.7,10,Varies with device,100+,Free,0,Everyone,Business,"April 28, 2017",Varies with device,4.0.3 and up,United States
ES Anywhere,BUSINESS,4.7,10,Varies with device,100+,Free,0,Everyone,Business,"April 28, 2017",Varies with device,4.0.3 and up,CANADA
YEBIS OpenGL ES 3.0 Tech Demo,FAMILY,4.6,380,6.7M,"10,000+",Free,0,Everyone,Entertainment,"March 11, 2014",1.0,4.3 and up,Canada
Advanced calculator fx 991 es plus & 991 ms plus,FAMILY,4.7,7252,9.2M,"500,000+",Free,0,Everyone,Education,"August 2, 2018",3.3.1-build-02-08-2018-19-release,4.0 and up,Canada
ES Solar,BUSINESS,5.0,3,4.7M,100+,Free,0,Everyone,Business,"May 17, 2018",1.2,4.1 and up,United States
ES Solar,BUSINESS,5.0,3,4.7M,100+,Free,0,Everyone,Business,"May 17, 2018",1.2,4.1 and up,CANADA
ESLock File Recovery Lite,PRODUCTIVITY,3.0,460,161k,"50,000+",Free,0,Everyone,Productivity,"January 5, 2016",1.5.9,4.0.3 and up,United States
Castle Clash: Epic Empire ES,FAMILY,4.6,584070,24M,"5,000,000+",Free,0,Everyone 10+,Strategy,"July 18, 2018",1.4.1,4.1 and up,Canada
ES-1,COMMUNICATION,,6,2.7M,500+,Free,0,Everyone,Communication,"July 5, 2016",1.0,1.6 and up,UNITED KINGDOM
School scientific calculator fx 500 es plus 500 ms,FAMILY,4.6,1553,9.2M,"100,000+",Free,0,Everyone,Education,"August 2, 2018",3.3.1-build-02-08-2018-19-release,4.0 and up,Canada
Esto Es Guerra TVN,FAMILY,4.5,1303,13M,"100,000+",Free,0,Everyone,Entertainment,"July 24, 2018",1.7.2,4.1 and up,Canada
HBO NOW: Stream TV & Movies,FAMILY,3.9,61230,Varies with device,"10,000,000+",Free,0,Teen,Entertainment,"July 19, 2018",Varies with device,Varies with device,Canada
Hymnes et Louanges,BOOKS_AND_REFERENCE,4.4,1877,5.7M,"100,000+",Free,0,Everyone,Books & Reference,"March 21, 2017",2.4.1,4.1 and up,UNITED KINGDOM
Lire avec Sami et Julie,FAMILY,3.6,569,18M,"100,000+",Free,0,Everyone,Educational;Education,"June 13, 2014",1.2,2.2 and up,Canada
Lettre et demande d'emploi,FAMILY,4.6,302,9.9M,"100,000+",Free,0,Everyone,Education,"January 2, 2018",1.0,4.0 and up,Canada
Blagues et Histoires Drôles,FAMILY,3.9,859,5.3M,"100,000+",Free,0,Teen,Entertainment,"February 18, 2017",0.0.2,4.1 and up,Canada
Lettre de motivation et CV,FAMILY,4.3,979,9.9M,"100,000+",Free,0,Everyone,Education,"July 30, 2018",2.0,4.0 and up,Canada
Google Arts & Culture,FAMILY,3.7,24137,Varies with device,"5,000,000+",Free,0,Everyone,Education,"June 25, 2018",Varies with device,Varies with device,Canada
Empires and Allies,FAMILY,4.3,398746,Varies with device,"10,000,000+",Free,0,Everyone 10+,Strategy,"August 6, 2018",Varies with device,4.1 and up,Canada
Beauty and the Beast,FAMILY,4.4,70883,31M,"1,000,000+",Free,0,Everyone,Puzzle;Creativity,"August 7, 2018",1.7.6,4.2 and up,Canada
Learn Italian with MosaLingua,FAMILY,4.7,1719,Varies with device,"50,000+",Paid,$4.99,Teen,Education,"May 31, 2018",Varies with device,Varies with device,Canada
iTranslate Translator & Dictionary,PRODUCTIVITY,4.3,201718,35M,"10,000,000+",Free,0,Everyone,Productivity,"July 11, 2018",4.6.15,4.1 and up,United States
Pocket Mortys,FAMILY,4.5,174215,93M,"10,000,000+",Free,0,Everyone,Simulation,"August 3, 2018",2.5.2,4.1 and up,Canada
Hangouts Dialer - Call Phones,COMMUNICATION,4.0,122512,79k,"10,000,000+",Free,0,Everyone,Communication,"September 2, 2015",0.1.100944346,4.0.3 and up,UNITED KINGDOM
Voice changer with effects,FAMILY,4.2,1260903,8.7M,"50,000,000+",Free,0,Everyone,Entertainment,"August 2, 2018",3.4.8,4.1 and up,Canada
European Union Simulator,FAMILY,3.6,688,26M,"50,000+",Free,0,Everyone,Simulation,"September 20, 2016",1.2,4.0.3 and up,Canada
EU Charter,BOOKS_AND_REFERENCE,4.6,33,37M,"1,000+",Free,0,Everyone,Books & Reference,"January 16, 2017",1.0.3,4.0 and up,UNITED KINGDOM
EU Council,COMMUNICATION,,7,19M,"1,000+",Free,0,Everyone,Communication,"July 4, 2018",1.3.0,4.4 and up,UNITED KINGDOM
EU Economy,PRODUCTIVITY,3.6,47,879k,"5,000+",Free,0,Everyone,Productivity,"December 19, 2017",9.0,4.2 and up,United States
EU Data Protection,BOOKS_AND_REFERENCE,3.5,29,17M,"1,000+",Free,0,Everyone,Books & Reference,"July 15, 2016",2.0,4.0.3 and up,UNITED KINGDOM
Council Voting Calculator,COMMUNICATION,3.9,33,3.4M,"5,000+",Free,0,Everyone,Communication,"January 6, 2017",2.3.0,4.1 and up,UNITED KINGDOM
EU FTL Calculator,BUSINESS,3.6,60,1.8M,"10,000+",Free,0,Everyone,Business,"June 1, 2018",1.5.1,4.1 and up,United States
EU FTL Calculator,BUSINESS,3.6,60,1.8M,"10,000+",Free,0,Everyone,Business,"June 1, 2018",1.5.1,4.1 and up,CANADA
The EU Relocation Programme,FAMILY,,27,12M,"1,000+",Free,0,Everyone,Education,"July 28, 2016",1.0,4.0 and up,Canada
Eurostat Country Profiles,PRODUCTIVITY,3.7,87,2.0M,"10,000+",Free,0,Everyone,Productivity,"April 12, 2018",37.0,4.0.3 and up,United States
EU in the World,FAMILY,,8,7.2M,100+,Free,0,Everyone,Entertainment,"March 2, 2018",1.1.1,4.1 and up,Canada
My EU,FAMILY,3.8,4,13M,100+,Free,0,Everyone,Education,"May 15, 2017",3.2.1,4.1 and up,Canada
CVRIA,BUSINESS,4.7,68,3.5M,"10,000+",Free,0,Everyone,Business,"May 11, 2017",1.1.10,4.4 and up,United States
CVRIA,BUSINESS,4.7,68,3.5M,"10,000+",Free,0,Everyone,Business,"May 11, 2017",1.1.10,4.4 and up,CANADA
TAXLANDIA,FAMILY,1.9,141,65M,"1,000+",Free,0,Everyone,Educational,"March 6, 2018",1.8.2,4.3 and up,Canada
Have your say on Europe,COMMUNICATION,3.8,19,21M,500+,Free,0,Everyone,Communication,"April 19, 2018",1.1.0,4.1 and up,UNITED KINGDOM
EURES - Your Job in Europe,BUSINESS,2.7,358,2.0M,"50,000+",Free,0,Everyone,Business,"September 18, 2017",1.4.1,2.3.3 and up,United States
EURES - Your Job in Europe,BUSINESS,2.7,358,2.0M,"50,000+",Free,0,Everyone,Business,"September 18, 2017",1.4.1,2.3.3 and up,CANADA
Autoroute.EU,BUSINESS,,10,2.7M,"1,000+",Free,0,Everyone,Business,"July 19, 2016",2.6,4.0.3 and up,United States
Autoroute.EU,BUSINESS,,10,2.7M,"1,000+",Free,0,Everyone,Business,"July 19, 2016",2.6,4.0.3 and up,CANADA
Invasive Alien Species Europe,FAMILY,4.5,13,13M,"1,000+",Free,0,Everyone,Education,"November 20, 2017",1.0.6,4.4 and up,Canada
EU Exit poll,LIFESTYLE,5.0,10,9.4M,100+,Free,0,Everyone,Lifestyle,"July 15, 2016",1.6,4.1 and up,United States
EU WHO War,FAMILY,,0,1.2M,50+,Free,0,Everyone,Education,"December 23, 2013",1.0,3.0 and up,Canada
Brexit EU,FAMILY,4.4,7,7.5M,500+,Free,0,Everyone,Casual,"March 10, 2016",1.0,2.3 and up,Canada
E.U. Trademark Search Tool,BUSINESS,,0,3.1M,10+,Free,0,Everyone,Business,"March 29, 2018",1.5,4.0.3 and up,United States
E.U. Trademark Search Tool,BUSINESS,,0,3.1M,10+,Free,0,Everyone,Business,"March 29, 2018",1.5,4.0.3 and up,CANADA
EU VAT Checker,BUSINESS,3.1,7,39k,"1,000+",Free,0,Everyone,Business,"October 12, 2011",1,1.6 and up,United States
EU VAT Checker,BUSINESS,3.1,7,39k,"1,000+",Free,0,Everyone,Business,"October 12, 2011",1,1.6 and up,CANADA
Dotti EU,BUSINESS,,15,4.3M,"1,000+",Free,0,Everyone,Business,"May 9, 2018",2.1.18,4.4 and up,United States
Dotti EU,BUSINESS,,15,4.3M,"1,000+",Free,0,Everyone,Business,"May 9, 2018",2.1.18,4.4 and up,CANADA
EU RCD Guide,BOOKS_AND_REFERENCE,,0,45M,10+,Paid,$3.61,Everyone,Books & Reference,"June 29, 2016",2.0,4.0 and up,UNITED KINGDOM
daskal.eu,FAMILY,5.0,5,15M,50+,Free,0,Everyone,Education,"October 6, 2017",2.3.3,4.4 and up,Canada
Programi podrške EU,COMMUNICATION,,0,5.4M,100+,Free,0,Everyone,Communication,"January 15, 2018",1.0.3,4.1 and up,UNITED KINGDOM
EU FP7 Adventure,BUSINESS,,2,5.2M,100+,Free,0,Everyone,Business,"February 15, 2013",1,2.2 and up,United States
EU FP7 Adventure,BUSINESS,,2,5.2M,100+,Free,0,Everyone,Business,"February 15, 2013",1,2.2 and up,CANADA
GastroHunter.EU,LIFESTYLE,,1,1.5M,10+,Free,0,Everyone,Lifestyle,"April 23, 2015",1.0,4.3 and up,United States
EU IP Codes,BOOKS_AND_REFERENCE,,2,970k,100+,Free,0,Everyone,Books & Reference,"January 8, 2014",1.0.4,4.0 and up,UNITED KINGDOM
MOTOBAZAR EU,LIFESTYLE,,1,2.0M,100+,Free,0,Everyone,Lifestyle,"May 6, 2018",1.2.36,4.0.3 and up,United States
IF YOU TO EU PEGO,FAMILY,,3,2.1M,100+,Paid,$1.26,Everyone,Entertainment,"January 12, 2012",3,2.1 and up,Canada
VAT Checker for EU company,BUSINESS,4.7,78,Varies with device,"1,000+",Free,0,Everyone,Business,"January 24, 2017",Varies with device,Varies with device,United States
VAT Checker for EU company,BUSINESS,4.7,78,Varies with device,"1,000+",Free,0,Everyone,Business,"January 24, 2017",Varies with device,Varies with device,CANADA
Inbox.eu,COMMUNICATION,3.7,98,9.7M,"10,000+",Free,0,Everyone,Communication,"July 11, 2018",6.4.7,4.3 and up,UNITED KINGDOM
Konferencija.eu,BUSINESS,,3,1.6M,10+,Free,0,Everyone,Business,"March 21, 2017",1.0.2,4.0 and up,United States
Konferencija.eu,BUSINESS,,3,1.6M,10+,Free,0,Everyone,Business,"March 21, 2017",1.0.2,4.0 and up,CANADA
Going Abroad,FAMILY,3.0,606,42M,"50,000+",Free,0,Everyone 10+,Educational,"August 16, 2016",1.2,4.0 and up,Canada
EU GDPR RiskCalc,BUSINESS,,1,13M,50+,Free,0,Everyone,Business,"October 3, 2017",1.0.0,4.2 and up,United States
EU GDPR RiskCalc,BUSINESS,,1,13M,50+,Free,0,Everyone,Business,"October 3, 2017",1.0.0,4.2 and up,CANADA
EU Whoiswho,BUSINESS,,0,2.7M,10+,Free,0,Everyone,Business,"December 1, 2016",0.0.1,4.0 and up,United States
EU Whoiswho,BUSINESS,,0,2.7M,10+,Free,0,Everyone,Business,"December 1, 2016",0.0.1,4.0 and up,CANADA
EU Brazil Green Business Forum,PRODUCTIVITY,,0,8.7M,10+,Free,0,Everyone,Productivity,"April 18, 2017",1.7.1,2.1 and up,United States
Qserve EU MDR First Aid,BUSINESS,3.0,2,17M,100+,Free,0,Everyone,Business,"May 11, 2017",1.2.22,4.1 and up,United States
Qserve EU MDR First Aid,BUSINESS,3.0,2,17M,100+,Free,0,Everyone,Business,"May 11, 2017",1.2.22,4.1 and up,CANADA
I'm Rich/Eu sou Rico/أنا غني/我很有錢,LIFESTYLE,,0,40M,0+,Paid,$399.99,Everyone,Lifestyle,"December 1, 2017",MONEY,4.1 and up,United States
Strawberry Shortcake Ice Cream Island,FAMILY,4.2,32200,15M,"5,000,000+",Free,0,Everyone,Casual;Pretend Play,"November 6, 2017",1.2,4.1 and up,Canada
NativeScript Developer Day EU,BUSINESS,,2,12M,100+,Free,0,Everyone,Business,"September 23, 2017",1.2,4.2 and up,United States
NativeScript Developer Day EU,BUSINESS,,2,12M,100+,Free,0,Everyone,Business,"September 23, 2017",1.2,4.2 and up,CANADA
EU FP7 SAM,BUSINESS,,0,9.7M,10+,Free,0,Everyone,Business,"March 12, 2015",1.0.3,4.0 and up,United States
EU FP7 SAM,BUSINESS,,0,9.7M,10+,Free,0,Everyone,Business,"March 12, 2015",1.0.3,4.0 and up,CANADA
eu sou franky,BUSINESS,3.7,195,4.0M,"10,000+",Free,0,Everyone,Business,"November 21, 2016",1.0.1,4.0 and up,United States
eu sou franky,BUSINESS,3.7,195,4.0M,"10,000+",Free,0,Everyone,Business,"November 21, 2016",1.0.1,4.0 and up,CANADA
NissanConnect® EV & Services,LIFESTYLE,2.3,853,88M,"50,000+",Free,0,Everyone,Lifestyle,"July 20, 2018",6.2.0,4.4 and up,United States
Emerge EV App (eBike App),LIFESTYLE,3.0,26,Varies with device,"1,000+",Free,0,Everyone,Lifestyle,"May 15, 2018",Varies with device,6.0 and up,United States
EV Trip Optimizer for Tesla,AUTO_AND_VEHICLES,3.2,46,6.6M,"1,000+",Free,0,Everyone,Auto & Vehicles,"June 26, 2018",3.4,4.1 and up,United States
Simple EV Calc,PRODUCTIVITY,4.2,105,72M,"1,000+",Free,0,Everyone,Productivity,"October 16, 2017",2.2.2,4.4 and up,United States
CHOSEN - EV Smart Charger,AUTO_AND_VEHICLES,,1,19M,10+,Free,0,Everyone,Auto & Vehicles,"August 7, 2018",3.4.4,4.2 and up,United States
Bolt - EV Charging Service,AUTO_AND_VEHICLES,3.0,9,8.4M,100+,Free,0,Everyone,Auto & Vehicles,"March 23, 2018",2.2.0,5.0 and up,United States
SpeedApp EV,AUTO_AND_VEHICLES,,0,48M,5+,Free,0,Everyone,Auto & Vehicles,"July 4, 2018",1.2,6.0 and up,United States
EV Real Estate Search,LIFESTYLE,4.1,88,20M,"5,000+",Free,0,Everyone,Lifestyle,"July 13, 2018",5.600.49,4.0.3 and up,United States
Ev Dizayn,LIFESTYLE,3.6,30,5.2M,"5,000+",Free,0,Everyone,Lifestyle,"March 4, 2015",1.0,4.0 and up,United States
Builder Craft: House Building & Exploration,FAMILY,4.2,20807,52M,"1,000,000+",Free,0,Everyone 10+,Simulation,"August 2, 2017",1.3,4.1 and up,Canada
AÖF Ev İdaresi 1. Sınıf,FAMILY,,2,11M,"1,000+",Free,0,Everyone,Education,"July 15, 2018",3.0,4.1 and up,Canada
EV Bon Dictionary,FAMILY,,11,16M,500+,Free,0,Everyone,Education,"October 28, 2017",2.0,4.0 and up,Canada
German Vocabulary Trainer,FAMILY,3.3,1218,1.0M,"100,000+",Free,0,Everyone,Education,"August 24, 2012",1.0,2.1 and up,Canada
REV Robotic Enhance Vehicles,FAMILY,4.4,2558,61M,"100,000+",Free,0,Everyone,Entertainment,"January 16, 2018",2.0.11,4.4 and up,Canada
myChevrolet,LIFESTYLE,3.5,6747,Varies with device,"1,000,000+",Free,0,Everyone,Lifestyle,"June 11, 2018",Varies with device,Varies with device,United States
Electric Car Taxi Driver: NY City Cab Taxi Games,FAMILY,4.0,5886,54M,"1,000,000+",Free,0,Everyone,Simulation,"May 28, 2018",1.2,4.0 and up,Canada
Home Decoration Game,FAMILY,4.0,17543,19M,"5,000,000+",Free,0,Everyone,Casual,"January 25, 2018",3.0.1,4.0 and up,Canada
EvAk Smart Home,LIFESTYLE,,14,Varies with device,500+,Free,0,Everyone,Lifestyle,"March 13, 2018",1.1.1,4.1 and up,United States
PokeType - Dex,FAMILY,4.6,36813,33M,"500,000+",Free,0,Everyone,Entertainment,"May 1, 2018",4.2.0,4.1 and up,Canada
Survival Forest : Survivor Home Builder,FAMILY,3.6,9389,64M,"1,000,000+",Free,0,Teen,Simulation,"May 31, 2018",1.3.4,4.0 and up,Canada
Doll House Design & Decoration 2: Girls House Game,FAMILY,3.9,2338,45M,"100,000+",Free,0,Everyone,Simulation,"May 29, 2018",1.1,4.1 and up,Canada
Lux Home Decorating Room Games,FAMILY,4.0,1518,Varies with device,"100,000+",Free,0,Everyone,Casual,"October 20, 2017",2.0,4.1 and up,Canada
Design Home,FAMILY,4.4,539931,69M,"10,000,000+",Free,0,Everyone,Simulation,"August 6, 2018",1.11.01,4.2 and up,Canada
EW Manager,BUSINESS,,0,4.4M,10+,Free,0,Everyone,Business,"February 20, 2018",1.0.0,4.1 and up,United States
EW Manager,BUSINESS,,0,4.4M,10+,Free,0,Everyone,Business,"February 20, 2018",1.0.0,4.1 and up,CANADA
PeopleTV - Watch Celebrity News,FAMILY,4.3,2223,8.6M,"100,000+",Free,0,Teen,Entertainment,"March 28, 2018",1.2.0.8,4.1 and up,Canada
EW PDF,BOOKS_AND_REFERENCE,,0,8.7M,5+,Free,0,Everyone,Books & Reference,"February 14, 2018",1.0.2,4.4 and up,UNITED KINGDOM
EW Gate,BUSINESS,,0,12M,50+,Free,0,Everyone,Business,"April 16, 2018",3.07,4.0 and up,United States
EW Gate,BUSINESS,,0,12M,50+,Free,0,Everyone,Business,"April 16, 2018",3.07,4.0 and up,CANADA
EW Login,BUSINESS,,0,5.8M,10+,Free,0,Everyone,Business,"December 13, 2017",1.0.0,4.0.3 and up,United States
EW Login,BUSINESS,,0,5.8M,10+,Free,0,Everyone,Business,"December 13, 2017",1.0.0,4.0.3 and up,CANADA
EW Handbook,BUSINESS,,1,17M,100+,Free,0,Everyone,Business,"June 11, 2015",4,2.3.3 and up,United States
EW Handbook,BUSINESS,,1,17M,100+,Free,0,Everyone,Business,"June 11, 2015",4,2.3.3 and up,CANADA
European War 6: 1804,FAMILY,4.2,1330,96M,"10,000+",Paid,$0.99,Teen,Strategy,"July 18, 2018",1.1.0,4.4 and up,Canada
XCOM®: Enemy Within,FAMILY,4.2,13752,21M,"100,000+",Paid,$9.99,Mature 17+,Strategy,"October 24, 2017",1.7.0,4.0 and up,Canada
Mobile Strike,FAMILY,3.9,903392,Varies with device,"50,000,000+",Free,0,Everyone 10+,Strategy,"June 14, 2018",3.30.4.207,4.1 and up,Canada
European War 5:Empire,FAMILY,3.8,9513,82M,"100,000+",Free,0,Everyone 10+,Strategy,"June 8, 2018",1.2.6,4.0.3 and up,Canada
Raytheon F-16 EW 360 VR,FAMILY,4.5,6,22M,500+,Free,0,Everyone,Entertainment,"June 9, 2017",1.0.01,4.4 and up,Canada
Pregnant Emergency Surgery,FAMILY,3.8,127229,34M,"10,000,000+",Free,0,Everyone,Casual,"September 7, 2017",1.1.14,4.0 and up,Canada
Food Network,FAMILY,4.1,7823,Varies with device,"500,000+",Free,0,Teen,Entertainment,"July 27, 2018",Varies with device,Varies with device,Canada
TRANSFORMERS: Earth Wars,FAMILY,4.5,256219,95M,"10,000,000+",Free,0,Everyone,Strategy,"July 31, 2018",1.64.0.21247,4.2 and up,Canada
Beard Live Camera Photo Editor,BEAUTY,4.7,900,30M,"5,000+",Free,0,Everyone,Beauty,"March 25, 2018",1.1,4.0.3 and up,INDIA
No Pimple - Fun games,FAMILY,3.3,24091,16M,"5,000,000+",Free,0,Teen,Casual,"August 4, 2016",1.1.0,2.3 and up,Canada
Web Browser for Android,COMMUNICATION,4.1,55110,4.3M,"1,000,000+",Free,0,Everyone,Communication,"June 20, 2018",2.2,4.0 and up,UNITED KINGDOM
OMG Gross Zit - Date Nightmare,FAMILY,3.7,70105,67M,"10,000,000+",Free,0,Everyone,Casual,"June 6, 2018",1.0.3,4.1 and up,Canada
Garden Fever - Free!,FAMILY,3.9,13253,12M,"1,000,000+",Free,0,Everyone,Puzzle,"August 9, 2016",2.1.080,2.3 and up,Canada
Subway Simulator 3D,FAMILY,4.0,25489,62M,"1,000,000+",Free,0,Everyone,Simulation,"August 6, 2018",2.9.0,4.1 and up,Canada
XCOM: TBG,FAMILY,4.0,2294,95M,"100,000+",Free,0,Everyone,Entertainment,"January 9, 2017",1.2.1,2.3 and up,Canada
Deus Ex GO,FAMILY,4.5,9699,23M,"100,000+",Paid,$0.99,Teen,Puzzle,"July 23, 2018",2.1.111374,4.2 and up,Canada
Remote EX for NISSAN,COMMUNICATION,2.3,223,1.0M,"5,000+",Paid,$1.49,Everyone,Communication,"July 26, 2014",1.3,3.0 and up,UNITED KINGDOM
Get Over Your Ex,DATING,4.1,10,11M,"5,000+",Free,0,Everyone,Dating,"April 12, 2017",1.1,4.0.3 and up,CHINA
EX File Explorer File Manage Pro,PRODUCTIVITY,,1,6.3M,50+,Paid,$1.99,Everyone,Productivity,"August 6, 2017",1.0,4.0 and up,United States
Aurum Blade EX,FAMILY,4.3,28151,17M,"1,000,000+",Free,0,Everyone 10+,Role Playing,"June 4, 2015",1.0.2,2.2 and up,Canada
My Ex Girlfriend Comes Back,FAMILY,3.7,3258,26M,"500,000+",Free,0,Everyone,Casual,"March 4, 2016",1.0.0,2.3 and up,Canada
Gods Wars Ex : Vampire,FAMILY,3.9,1550,21M,"100,000+",Free,0,Teen,Role Playing,"October 28, 2017",1.0.6,3.0 and up,Canada
BakaReader EX,BOOKS_AND_REFERENCE,4.3,8894,2.3M,"100,000+",Free,0,Everyone,Books & Reference,"July 23, 2018",1.1.51,4.0 and up,UNITED KINGDOM
Ex Quotes,LIFESTYLE,4.4,129,8.1M,"50,000+",Free,0,Everyone 10+,Lifestyle,"June 16, 2018",3.0.1,4.1 and up,United States
Ex Service Taxis,BUSINESS,3.5,15,8.0M,"1,000+",Free,0,Everyone,Business,"October 21, 2015",20.7.9.2,2.3 and up,United States
Ex Service Taxis,BUSINESS,3.5,15,8.0M,"1,000+",Free,0,Everyone,Business,"October 21, 2015",20.7.9.2,2.3 and up,CANADA
S.O.L : Stone of Life EX,FAMILY,4.3,171220,42M,"5,000,000+",Free,0,Everyone 10+,Role Playing,"July 28, 2015",1.2.6,2.3.3 and up,Canada
How To Get Your Ex Back Fast,LIFESTYLE,4.0,22,19M,"5,000+",Free,0,Everyone,Lifestyle,"February 7, 2018",15.0,4.0.3 and up,United States
ExDialer PRO Key,COMMUNICATION,4.5,5474,17k,"100,000+",Paid,$3.99,Everyone,Communication,"January 15, 2014",81,2.1 and up,UNITED KINGDOM
EY Events,BUSINESS,2.5,31,54M,"10,000+",Free,0,Everyone,Business,"April 4, 2018",2.6,4.1 and up,United States
EY Events,BUSINESS,2.5,31,54M,"10,000+",Free,0,Everyone,Business,"April 4, 2018",2.6,4.1 and up,CANADA
EY GlobalOne,BUSINESS,2.7,11,6.8M,"1,000+",Free,0,Everyone,Business,"November 27, 2017",3.1.0,2.2 and up,United States
EY GlobalOne,BUSINESS,2.7,11,6.8M,"1,000+",Free,0,Everyone,Business,"November 27, 2017",3.1.0,2.2 and up,CANADA
EY Team Connect,PRODUCTIVITY,,0,38M,50+,Free,0,Everyone,Productivity,"June 8, 2018",1.20180531.3,5.0 and up,United States
EY eMentor,FAMILY,,5,44M,500+,Free,0,Everyone,Education,"November 3, 2016",1.0.0,4.4 and up,Canada
EY Conferences,BUSINESS,,1,30M,"1,000+",Free,0,Everyone,Business,"May 16, 2018",5.28,5.0 and up,United States
EY Conferences,BUSINESS,,1,30M,"1,000+",Free,0,Everyone,Business,"May 16, 2018",5.28,5.0 and up,CANADA
EY Africa,BUSINESS,,0,8.4M,100+,Free,0,Everyone,Business,"April 9, 2018",1.42.180409,4.2 and up,United States
EY Africa,BUSINESS,,0,8.4M,100+,Free,0,Everyone,Business,"April 9, 2018",1.42.180409,4.2 and up,CANADA
EY Tax Briefing,BUSINESS,,3,15M,100+,Free,0,Everyone,Business,"March 21, 2018",1.0,4.1 and up,United States
EY Tax Briefing,BUSINESS,,3,15M,100+,Free,0,Everyone,Business,"March 21, 2018",1.0,4.1 and up,CANADA
EY Digital Direct,BUSINESS,,0,27M,5+,Free,0,Everyone,Business,"August 3, 2018",2.0,6.0 and up,United States
EY Digital Direct,BUSINESS,,0,27M,5+,Free,0,Everyone,Business,"August 3, 2018",2.0,6.0 and up,CANADA
EY India Tax Insights,BUSINESS,4.7,87,5.1M,"10,000+",Free,0,Everyone,Business,"July 15, 2017",0.0.1,4.1 and up,United States
EY India Tax Insights,BUSINESS,4.7,87,5.1M,"10,000+",Free,0,Everyone,Business,"July 15, 2017",0.0.1,4.1 and up,CANADA
EY India CFO Insights,BUSINESS,4.7,37,10M,"5,000+",Free,0,Everyone,Business,"June 29, 2018",1.5,4.1 and up,United States
EY India CFO Insights,BUSINESS,4.7,37,10M,"5,000+",Free,0,Everyone,Business,"June 29, 2018",1.5,4.1 and up,CANADA
EY Digital Tax AR,BUSINESS,,2,19M,100+,Free,0,Everyone,Business,"September 29, 2017",1.6,4.0 and up,United States
EY Digital Tax AR,BUSINESS,,2,19M,100+,Free,0,Everyone,Business,"September 29, 2017",1.6,4.0 and up,CANADA
EY Divest,BUSINESS,,0,54M,5+,Free,0,Everyone,Business,"July 11, 2017",1.0.0,4.0 and up,United States
EY Divest,BUSINESS,,0,54M,5+,Free,0,Everyone,Business,"July 11, 2017",1.0.0,4.0 and up,CANADA
EY ATL Fuel Calculator,PRODUCTIVITY,4.4,15,3.1M,500+,Free,0,Everyone,Productivity,"July 21, 2018",12,2.1 and up,United States
EY Digi India Personal Tax,BUSINESS,4.0,2,1.7M,100+,Free,0,Everyone,Business,"May 24, 2018",5.0,4.0.3 and up,United States
EY Digi India Personal Tax,BUSINESS,4.0,2,1.7M,100+,Free,0,Everyone,Business,"May 24, 2018",5.0,4.0.3 and up,CANADA
EY Catalyst Reader,BUSINESS,,1,8.4M,5+,Free,0,Everyone,Business,"April 10, 2018",1.2.1,5.0 - 7.1.1,United States
EY Catalyst Reader,BUSINESS,,1,8.4M,5+,Free,0,Everyone,Business,"April 10, 2018",1.2.1,5.0 - 7.1.1,CANADA
Pink Guy - Ey B0ss,FAMILY,4.7,13,1.2M,500+,Free,0,Everyone,Entertainment,"May 4, 2016",1.0,4.0.3 and up,Canada
EY Staff ENTERTAINER,LIFESTYLE,4.3,218,19M,"10,000+",Free,0,Everyone,Lifestyle,"January 16, 2017",1.0.3,2.3 and up,United States
EY EMEIA Diversity & Inclusion,BUSINESS,,4,12M,500+,Free,0,Everyone,Business,"November 25, 2016",1.0.0,4.4 and up,United States
EY EMEIA Diversity & Inclusion,BUSINESS,,4,12M,500+,Free,0,Everyone,Business,"November 25, 2016",1.0.0,4.4 and up,CANADA
Ey Sey Storytime រឿងនិទានតាឥសី,FAMILY,4.7,1327,44M,"10,000+",Free,0,Everyone,Education;Education,"May 18, 2017",1.2.2,4.0.3 and up,Canada
EY Events Switzerland,PRODUCTIVITY,,1,18M,500+,Free,0,Teen,Productivity,"June 29, 2018",7.17.2.3,5.0 and up,United States
EY TaxLaw NL,BUSINESS,,9,3.3M,100+,Free,0,Everyone,Business,"July 3, 2018",3.0.1,4.1 and up,United States
EY TaxLaw NL,BUSINESS,,9,3.3M,100+,Free,0,Everyone,Business,"July 3, 2018",3.0.1,4.1 and up,CANADA
EY-Parthenon,BUSINESS,,1,30M,5+,Free,0,Everyone,Business,"June 25, 2018",5.30.01,5.1 and up,United States
EY-Parthenon,BUSINESS,,1,30M,5+,Free,0,Everyone,Business,"June 25, 2018",5.30.01,5.1 and up,CANADA
EY Oil & Gas,BUSINESS,4.6,20,15M,"1,000+",Free,0,Everyone,Business,"October 12, 2017",1.4.36,4.0.3 and up,United States
EY Oil & Gas,BUSINESS,4.6,20,15M,"1,000+",Free,0,Everyone,Business,"October 12, 2017",1.4.36,4.0.3 and up,CANADA
哈哈姆特不EY,COMMUNICATION,,239,18M,"10,000+",Free,0,Everyone,Communication,"July 31, 2018",1.3.4,4.4 and up,UNITED KINGDOM
Adhenarcos - Coupe Adhemar EY 2018,FAMILY,,0,13M,100+,Free,0,Teen,Entertainment,"January 10, 2018",1.0,4.1 and up,Canada
Everbridge,COMMUNICATION,3.1,497,36M,"100,000+",Free,0,Everyone,Communication,"July 17, 2018",8.6.2,4.4 and up,UNITED KINGDOM
I am Dentist - Save my Teeth,FAMILY,4.3,7443,33M,"100,000+",Free,0,Everyone,Casual,"September 29, 2016",1.0.11,3.0 and up,Canada
Best Auto Call Recorder Free,COMMUNICATION,3.7,7,4.3M,500+,Free,0,Everyone,Communication,"October 2, 2017",2.1,4.1 and up,UNITED KINGDOM
Organizer,PRODUCTIVITY,4.4,936,5.4M,"50,000+",Paid,$2.99,Everyone,Productivity,"June 17, 2018",2.96,4.0 and up,United States
EZ PZ RPG,FAMILY,3.8,70903,47M,"1,000,000+",Free,0,Everyone 10+,Role Playing,"October 27, 2016",2.164.4,2.3 and up,Canada
EZ Thanks,BUSINESS,3.2,116,Varies with device,"10,000+",Free,0,Everyone,Business,"June 13, 2018",Varies with device,Varies with device,United States
EZ Thanks,BUSINESS,3.2,116,Varies with device,"10,000+",Free,0,Everyone,Business,"June 13, 2018",Varies with device,Varies with device,CANADA
EZ Inspections,PRODUCTIVITY,2.8,160,7.6M,"10,000+",Free,0,Everyone,Productivity,"July 27, 2018",4.5.24,4.2 and up,United States
EZ-ELD Update,AUTO_AND_VEHICLES,3.1,14,4.6M,"1,000+",Free,0,Everyone,Auto & Vehicles,"February 9, 2018",16.00,4.3 and up,United States
EZ Display,PRODUCTIVITY,2.9,280,10.0M,"50,000+",Free,0,Everyone,Productivity,"November 14, 2014",1.0.0.457,4.0 and up,United States
EZ File Manager(Root Explorer),PRODUCTIVITY,3.5,626,1.2M,"100,000+",Free,0,Everyone,Productivity,"June 23, 2015",1.1,3.2 and up,United States
EZ-ELD Driver App (Free),AUTO_AND_VEHICLES,2.1,83,4.8M,"5,000+",Free,0,Everyone,Auto & Vehicles,"July 29, 2018",1.0.12,4.3 and up,United States
EZ Notes Lite,PRODUCTIVITY,4.4,69,3.5M,"1,000+",Free,0,Everyone,Productivity,"July 8, 2016",2.79,4.0 and up,United States
Ez Texting,BUSINESS,3.3,49,51k,"10,000+",Free,0,Everyone,Business,"January 18, 2012",0.59,2.1 and up,United States
Ez Texting,BUSINESS,3.3,49,51k,"10,000+",Free,0,Everyone,Business,"January 18, 2012",0.59,2.1 and up,CANADA
EZ View,BUSINESS,3.0,287,9.8M,"50,000+",Free,0,Everyone,Business,"October 26, 2015",1.0.0.32,4.0 and up,United States
EZ View,BUSINESS,3.0,287,9.8M,"50,000+",Free,0,Everyone,Business,"October 26, 2015",1.0.0.32,4.0 and up,CANADA
EZ Wifi Notification,COMMUNICATION,4.3,260,193k,"10,000+",Free,0,Everyone,Communication,"August 11, 2014",1.8,2.2 and up,UNITED KINGDOM
EZ Switch Widget,PRODUCTIVITY,4.2,2412,192k,"100,000+",Free,0,Everyone,Productivity,"September 27, 2012",0.1.8 beta,2.2 and up,United States
EZ-Builder Mobile,FAMILY,4.3,51,57M,"5,000+",Free,0,Everyone,Education,"April 2, 2018",2018.04.02.00,3.0 and up,Canada
My EZ-Link Mobile,LIFESTYLE,2.8,3187,11M,"100,000+",Free,0,Everyone,Lifestyle,"January 27, 2017",1.0.11,4.0 and up,United States
EZ Quran,BOOKS_AND_REFERENCE,4.6,595,8.5M,"50,000+",Free,0,Everyone,Books & Reference,"June 28, 2016",6.0,4.1 and up,UNITED KINGDOM
"FEABIE: Feedees, BBW, BHM & FA",DATING,3.7,1212,Varies with device,"100,000+",Free,0,Mature 17+,Dating,"February 16, 2018",4.4.1,4.1 and up,CHINA
Test Server SMS FA,COMMUNICATION,,0,1.8M,5+,Free,0,Everyone,Communication,"July 27, 2018",1.0,4.0.3 and up,UNITED KINGDOM
Facebook Face to Face Events,BUSINESS,4.4,4518,26M,"1,000,000+",Free,0,Everyone,Business,"March 1, 2018",1.5,4.1 and up,United States
Facebook Face to Face Events,BUSINESS,4.4,4518,26M,"1,000,000+",Free,0,Everyone,Business,"March 1, 2018",1.5,4.1 and up,CANADA
FA Part 1 & 2 Past Papers Solved Free – Offline,BOOKS_AND_REFERENCE,3.9,46,3.0M,"5,000+",Free,0,Everyone,Books & Reference,"April 30, 2018",1.1,4.0 and up,UNITED KINGDOM
Il Coccodrillo Come Fa,FAMILY,3.4,17,246k,"1,000+",Free,0,Everyone,Entertainment,"November 21, 2014",1.0,4.0 and up,Canada
Dio Fa Cose,FAMILY,,35,1.3M,"1,000+",Free,0,Everyone,Entertainment,"March 15, 2018",1.0,2.3.3 and up,Canada
F.A Sumon songs,FAMILY,,6,5.4M,"1,000+",Free,0,Everyone,Entertainment,"March 18, 2018",1.1,4.1 and up,Canada
Farm Heroes Saga,FAMILY,4.4,7615646,71M,"100,000,000+",Free,0,Everyone,Casual,"August 7, 2018",5.2.6,2.3 and up,Canada
All AJK Board Matric Fa Fsc Results,FAMILY,,0,2.6M,10+,Free,0,Everyone,Education,"July 22, 2018",1.0,4.0 and up,Canada
Fallout Shelter,FAMILY,4.6,2721923,25M,"10,000,000+",Free,0,Teen,Simulation,"June 11, 2018",1.13.12,4.1 and up,Canada
Block Puzzle - Wood Legend,FAMILY,4.4,318867,10M,"10,000,000+",Free,0,Everyone,Puzzle,"July 6, 2018",26.0,4.0.3 and up,Canada
Fart sound pranks,FAMILY,3.8,283823,Varies with device,"50,000,000+",Free,0,Everyone 10+,Casual,"November 23, 2016",Varies with device,Varies with device,Canada
Facebook Pages Manager,BUSINESS,4.0,1279800,Varies with device,"50,000,000+",Free,0,Everyone,Business,"August 6, 2018",Varies with device,Varies with device,United States
Facebook Pages Manager,BUSINESS,4.0,1279800,Varies with device,"50,000,000+",Free,0,Everyone,Business,"August 6, 2018",Varies with device,Varies with device,CANADA
Facebook Ads Manager,BUSINESS,4.1,19051,Varies with device,"1,000,000+",Free,0,Everyone,Business,"August 1, 2018",99.0.0.35.75,4.1 and up,United States
Facebook Ads Manager,BUSINESS,4.1,19051,Varies with device,"1,000,000+",Free,0,Everyone,Business,"August 1, 2018",99.0.0.35.75,4.1 and up,CANADA
Who Viewed My FB Profile,FAMILY,3.4,121,6.3M,"10,000+",Free,0,Everyone,Entertainment,"December 26, 2017",2.0,4.0.3 and up,Canada
Lite for Facebook Messenger,COMMUNICATION,4.3,76498,4.3M,"1,000,000+",Free,0,Teen,Communication,"June 20, 2018",6.3.2,Varies with device,UNITED KINGDOM
Who viewed my fb profile pro★★,FAMILY,4.5,6396,4.2M,"100,000+",Free,0,Everyone,Entertainment,"August 17, 2017",24.4,4.1 and up,Canada
MultiMessage for FB Messenger,PRODUCTIVITY,4.2,182,7.0M,"50,000+",Free,0,Everyone,Productivity,"April 28, 2018",1.0.1,4.2 and up,United States
Messenger Kids – Safer Messaging and Video Chat,FAMILY,4.2,3478,Varies with device,"500,000+",Free,0,Everyone,Communication;Creativity,"August 6, 2018",33.0.0.22.76,4.4 and up,Canada
FB Live,BUSINESS,3.7,27,18M,"5,000+",Free,0,Everyone,Business,"May 17, 2018",1.2.0,5.0 and up,United States
FB Live,BUSINESS,3.7,27,18M,"5,000+",Free,0,Everyone,Business,"May 17, 2018",1.2.0,5.0 and up,CANADA
IDM for Facebook ★ Downloader,PRODUCTIVITY,4.3,1905,3.1M,"100,000+",Free,0,Everyone,Productivity,"October 17, 2015",7.95,2.3 and up,United States
EasyLive - FB Live Helper,BUSINESS,,6,3.7M,500+,Free,0,Teen,Business,"June 25, 2018",1.9.0,5.0 and up,United States
EasyLive - FB Live Helper,BUSINESS,,6,3.7M,500+,Free,0,Teen,Business,"June 25, 2018",1.9.0,5.0 and up,CANADA
Classic FC 64 IN 1,FAMILY,4.2,1749,6.2M,"100,000+",Free,0,Everyone,Casual,"December 29, 2017",1.0.0,2.3 and up,Canada
Cambridge English FC,FAMILY,4.4,761,11M,"50,000+",Free,0,Everyone,Education,"October 6, 2016",2.1.0,4.0 and up,Canada
File Commander - File Manager/Explorer,BUSINESS,4.3,758590,12M,"100,000,000+",Free,0,Everyone,Business,"August 2, 2018",Varies with device,4.1 and up,United States
File Commander - File Manager/Explorer,BUSINESS,4.3,758590,12M,"100,000,000+",Free,0,Everyone,Business,"August 2, 2018",Varies with device,4.1 and up,CANADA
Chelsea FC Official Keyboard,PRODUCTIVITY,4.5,91397,14M,"1,000,000+",Free,0,Everyone,Productivity,"July 3, 2018",3.4.4,5.0 and up,United States
FC Browser - Focus Privacy Browser,COMMUNICATION,4.1,26,4.6M,"1,000+",Free,0,Everyone,Communication,"November 24, 2017",1.0,5.0 and up,UNITED KINGDOM
FD VR Video Player - (Stored),FAMILY,3.9,751,17M,"100,000+",Free,0,Everyone,Entertainment,"November 30, 2016",3.6.1,4.4 and up,Canada
FD Mobile,FAMILY,3.9,53,7.9M,"5,000+",Free,0,Everyone,Entertainment,"September 20, 2017",2.1.2,4.0.3 and up,Canada
FD VR - Virtual 3D Web Browser,FAMILY,3.8,729,30M,"100,000+",Free,0,Everyone,Entertainment,"March 9, 2018",4.6.12c,4.4 and up,Canada
Female Daily,BEAUTY,3.9,4354,42M,"100,000+",Free,0,Teen,Beauty,"August 6, 2018",2.5.1,4.0.3 and up,INDIA
FD VR Player - for 360 Youtube,FAMILY,3.9,100,9.1M,"10,000+",Free,0,Everyone,Entertainment,"November 30, 2016",3.6.1,4.4 and up,Canada
FD VR Store -VR Games and Apps,FAMILY,4.0,105,7.5M,"10,000+",Free,0,Everyone,Simulation,"November 30, 2016",3.6.1,4.4 and up,Canada
FD VR - Virtual Reality Camera,FAMILY,4.0,1007,7.4M,"100,000+",Free,0,Everyone,Entertainment,"November 30, 2016",3.6.1,4.4 and up,Canada
FD VR Theater - for Youtube VR,FAMILY,4.1,4585,9.1M,"1,000,000+",Free,0,Everyone,Entertainment,"November 30, 2016",3.6.1,4.4 and up,Canada
Story Time FD,FAMILY,5.0,2,4.2M,10+,Free,0,Everyone 10+,Simulation,"March 25, 2016",1.1,1.6 and up,Canada
FD VR Cardboard Featured 360 Videos,FAMILY,4.2,76,35M,"10,000+",Free,0,Everyone,Entertainment,"December 19, 2017",4.5.1c,4.4 and up,Canada
FD VR Player - for Youtube 3D,FAMILY,4.0,2378,9.1M,"500,000+",Free,0,Everyone,Entertainment,"November 30, 2016",3.6.1,4.4 and up,Canada
FD VR Music Videos - MTV Pop and Rap in 360,FAMILY,4.9,15,26M,"1,000+",Free,0,Everyone,Entertainment,"December 19, 2017",4.5.3c,4.4 and up,Canada
FD VR - Virtual Photo Gallery,FAMILY,3.5,179,7.4M,"10,000+",Free,0,Everyone,Entertainment,"November 30, 2016",3.6.1,4.4 and up,Canada
Fire Emblem Heroes,FAMILY,4.6,407694,Varies with device,"5,000,000+",Free,0,Teen,Simulation,"July 19, 2018",2.7.1,4.2 and up,Canada
FE Civil Engineering Exam Prep,FAMILY,2.8,9,21M,"1,000+",Free,0,Everyone,Education,"July 27, 2018",5.33.3669,5.0 and up,Canada
FE Mechanical Engineering Prep,FAMILY,1.0,2,21M,"1,000+",Free,0,Everyone,Education,"July 27, 2018",5.33.3669,5.0 and up,Canada
FE Mobile,BUSINESS,3.0,2,8.0M,10+,Free,0,Everyone,Business,"July 10, 2018",1.4.5,4.1 and up,United States
FE Mobile,BUSINESS,3.0,2,8.0M,10+,Free,0,Everyone,Business,"July 10, 2018",1.4.5,4.1 and up,CANADA
Comunidad De Fe Minitries,LIFESTYLE,5.0,19,11M,500+,Free,0,Everyone,Lifestyle,"March 1, 2018",1.1,4.1 and up,United States
FE Other Disciplines Engineering Exam Prep,FAMILY,,0,21M,100+,Free,0,Everyone,Education,"July 27, 2018",5.33.3669,5.0 and up,Canada
FE EN ACCIÓN RADIO,FAMILY,,1,2.9M,10+,Free,0,Everyone,Entertainment,"July 5, 2018",1.4,5.0 and up,Canada
FE Electric & Comp Engineering,FAMILY,,2,20M,500+,Free,0,Everyone,Education,"July 27, 2018",5.33.3669,5.0 and up,Canada
FE Chemical Engineering Exam Prep,FAMILY,,2,20M,100+,Free,0,Everyone,Education,"July 27, 2018",5.33.3669,5.0 and up,Canada
Safe Santa Fe,FAMILY,5.0,2,12M,"1,000+",Free,0,Everyone,Education,"July 4, 2016",1.0,4.0 and up,Canada
La Fe de Jesus,BOOKS_AND_REFERENCE,,8,658k,"1,000+",Free,0,Everyone,Books & Reference,"January 31, 2017",,3.0 and up,UNITED KINGDOM
Santa Fe Indian Market,FAMILY,3.8,4,30M,500+,Free,0,Everyone,Entertainment,"July 23, 2018",5.11,5.0 and up,Canada
Repair Hyundai Santa Fe,AUTO_AND_VEHICLES,3.9,22,97M,"1,000+",Free,0,Everyone,Auto & Vehicles,"January 31, 2018",1.0,4.0 and up,United States
La Fe de Jesús,BOOKS_AND_REFERENCE,,10,2.9M,500+,Free,0,Everyone,Books & Reference,"August 23, 2017",1,4.0.3 and up,UNITED KINGDOM
FE Connect Drive-Tech,BUSINESS,,0,20M,100+,Free,0,Everyone,Business,"February 12, 2018",1.2.1.0,4.1 and up,United States
FE Connect Drive-Tech,BUSINESS,,0,20M,100+,Free,0,Everyone,Business,"February 12, 2018",1.2.1.0,4.1 and up,CANADA
FE Mix - Jokes - Status - Wallpaper,FAMILY,,3,3.0M,"1,000+",Free,0,Everyone,Entertainment,"June 2, 2018",2.1,4.4 and up,Canada
Curso Básico y Avanzado la Fe de Jesús Audio-Texto,FAMILY,,0,11M,10+,Free,0,Everyone 10+,Education,"July 12, 2018",1.0,4.0 and up,Canada
Ríos de Fe,LIFESTYLE,5.0,141,15M,"1,000+",Free,0,Everyone,Lifestyle,"March 24, 2018",1.8,4.1 and up,United States
Le Fe de Jesus,BOOKS_AND_REFERENCE,,3,4.1M,500+,Free,0,Everyone,Books & Reference,"December 17, 2015",1.0,2.3.3 and up,UNITED KINGDOM
FG Mobile,FAMILY,3.3,130,13M,"5,000+",Free,0,Everyone,Education,"December 21, 2017",2.0.0,4.0 and up,Canada
FG Autumn Photo Puzzle,FAMILY,,0,4.6M,10+,Free,0,Everyone,Puzzle,"August 23, 2017",1.0,4.0 and up,Canada
Radio FG Paris Underground,FAMILY,,3,1.7M,100+,Free,0,Teen,Entertainment,"July 26, 2015",2,2.2 and up,Canada
FG Radio - Radios de France,FAMILY,,0,6.5M,10+,Free,0,Everyone,Entertainment,"June 10, 2018",1.0,4.2 and up,Canada
FG. Chic - House Lounge Musique - Radios de France,FAMILY,,1,6.5M,50+,Free,0,Everyone,Entertainment,"June 9, 2018",1.0,4.2 and up,Canada
Survival Prison Escape v2: Free Action Game,FAMILY,4.1,44027,52M,"5,000,000+",Free,0,Mature 17+,Strategy,"February 21, 2018",1.0.9,2.3 and up,Canada
FG VOC,BUSINESS,4.8,6,7.7M,"1,000+",Free,0,Everyone,Business,"August 7, 2018",2.1.5,4.1 and up,United States
FG VOC,BUSINESS,4.8,6,7.7M,"1,000+",Free,0,Everyone,Business,"August 7, 2018",2.1.5,4.1 and up,CANADA
FG Rockstar,FAMILY,,1,30M,10+,Free,0,Everyone,Education,"August 2, 2018",1.1.5,4.1 and up,Canada
POLARIS 2MFG,FAMILY,4.8,1228,29M,"10,000+",Free,0,Everyone,Education,"March 28, 2018",1.7,4.1 and up,Canada
Gun Disassembly 2,FAMILY,4.1,26347,48M,"1,000,000+",Free,0,Everyone 10+,Entertainment,"September 15, 2017",14.0.1,2.2 and up,Canada
Ambulance Simulator 3D,FAMILY,3.9,29415,66M,"1,000,000+",Free,0,Mature 17+,Simulation,"December 11, 2016",2.0.1,2.3 and up,Canada
Police Car Driving Sim,FAMILY,4.1,72522,51M,"10,000,000+",Free,0,Everyone,Simulation,"April 10, 2018",1.54,2.3.3 and up,Canada
Disney Princess Palace Pets,FAMILY,3.9,60097,19M,"1,000,000+",Free,0,Everyone,Entertainment;Pretend Play,"February 10, 2018",5.1,4.2 and up,Canada
Police VAZ LADA Simulator,FAMILY,3.6,3502,61M,"500,000+",Free,0,Teen,Simulation,"September 11, 2016",1.3,2.3 and up,Canada
Scary Video Maker,FAMILY,3.7,9296,28M,"500,000+",Free,0,Teen,Entertainment,"July 24, 2018",1.14,4.1 and up,Canada
PBS KIDS Games,FAMILY,4.3,12919,94M,"1,000,000+",Free,0,Everyone,Educational;Education,"June 6, 2018",1.15.2,4.4 and up,Canada
Family Guy- Another Freakin' Mobile Game,FAMILY,4.5,221691,94M,"5,000,000+",Free,0,Teen,Puzzle,"August 6, 2018",1.20.22,4.0.3 and up,Canada
Top Puzzles Volvo FH Trucks,FAMILY,,4,8.1M,500+,Free,0,Teen,Puzzle,"November 20, 2016",1.0,4.0 and up,Canada
Puzzles Volvo FH 16 Trucks,FAMILY,4.8,10,8.2M,"1,000+",Free,0,Teen,Puzzle,"December 2, 2016",1.0,4.0 and up,Canada
Jigsaw Volvo FH 16 Trucks,FAMILY,5.0,5,8.1M,"1,000+",Free,0,Teen,Puzzle,"December 1, 2016",1.0,4.0 and up,Canada
studentsLife by FH Kärnten,FAMILY,4.4,108,Varies with device,"5,000+",Free,0,Everyone,Education,"March 30, 2018",4.0.1,4.4 and up,Canada
FH Kufstein App,FAMILY,,9,20M,500+,Free,0,Everyone,Education,"November 20, 2017",2.3.1,4.4 and up,Canada
FH App,BUSINESS,4.9,27,6.0M,100+,Free,0,Everyone,Business,"July 26, 2018",1.0.90,4.0 and up,United States
FH App,BUSINESS,4.9,27,6.0M,100+,Free,0,Everyone,Business,"July 26, 2018",1.0.90,4.0 and up,CANADA
Jigsaw Puzzles Volvo FH Truck Game,FAMILY,,4,4.7M,100+,Free,0,Teen,Puzzle,"July 24, 2017",1.0,4.0.3 and up,Canada
FH School,FAMILY,5.0,4,5.8M,100+,Free,0,Everyone,Education,"April 11, 2018",1.0.1,4.0.3 and up,Canada
FH Dortmund FB4,FAMILY,,40,9.9M,"1,000+",Free,0,Everyone,Education,"May 22, 2018",1.2.0,4.0.3 and up,Canada
HD Jigsaw Volvo FH Trucks,FAMILY,,2,7.6M,500+,Free,0,Teen,Puzzle,"November 29, 2016",1.0,4.0 and up,Canada
Jigsaw Puzzles Volvo FH Trucks,FAMILY,,3,7.8M,"1,000+",Free,0,Teen,Puzzle,"December 1, 2016",1.0,4.0 and up,Canada
Angry Shark 2016,FAMILY,4.0,73185,46M,"5,000,000+",Free,0,Teen,Simulation,"November 1, 2017",1.6,4.0 and up,Canada
IKORO FH App Rosenheim,FAMILY,,22,29M,"1,000+",Free,0,Everyone,Education,"February 6, 2018",1.10.0.0,2.3.3 and up,Canada
Talking Tom Bubble Shooter,FAMILY,4.4,687136,54M,"50,000,000+",Free,0,Everyone,Casual,"May 25, 2018",1.5.3.20,4.1 and up,Canada
EHiN-FH conferenceapp,COMMUNICATION,,5,26M,100+,Free,0,Everyone,Communication,"November 15, 2016",1.17,4.1 and up,UNITED KINGDOM
BTK-FH Online Campus,FAMILY,,1,3.3M,500+,Free,0,Everyone,Education,"November 7, 2016",1.7.2,4.0.3 and up,Canada
Talking Husky Dog,FAMILY,4.4,26545,40M,"1,000,000+",Free,0,Everyone,Casual,"July 20, 2018",2.08,4.1 and up,Canada
Bubble Bird Rescue,FAMILY,4.2,70753,14M,"5,000,000+",Free,0,Everyone,Puzzle,"August 7, 2018",1.8.6,4.0.3 and up,Canada
Real Airplane Flight Simulator: Pilot Games,FAMILY,3.3,21735,37M,"1,000,000+",Free,0,Everyone,Simulation,"July 11, 2018",1.0.03,4.0 and up,Canada
Dolphin and fish coloring book,FAMILY,3.9,2249,Varies with device,"500,000+",Free,0,Everyone,Art & Design;Creativity,"May 15, 2018",Varies with device,4.1 and up,Canada
Carpooling FH Hagenberg,COMMUNICATION,,0,Varies with device,100+,Free,0,Everyone,Communication,"May 18, 2017",Varies with device,Varies with device,UNITED KINGDOM
Airplane Fly Hawaii,FAMILY,4.1,83427,16M,"1,000,000+",Free,0,Everyone,Simulation,"January 30, 2015",2.6,4.1 and up,Canada
Wi-Fi Auto-connect,COMMUNICATION,3.8,15036,253k,"1,000,000+",Free,0,Everyone,Communication,"August 1, 2015",1.2.0,1.6 and up,UNITED KINGDOM
Smart Wi-Fi Hotspot PRO,COMMUNICATION,3.7,197,957k,"10,000+",Paid,$2.99,Everyone,Communication,"February 10, 2016",1.0,2.2 and up,UNITED KINGDOM
"Talkie - Wi-Fi Calling, Chats, File Sharing",COMMUNICATION,4.2,4838,Varies with device,"500,000+",Free,0,Everyone,Communication,"January 6, 2018",Varies with device,Varies with device,UNITED KINGDOM
Portable Wi-Fi hotspot Premium,COMMUNICATION,3.7,481,420k,"10,000+",Paid,$0.99,Everyone,Communication,"December 16, 2015",1.4.0.2,2.3 and up,UNITED KINGDOM
Avast Wi-Fi Finder,PRODUCTIVITY,4.3,37277,13M,"1,000,000+",Free,0,Everyone,Productivity,"February 26, 2018",2.3.1,4.0.3 and up,United States
Police Field Interview FI Card,PRODUCTIVITY,4.5,112,2.4M,"1,000+",Paid,$7.99,Everyone,Productivity,"March 16, 2017",3.0,4.0.3 and up,United States
WeFi - Free Fast WiFi Connect & Find Wi-Fi Map,COMMUNICATION,4.0,13469,5.1M,"1,000,000+",Free,0,Everyone,Communication,"June 5, 2018",4.7.0.2200000,4.0 and up,UNITED KINGDOM
"Talkie Pro - Wi-Fi Calling, Chats, File Sharing",COMMUNICATION,4.5,201,Varies with device,"1,000+",Paid,$2.99,Everyone,Communication,"January 6, 2018",Varies with device,Varies with device,UNITED KINGDOM
Safe Wi-Fi,PRODUCTIVITY,2.9,32,9.7M,"1,000+",Free,0,Everyone,Productivity,"August 3, 2018",1.3.22,4.4 and up,United States
Sat-Fi,COMMUNICATION,3.6,97,Varies with device,"5,000+",Free,0,Everyone,Communication,"August 31, 2017",Varies with device,Varies with device,UNITED KINGDOM
Candy simply-Fi,LIFESTYLE,2.1,2390,35M,"100,000+",Free,0,Everyone,Lifestyle,"July 17, 2018",1.8.4.7,4.4 and up,United States
SCI-FI UI,FAMILY,4.7,15,3.9M,100+,Paid,$1.99,Everyone,Entertainment,"April 16, 2018",0.0.53,1.6 and up,Canada
Micro Fi,FAMILY,3.7,39,2.8M,"5,000+",Free,0,Everyone,Education,"February 12, 2014",2.4,2.3.3 and up,Canada
fi,FAMILY,2.9,691,5.8M,"100,000+",Free,0,Everyone,Strategy,"June 8, 2016",1.0.3,4.0 and up,Canada
Portable Wi-Fi hotspot Free,COMMUNICATION,4.0,1711,2.1M,"100,000+",Free,0,Everyone,Communication,"January 11, 2018",1.2.5.4-11,2.3 and up,UNITED KINGDOM
Wi-Fi Networks,PRODUCTIVITY,4.2,115,1.4M,"10,000+",Free,0,Everyone,Productivity,"October 5, 2015",1.4,4.1 and up,United States
Tassa.fi Finland,LIFESTYLE,3.6,346,7.5M,"50,000+",Free,0,Everyone,Lifestyle,"May 22, 2018",5.5,4.0 and up,United States
TownWiFi | Wi-Fi Everywhere,COMMUNICATION,3.9,2372,58M,"500,000+",Free,0,Everyone,Communication,"August 2, 2018",4.2.1,4.2 and up,UNITED KINGDOM
Jazz Wi-Fi,COMMUNICATION,3.4,49,4.0M,"10,000+",Free,0,Everyone,Communication,"February 10, 2017",0.1,2.3 and up,UNITED KINGDOM
Sat-Fi Voice,COMMUNICATION,3.4,37,14M,"1,000+",Free,0,Everyone,Communication,"November 21, 2014",2.2.1.5,2.2 and up,UNITED KINGDOM
Lennox iComfort Wi-Fi,LIFESTYLE,3.0,552,7.6M,"50,000+",Free,0,Everyone,Lifestyle,"March 22, 2017",2.0.15,2.3.3 and up,United States
Sci Fi Sounds,FAMILY,3.2,4,8.0M,"1,000+",Free,0,Everyone,Entertainment,"November 2, 2017",1.0,4.0 and up,Canada
Free Wi-fi HotspoT,COMMUNICATION,4.1,382,2.3M,"50,000+",Free,0,Everyone,Communication,"July 20, 2018",2.5,4.0 and up,UNITED KINGDOM
FJ 4x4 Cruiser Offroad Driving,FAMILY,4.1,3543,49M,"500,000+",Free,0,Everyone,Simulation,"January 4, 2017",1.1,2.3 and up,Canada
FJ 4x4 Cruiser Snow Driving,FAMILY,4.2,1619,43M,"500,000+",Free,0,Everyone,Simulation,"June 4, 2018",1.3,4.0 and up,Canada
FJ Drive: Mercedes-Benz Lease,AUTO_AND_VEHICLES,4.6,107,27M,"10,000+",Free,0,Everyone,Auto & Vehicles,"November 6, 2017",2.0.0,4.1 and up,United States
Driving n Parking School 2017,FAMILY,4.5,15,46M,"1,000+",Free,0,Everyone,Simulation,"May 31, 2017",1.0,2.3 and up,Canada
Offroad Cruiser,FAMILY,4.3,42432,36M,"1,000,000+",Free,0,Everyone,Simulation,"July 13, 2016",1.3,2.3.3 and up,Canada
4 x4 Offroad SUV 3D Truck Simulator Driving 2017,FAMILY,4.4,32,37M,"1,000+",Free,0,Everyone,Simulation,"December 6, 2017",1.0,2.3 and up,Canada
Cake Shop - Kids Cooking,FAMILY,4.3,30668,33M,"5,000,000+",Free,0,Everyone,Casual;Pretend Play,"July 16, 2018",2.1.3181,4.0.3 and up,Canada
OFF-ROAD SIMULATOR 4x4 : REAL,FAMILY,4.2,109,25M,"10,000+",Free,0,Everyone,Simulation,"April 15, 2017",1.4,2.3 and up,Canada
Fun Kid Racing - Motocross,FAMILY,4.1,59768,Varies with device,"10,000,000+",Free,0,Everyone,Racing;Action & Adventure,"August 7, 2018",3.53,4.2 and up,Canada
Offroad 4x4 Car Driving,FAMILY,4.3,26224,43M,"1,000,000+",Free,0,Everyone,Simulation,"April 29, 2017",1.0.4,2.3 and up,Canada
Motocross Beach Jumping 3D,FAMILY,4.0,105954,43M,"10,000,000+",Free,0,Teen,Simulation,"June 5, 2018",1.7.3,4.1 and up,Canada
Hair saloon - Spa salon,FAMILY,4.2,38473,23M,"10,000,000+",Free,0,Everyone,Casual;Pretend Play,"April 11, 2018",1.0.5,4.1 and up,Canada
Funny Jokes,FAMILY,3.9,2505,2.9M,"100,000+",Free,0,Mature 17+,Entertainment,"June 18, 2018",1.2,4.1 and up,Canada
Flight Simulator: Fly Plane 3D,FAMILY,4.0,660613,21M,"50,000,000+",Free,0,Everyone,Simulation,"March 1, 2017",1.32,2.3 and up,Canada
Motocross Fun Simulator,FAMILY,3.8,22570,35M,"1,000,000+",Free,0,Everyone,Simulation,"January 9, 2017",1.2,2.3.3 and up,Canada
Fast Notes FJ,PRODUCTIVITY,4.2,12,2.2M,500+,Free,0,Everyone,Productivity,"August 12, 2014",8.0.0,2.2 and up,United States
Driving Suv Toyota Car Simulator,FAMILY,3.7,187,54M,"10,000+",Free,0,Everyone,Simulation,"November 12, 2017",1,4.0 and up,Canada
Fairy Kingdom: World of Magic and Farming,FAMILY,4.4,129542,63M,"1,000,000+",Free,0,Everyone,Strategy;Creativity,"July 23, 2018",2.4.9,4.0.3 and up,Canada
FK CLASSIC FOR YOU,BUSINESS,5.0,1,3.5M,10+,Free,0,Everyone,Business,"February 20, 2018",1.1.0,4.0 and up,United States
FK CLASSIC FOR YOU,BUSINESS,5.0,1,3.5M,10+,Free,0,Everyone,Business,"February 20, 2018",1.1.0,4.0 and up,CANADA
FK Events,PRODUCTIVITY,,0,18M,5+,Free,0,Teen,Productivity,"June 27, 2018",7.17.2.1,5.0 and up,United States
FK Željezničar Izzy,FAMILY,4.9,119,17M,"1,000+",Free,0,Everyone,Entertainment,"November 18, 2016",1.0,4.4 and up,Canada
Permit Test FL Florida DHSMV,FAMILY,4.7,246,11M,"10,000+",Free,0,Everyone,Education,"October 12, 2017",2.9.0,4.1 and up,Canada
FL Lottery Results,FAMILY,4.6,1481,3.1M,"50,000+",Free,0,Teen,Entertainment,"March 31, 2018",3.7,4.1 and up,Canada
Florida DMV Permit Test -Fl,FAMILY,4.3,87,30M,"10,000+",Free,0,Everyone,Education,"February 15, 2018",6.0.3,4.4 and up,Canada
Lottery Results: Florida,FAMILY,4.2,582,3.2M,"100,000+",Free,0,Teen,Entertainment,"January 22, 2018",4.0,4.0 and up,Canada
Scratch-Off Guide for FL Lotto,FAMILY,4.6,25,5.6M,"5,000+",Free,0,Everyone,Entertainment,"July 4, 2018",1.11,4.0.3 and up,Canada
"Charlotte County, FL",PRODUCTIVITY,4.7,10,7.1M,"1,000+",Free,0,Everyone,Productivity,"February 23, 2017",3.9.4,4.0.3 and up,United States
Check Lottery Tickets - Florida,FAMILY,2.0,27,31M,"5,000+",Free,0,Teen,Entertainment,"October 17, 2017",2.1,4.0.3 and up,Canada
Fish|Hunt FL,LIFESTYLE,3.6,853,34M,"100,000+",Free,0,Everyone,Lifestyle,"March 22, 2018",3.2.0,4.1 and up,United States
FL Tax-Verify,BUSINESS,3.8,17,6.1M,"5,000+",Free,0,Everyone,Business,"November 9, 2016",1.1.3,4.0 and up,United States
FL Tax-Verify,BUSINESS,3.8,17,6.1M,"5,000+",Free,0,Everyone,Business,"November 9, 2016",1.1.3,4.0 and up,CANADA
FL House,PRODUCTIVITY,4.4,29,Varies with device,"1,000+",Free,0,Everyone,Productivity,"November 22, 2016",1.6.7,Varies with device,United States
Lottery Driver- Florida Result,FAMILY,4.4,70,4.4M,"5,000+",Free,0,Teen,Entertainment,"April 16, 2017",2.5,4.1 and up,Canada
Florida - Pocket Brainbook,BOOKS_AND_REFERENCE,4.6,7,12M,"1,000+",Free,0,Everyone,Books & Reference,"March 19, 2018",1.0.9,4.4 and up,UNITED KINGDOM
Florida Statutes (FL Code),BOOKS_AND_REFERENCE,3.2,5,8.2M,"1,000+",Free,0,Everyone,Books & Reference,"October 21, 2017",1.5,4.4 and up,UNITED KINGDOM
Discovery Church Florida,LIFESTYLE,4.7,40,8.0M,"1,000+",Free,0,Teen,Lifestyle,"June 25, 2018",3.8.0,4.1 and up,United States
Florida Driver License Test,FAMILY,4.5,65,470k,"5,000+",Free,0,Everyone,Education,"January 30, 2016",2.0,2.1 and up,Canada
Free Florida DMV Test 2018,FAMILY,4.1,665,5.3M,"50,000+",Free,0,Everyone,Education,"May 24, 2018",8.1,4.0.3 and up,Canada
Canvas FL,FAMILY,4.9,36,9.4M,"1,000+",Free,0,Teen,Education,"June 25, 2018",3.8.0,4.1 and up,Canada
Florida Cooling Supply HVAC,PRODUCTIVITY,4.2,6,43M,500+,Free,0,Everyone,Productivity,"July 27, 2018",8.1.10.41,4.4 and up,United States
South Florida AA Meetings,LIFESTYLE,5.0,10,21M,"1,000+",Free,0,Everyone,Lifestyle,"May 24, 2018",2.18,4.1 and up,United States
Fort Myers FL,PRODUCTIVITY,,0,22M,100+,Free,0,Everyone,Productivity,"September 17, 2015",2.4.0,4.1 and up,United States
"Trinity Church Deltona, FL",LIFESTYLE,5.0,33,28M,500+,Free,0,Everyone,Lifestyle,"May 7, 2018",1.9.0.0,2.3.3 and up,United States
"Beacon Baptist Jupiter, FL",LIFESTYLE,5.0,14,2.6M,100+,Free,0,Everyone,Lifestyle,"October 13, 2017",2.4,4.0.3 and up,United States
University of Florida,FAMILY,4.0,168,7.6M,"10,000+",Free,0,Everyone,Education,"October 2, 2017",2.0,4.1 and up,Canada
Alachua County Sheriff FL,LIFESTYLE,3.2,5,9.5M,100+,Free,0,Everyone,Lifestyle,"May 13, 2015",1.0,4.0 and up,United States
Jax Sheriff (FL),LIFESTYLE,4.2,53,16M,"5,000+",Free,0,Everyone,Lifestyle,"June 25, 2018",2.0.1,4.1 and up,United States
Results for FL Lottery (Florida),FAMILY,,1,3.2M,100+,Free,0,Mature 17+,Entertainment,"November 2, 2017",2.27,4.0.3 and up,Canada
Hidden Object Florida Vacation Adventure Fun Game,FAMILY,3.7,126,45M,"10,000+",Free,0,Everyone,Casual,"June 18, 2018",1.4,4.0.3 and up,Canada
MY GULFPORT FL,PRODUCTIVITY,,0,49M,50+,Free,0,Everyone,Productivity,"May 18, 2018",17.4,4.1 and up,United States
My MLS App,LIFESTYLE,4.1,1213,13M,"100,000+",Free,0,Everyone,Lifestyle,"June 4, 2018",2.8.4,4.0.3 and up,United States
Employ Florida Mobile,BUSINESS,2.9,97,9.9M,"10,000+",Free,0,Everyone,Business,"June 13, 2018",4.5.9,4.0.3 and up,United States
Employ Florida Mobile,BUSINESS,2.9,97,9.9M,"10,000+",Free,0,Everyone,Business,"June 13, 2018",4.5.9,4.0.3 and up,CANADA
LifePoint Church - FL,LIFESTYLE,,1,7.6M,50+,Free,0,Everyone,Lifestyle,"December 9, 2015",1.1,4.0.3 and up,United States
Florida Wildflowers,FAMILY,5.0,5,69M,"1,000+",Free,0,Everyone,Education,"July 10, 2017",1.5,4.1 and up,Canada
Florida Tech Mobile,FAMILY,3.8,87,5.4M,"5,000+",Free,0,Everyone,Education,"September 13, 2016",5.2,4.1 and up,Canada
Gainesville Florida Police Department,LIFESTYLE,4.8,4,15M,500+,Free,0,Everyone,Lifestyle,"November 22, 2017",1.1,4.1 and up,United States
Florida HSMV Driver License,FAMILY,3.9,14,11M,"1,000+",Free,0,Everyone,Education,"January 13, 2015",1.3,4.0 and up,Canada
South Florida MLS,LIFESTYLE,4.4,133,13M,"10,000+",Free,0,Everyone,Lifestyle,"June 2, 2018",2.8.4,4.0.3 and up,United States
How it Works: FN SCAR assault rifle,FAMILY,4.6,44,45M,"10,000+",Free,0,Everyone,Casual,"January 9, 2018",2.1.9f7,4.0.3 and up,Canada
FN pistol Model 1906 explained,BOOKS_AND_REFERENCE,,1,5.3M,10+,Paid,$5.49,Everyone,Books & Reference,"March 9, 2017",Android 3.0 - 2017,1.6 and up,UNITED KINGDOM
FN pistol model 1903 explained,BOOKS_AND_REFERENCE,,1,19M,10+,Paid,$6.49,Everyone,Books & Reference,"September 5, 2015",Android 3.0 - 2015,1.6 and up,UNITED KINGDOM
Jigsaw Puzzles FN FAL Light Automatic Rifle,FAMILY,,0,5.6M,50+,Free,0,Teen,Puzzle,"May 7, 2018",1.0,4.0.3 and up,Canada
Ninja FN Button,FAMILY,4.8,12,12M,"1,000+",Free,0,Teen,Entertainment,"July 4, 2018",1.1,4.0 and up,Canada
FN,BUSINESS,5.0,14,3.3M,50+,Free,0,Everyone,Business,"February 1, 2018",1.0,4.0 and up,United States
FN,BUSINESS,5.0,14,3.3M,50+,Free,0,Everyone,Business,"February 1, 2018",1.0,4.0 and up,CANADA
"The FN ""Baby"" pistol explained",BOOKS_AND_REFERENCE,,1,8.8M,10+,Paid,$5.99,Everyone,Books & Reference,"September 6, 2015",Android 3.0 - 2015,1.6 and up,UNITED KINGDOM
FN FAL rifle explained,BOOKS_AND_REFERENCE,,1,7.3M,10+,Paid,$6.49,Everyone,Books & Reference,"September 6, 2015",Android 3.0 - 2015,1.6 and up,UNITED KINGDOM
F N Bail Bonds,LIFESTYLE,3.8,4,14M,500+,Free,0,Everyone,Lifestyle,"January 6, 2017",1.4,4.0.3 and up,United States
The FN HP pistol explained,BOOKS_AND_REFERENCE,,1,8.5M,10+,Paid,$6.49,Everyone,Books & Reference,"September 6, 2015",Android 3.0 - 2015,1.6 and up,UNITED KINGDOM
FN model 1900 pistol explained,BOOKS_AND_REFERENCE,,0,8.2M,10+,Paid,$6.49,Everyone,Books & Reference,"September 5, 2015",Android 3.0 - 2015,1.6 and up,UNITED KINGDOM
Pistolet FN GP35 expliqué,BOOKS_AND_REFERENCE,,2,7.9M,5+,Paid,$5.99,Everyone,Books & Reference,"August 19, 2014",Android 2.0 - 2014,1.6 and up,UNITED KINGDOM
FN Web Radio,COMMUNICATION,,0,1.6M,10+,Free,0,Everyone,Communication,"May 18, 2018",1.1,2.3 and up,UNITED KINGDOM
FNH Payment Info,COMMUNICATION,,0,2.1M,10+,Free,0,Everyone,Communication,"March 17, 2018",1.3,4.0.3 and up,UNITED KINGDOM
Pistolet FN 1906 expliqué,BOOKS_AND_REFERENCE,,0,5.2M,10+,Paid,$5.49,Everyone,Books & Reference,"August 17, 2014",Android 2.0 - 2014,1.6 and up,UNITED KINGDOM
Future Cloud,PRODUCTIVITY,4.6,1075,Varies with device,"100,000+",Free,0,Everyone,Productivity,"January 22, 2018",Varies with device,4.4 and up,United States
Ethical Hacking,FAMILY,4.1,128,3.2M,"10,000+",Free,0,Everyone,Education,"July 9, 2018",1.3,4.0.3 and up,Canada
Zombie Defense,FAMILY,4.3,275048,41M,"10,000,000+",Free,0,Teen,Strategy,"June 22, 2018",12.2,2.3 and up,Canada
Pin-fo,FAMILY,4.6,19,1.6M,500+,Free,0,Everyone,Entertainment,"August 15, 2016",3rd Release Aug 2016,2.2 and up,Canada
MARKET FO,COMMUNICATION,,0,15M,100+,Free,0,Everyone,Communication,"November 30, 2017",1.0,4.1 and up,UNITED KINGDOM
FO OP St-Nazaire,COMMUNICATION,,1,17M,100+,Free,0,Everyone,Communication,"December 19, 2017",1.0,4.1 and up,UNITED KINGDOM
FO SODEXO,COMMUNICATION,,0,16M,100+,Free,0,Everyone,Communication,"March 13, 2018",1.0,4.1 and up,UNITED KINGDOM
FO RCBT,COMMUNICATION,,5,15M,100+,Free,0,Everyone,Communication,"November 15, 2017",1.0,4.1 and up,UNITED KINGDOM
FO Interim,COMMUNICATION,,1,11M,100+,Free,0,Everyone,Communication,"March 14, 2017",1.0,4.1 and up,UNITED KINGDOM
FO PSA Sept-Fons,COMMUNICATION,,2,15M,100+,Free,0,Everyone,Communication,"March 22, 2018",1.0,4.1 and up,UNITED KINGDOM
FO AIRBUS TLSE,COMMUNICATION,,4,16M,"1,000+",Free,0,Everyone,Communication,"January 25, 2018",1.1,4.1 and up,UNITED KINGDOM
F-O-Meter,FAMILY,,0,2.8M,1+,Free,0,Mature 17+,Entertainment,"August 2, 2018",1.0.1,4.0 and up,Canada
Theme fo Oppo A30 Wallpaper & Icon,BUSINESS,,7,1.3M,500+,Free,0,Everyone,Business,"August 18, 2017",1.0.0,2.3.3 and up,United States
Theme fo Oppo A30 Wallpaper & Icon,BUSINESS,,7,1.3M,500+,Free,0,Everyone,Business,"August 18, 2017",1.0.0,2.3.3 and up,CANADA
FO STELIA Méaulte,COMMUNICATION,,2,18M,100+,Free,0,Everyone,Communication,"December 19, 2017",1.1,4.1 and up,UNITED KINGDOM
RRIMS FO,BUSINESS,,2,5.2M,100+,Free,0,Everyone,Business,"July 27, 2018",4.2,5.0 and up,United States
RRIMS FO,BUSINESS,,2,5.2M,100+,Free,0,Everyone,Business,"July 27, 2018",4.2,5.0 and up,CANADA
Neon Blue Gaming Wallpaper&Theme fo Lenovo K8 Note,BUSINESS,4.6,7,2.0M,500+,Free,0,Everyone,Business,"August 24, 2017",1.0.0,2.3.3 and up,United States
Neon Blue Gaming Wallpaper&Theme fo Lenovo K8 Note,BUSINESS,4.6,7,2.0M,500+,Free,0,Everyone,Business,"August 24, 2017",1.0.0,2.3.3 and up,CANADA
Custos F.O.,BUSINESS,,0,9.7M,1+,Free,0,Everyone,Business,"June 20, 2018",4.1.0,4.1 and up,United States
Custos F.O.,BUSINESS,,0,9.7M,1+,Free,0,Everyone,Business,"June 20, 2018",4.1.0,4.1 and up,CANADA
FO AIRBUS Nantes,COMMUNICATION,,0,17M,100+,Free,0,Everyone,Communication,"December 14, 2017",1.0,4.1 and up,UNITED KINGDOM
FarmersOnly Dating,DATING,3.0,1145,1.4M,"100,000+",Free,0,Mature 17+,Dating,"February 25, 2016",2.2,4.0 and up,CHINA
Sona - Nær við allastaðni,LIFESTYLE,4.2,31,25M,"1,000+",Free,0,Everyone,Lifestyle,"August 2, 2018",1.6.3,4.4 and up,United States
Firefox Focus: The privacy browser,COMMUNICATION,4.4,36981,4.0M,"1,000,000+",Free,0,Everyone,Communication,"July 6, 2018",5.2,5.0 and up,UNITED KINGDOM
English To Shona Dictionary,BOOKS_AND_REFERENCE,4.6,60,3.7M,"10,000+",Free,0,Everyone,Books & Reference,"July 10, 2016",1.4,3.0 and up,UNITED KINGDOM
FeaturePoints: Free Gift Cards,FAMILY,3.9,121321,46M,"5,000,000+",Free,0,Everyone,Entertainment,"October 22, 2016",8.7,4.0.3 and up,Canada
FP Connect,COMMUNICATION,,0,22M,100+,Free,0,Teen,Communication,"December 15, 2017",3.15.1,4.1 and up,UNITED KINGDOM
FP VoiceBot,FAMILY,,17,157k,100+,Paid,$0.99,Mature 17+,Entertainment,"November 25, 2015",1.2,2.1 and up,Canada
FP-safe,BUSINESS,,0,2.6M,100+,Free,0,Everyone,Business,"May 8, 2018",1.0,4.0.3 and up,United States
FP-safe,BUSINESS,,0,2.6M,100+,Free,0,Everyone,Business,"May 8, 2018",1.0,4.0.3 and up,CANADA
FreedomPop Messaging Phone/SIM,COMMUNICATION,3.6,9894,39M,"500,000+",Free,0,Everyone,Communication,"July 26, 2018",23.01.1265.0712,4.1 and up,UNITED KINGDOM
GKPB FP Online Church,LIFESTYLE,5.0,32,7.9M,"1,000+",Free,0,Everyone,Lifestyle,"December 31, 2017",0.7.1,4.4 and up,United States
FP BW LCD View,FAMILY,3.4,16,1.2M,500+,Free,0,Everyone,Entertainment,"March 31, 2016",1.0,4.0.3 and up,Canada
FP Live,COMMUNICATION,,0,3.3M,10+,Free,0,Teen,Communication,"November 3, 2017",1.2.4,4.2 and up,UNITED KINGDOM
FP Market,FAMILY,,24,44k,"1,000+",Free,0,Everyone,Education,"June 17, 2012",1.0,1.6 and up,Canada
SCM FPS Status,BUSINESS,4.2,123,3.3M,"10,000+",Free,0,Everyone,Business,"April 28, 2018",3.5,2.3 and up,United States
SCM FPS Status,BUSINESS,4.2,123,3.3M,"10,000+",Free,0,Everyone,Business,"April 28, 2018",3.5,2.3 and up,CANADA
Greek Bible FP (Audio),BOOKS_AND_REFERENCE,,5,8.0M,"1,000+",Free,0,Everyone,Books & Reference,"August 29, 2016",1.0.0,4.0.3 and up,UNITED KINGDOM
FP Разбитый дисплей,FAMILY,4.5,922,552k,"50,000+",Free,0,Everyone,Entertainment,"September 20, 2014",1.1,1.6 and up,Canada
FP Transportation,AUTO_AND_VEHICLES,,1,885k,1+,Free,0,Everyone,Auto & Vehicles,"March 9, 2018",10.0.0,4.0 and up,United States
FQ Magazine,LIFESTYLE,,1,12M,100+,Free,0,Everyone,Lifestyle,"December 12, 2016",1.0,4.1 and up,United States
FQ METER,PRODUCTIVITY,3.9,17,2.4M,"1,000+",Free,0,Everyone,Productivity,"April 23, 2017",1.1,4.0 and up,United States
FQ Load Board for Transporters,BUSINESS,,0,3.9M,100+,Free,0,Everyone,Business,"February 16, 2018",1.1.3,5.0 and up,United States
FQ Load Board for Transporters,BUSINESS,,0,3.9M,100+,Free,0,Everyone,Business,"February 16, 2018",1.1.3,5.0 and up,CANADA
FQ India,LIFESTYLE,,0,8.9M,10+,Free,0,Everyone,Lifestyle,"July 31, 2018",7.2.2,4.1 and up,United States
Union League,FAMILY,4.0,939,38M,"10,000+",Free,0,Everyone,Role Playing,"June 8, 2018",1.0.0.96,4.1 and up,Canada
Fortune Quest: Savior,FAMILY,3.6,135,75M,"10,000+",Free,0,Everyone 10+,Role Playing,"June 1, 2018",1.022,4.4 and up,Canada
Modern Counter 3: FPS Multiplayers battlegro 3,FAMILY,4.1,17,50M,"1,000+",Free,0,Everyone,Strategy,"March 16, 2018",15,4.1 and up,Canada
"sugar, sugar",FAMILY,4.2,1405,9.5M,"10,000+",Paid,$1.20,Everyone,Puzzle,"June 5, 2018",2.7,2.3 and up,Canada
HipChat - beta version,COMMUNICATION,4.1,1035,20M,"50,000+",Free,0,Everyone,Communication,"August 7, 2018",3.20.001,4.1 and up,UNITED KINGDOM
PopStar,FAMILY,,13,5.7M,"1,000+",Free,0,Everyone,Casual,"January 3, 2018",1.6,4.3 and up,Canada
Fuel Rewards® program,LIFESTYLE,4.6,32433,46M,"1,000,000+",Free,0,Everyone,Lifestyle,"June 26, 2018",2.9.1,5.0 and up,United States
Word Search Tab 1 FR,FAMILY,,0,1020k,50+,Paid,$1.04,Everyone,Puzzle,"February 6, 2012",1.1,3.0 and up,Canada
Fr Ignacio Outreach,FAMILY,4.9,52,19M,"1,000+",Free,0,Everyone,Education,"January 19, 2018",1.0,4.4 and up,Canada
FR: My Famous Lover,FAMILY,4.0,185,28M,"10,000+",Free,0,Teen,Entertainment,"August 6, 2015",1.3.0,3.0 and up,Canada
Scoreboard FR,LIFESTYLE,4.3,3,15M,100+,Free,0,Everyone,Lifestyle,"August 7, 2018",2.1,4.2 and up,United States
lesparticuliers.fr,LIFESTYLE,,96,1.0M,"50,000+",Free,0,Everyone,Lifestyle,"November 25, 2014",1.5,2.3 and up,United States
Castle Clash: RPG War and Strategy FR,FAMILY,4.7,376223,24M,"1,000,000+",Free,0,Everyone,Strategy,"July 18, 2018",1.4.2,4.1 and up,Canada
Fr Lupupa Sermons,BUSINESS,4.8,19,21M,100+,Free,0,Everyone,Business,"June 12, 2018",1.0,4.4 and up,United States
Fr Lupupa Sermons,BUSINESS,4.8,19,21M,100+,Free,0,Everyone,Business,"June 12, 2018",1.0,4.4 and up,CANADA
FR Plus 1.6,AUTO_AND_VEHICLES,,4,3.9M,100+,Free,0,Everyone,Auto & Vehicles,"July 24, 2018",1.3.6,4.4W and up,United States
Fr Agnel Pune,FAMILY,4.1,80,13M,"1,000+",Free,0,Everyone,Education,"June 13, 2018",2.0.20,4.0.3 and up,Canada
DICT.fr Mobile,BUSINESS,,20,2.7M,"10,000+",Free,0,Everyone,Business,"July 17, 2018",2.1.10,4.1 and up,United States
DICT.fr Mobile,BUSINESS,,20,2.7M,"10,000+",Free,0,Everyone,Business,"July 17, 2018",2.1.10,4.1 and up,CANADA
FR: My Secret Pets! ,FAMILY,4.0,785,31M,"50,000+",Free,0,Teen,Entertainment,"June 3, 2015",1.3.1,3.0 and up,Canada
Golden Dictionary (FR-AR),BOOKS_AND_REFERENCE,4.2,5775,4.9M,"500,000+",Free,0,Everyone,Books & Reference,"July 19, 2018",7.0.4.6,4.2 and up,UNITED KINGDOM
FieldBi FR Offline,BUSINESS,,2,6.8M,100+,Free,0,Everyone,Business,"August 6, 2018",2.1.8,4.1 and up,United States
FieldBi FR Offline,BUSINESS,,2,6.8M,100+,Free,0,Everyone,Business,"August 6, 2018",2.1.8,4.1 and up,CANADA
Fanfic-FR,BOOKS_AND_REFERENCE,3.3,52,3.6M,"5,000+",Free,0,Teen,Books & Reference,"August 5, 2017",0.3.4,4.1 and up,UNITED KINGDOM
Fr. Daoud Lamei,FAMILY,5.0,22,8.6M,"1,000+",Free,0,Teen,Education,"June 27, 2018",3.8.0,4.1 and up,Canada
Poop FR,FAMILY,,6,2.5M,50+,Free,0,Everyone,Entertainment,"May 29, 2018",1.0,4.0.3 and up,Canada
PLMGSS FR,PRODUCTIVITY,,0,3.1M,10+,Free,0,Everyone,Productivity,"December 1, 2017",1,4.4 and up,United States
Fr Agnel Ambarnath,FAMILY,4.2,117,13M,"5,000+",Free,0,Everyone,Education,"June 13, 2018",2.0.20,4.0.3 and up,Canada
Manga-FR - Anime Vostfr,COMICS,3.4,291,13M,"10,000+",Free,0,Everyone,Comics,"May 15, 2017",2.0.1,4.0 and up,AUSTRALIA
Bulgarian French Dictionary Fr,BOOKS_AND_REFERENCE,4.6,603,7.4M,"10,000+",Free,0,Everyone,Books & Reference,"June 19, 2016",2.96,4.1 and up,UNITED KINGDOM
Chemin (fr),BOOKS_AND_REFERENCE,4.8,44,619k,"1,000+",Free,0,Everyone,Books & Reference,"March 23, 2014",0.8,2.2 and up,UNITED KINGDOM
FR Calculator,FAMILY,4.0,7,2.6M,500+,Free,0,Everyone,Education,"June 18, 2017",1.0.0,4.1 and up,Canada
FR Forms,BUSINESS,,0,9.6M,10+,Free,0,Everyone,Business,"September 29, 2016",1.1.5,4.0 and up,United States
FR Forms,BUSINESS,,0,9.6M,10+,Free,0,Everyone,Business,"September 29, 2016",1.1.5,4.0 and up,CANADA
Sya9a Maroc - FR,FAMILY,4.5,38,53M,"5,000+",Free,0,Everyone,Education,"July 25, 2017",1.48,4.1 and up,Canada
Fr. Mike Schmitz Audio Teachings,FAMILY,5.0,4,3.6M,100+,Free,0,Everyone,Education,"July 6, 2018",1.0,4.1 and up,Canada
The SCP Foundation DB fr nn5n,BOOKS_AND_REFERENCE,4.5,114,Varies with device,"1,000+",Free,0,Mature 17+,Books & Reference,"January 19, 2015",Varies with device,Varies with device,UNITED KINGDOM
iHoroscope - 2018 Daily Horoscope & Astrology,LIFESTYLE,4.5,398307,19M,"10,000,000+",Free,0,Everyone,Lifestyle,"July 25, 2018",Varies with device,Varies with device,United States
